"challenge_name","company_name","ticker","exchange","yahoo_symbol","quote_url","quote_currency","sector","industry","market_cap","market_cap_currency","market_cap_source_date","market_cap_date_basis","market_cap_precision","data_retrieved_date","challenge_sector","listing_match_status","notes","alternative_yahoo_symbols","listing_source_url","classification_source_url","market_cap_source_url","supplemental_source_url"
"3M Company","3M Company","MMM","NYSE","MMM","https://finance.yahoo.com/quote/MMM/","USD","Industrials","Conglomerates",83882254336,"USD","2026-09-16","quote date shown by market-cap source","provider raw value","2026-09-16","Industrie","company matched to selected lookup listing","","","https://finance.yahoo.com/quote/MMM/","https://finance.yahoo.com/quote/MMM/","https://finance.yahoo.com/quote/MMM/",""
"A.P.MOLLER-MAERSK A/S","A.P. Møller - Mærsk A/S","MAERSK B","Nasdaq Copenhagen","MAERSK-B.CO","https://finance.yahoo.com/quote/MAERSK-B.CO/","DKK","Industrials","Marine Shipping",323612246016,"DKK","2026-09-16","quote date shown by market-cap source","provider raw value","2026-09-16","Industrie","share class not confirmed","B shares selected; challenge share class not confirmed.","","https://finance.yahoo.com/quote/MAERSK-B.CO/","https://finance.yahoo.com/quote/MAERSK-B.CO/","https://finance.yahoo.com/quote/MAERSK-B.CO/",""
"AALBERTS N.V.","Aalberts N.V.","AALB","Euronext Amsterdam","AALB.AS","https://finance.yahoo.com/quote/AALB.AS/","EUR","Industrials","Specialty Industrial Machinery",4305856000,"EUR","2026-09-16","quote date shown by market-cap source","provider raw value","2026-09-16","Industrie","company matched to selected lookup listing","","","https://finance.yahoo.com/quote/AALB.AS/","https://query2.finance.yahoo.com/v1/finance/search?q=AALBERTS+N.V.&quotesCount=8&newsCount=0","https://finance.yahoo.com/quote/AALB.AS/",""
"AB INBEV","Anheuser-Busch InBev SA/NV","ABI","Euronext Brussels","ABI.BR","https://finance.yahoo.com/quote/ABI.BR/","EUR","Consumer Defensive","Beverages - Brewers",135948656640,"EUR","2026-09-16","quote date shown by market-cap source","provider raw value","2026-09-16","Biens de consommation courants","company matched to selected lookup listing","","","https://finance.yahoo.com/quote/ABI.BR/","https://finance.yahoo.com/quote/ABI.BR/","https://finance.yahoo.com/quote/ABI.BR/",""
"ABB LTD.","ABB Ltd","ABBN","SIX Swiss Exchange","ABBN.SW","https://finance.yahoo.com/quote/ABBN.SW/","CHF","Industrials","Electrical Equipment & Parts",141749518336,"CHF","2026-09-16","quote date shown by market-cap source","provider raw value","2026-09-16","Industrie","company matched to selected lookup listing","","","https://finance.yahoo.com/quote/ABBN.SW/","https://finance.yahoo.com/quote/ABBN.SW/","https://finance.yahoo.com/quote/ABBN.SW/",""
"Abbott Laboratories","Abbott Laboratories","ABT","NYSE","ABT","https://finance.yahoo.com/quote/ABT/","USD","Healthcare","Medical Devices",177122033664,"USD","2026-09-16","quote date shown by market-cap source","provider raw value","2026-09-16","Soins de santé","company matched to selected lookup listing","","","https://finance.yahoo.com/quote/ABT/","https://finance.yahoo.com/quote/ABT/","https://finance.yahoo.com/quote/ABT/",""
"ABBVIE","AbbVie Inc.","ABBV","NYSE","ABBV","https://finance.yahoo.com/quote/ABBV/","USD","Healthcare","Drug Manufacturers - General",463885991936,"USD","2026-09-16","quote date shown by market-cap source","provider raw value","2026-09-16","Soins de santé","company matched to selected lookup listing","","","https://finance.yahoo.com/quote/ABBV/","https://finance.yahoo.com/quote/ABBV/","https://finance.yahoo.com/quote/ABBV/",""
"ABN AMRO BANK N.V.","ABN AMRO Bank N.V.","ABN","Euronext Amsterdam","ABN.AS","https://finance.yahoo.com/quote/ABN.AS/","EUR","Financial Services","Banks—Diversified",35343761408,"EUR","2026-09-16","quote date shown by market-cap source","provider raw value","2026-09-16","Finance","company matched to selected lookup listing","","","https://finance.yahoo.com/quote/ABN.AS/","https://query2.finance.yahoo.com/v1/finance/search?q=ABN+AMRO+BANK+N.V.&quotesCount=8&newsCount=0","https://finance.yahoo.com/quote/ABN.AS/",""
"Accenture PLC","Accenture plc","ACN","NYSE","ACN","https://finance.yahoo.com/quote/ACN/","USD","Technology","Information Technology Services",116048699392,"USD","2026-09-16","quote date shown by market-cap source","provider raw value","2026-09-16","IT","company matched to selected lookup listing","","","https://finance.yahoo.com/quote/ACN/","https://finance.yahoo.com/quote/ACN/","https://finance.yahoo.com/quote/ACN/",""
"ACCOR","Accor SA","AC","Euronext Paris","AC.PA","https://finance.yahoo.com/quote/AC.PA/","EUR","Consumer Cyclical","Lodging",10460667904,"EUR","2026-09-16","quote date shown by market-cap source","provider raw value","2026-09-16","Consommation discrétionnaire","company matched to selected lookup listing","","","https://finance.yahoo.com/quote/AC.PA/","https://finance.yahoo.com/quote/AC.PA/","https://finance.yahoo.com/quote/AC.PA/",""
"ACCSYS TECHNOLOGIES PLC","Accsys Technologies PLC","AXS","Euronext Amsterdam","AXS.AS","https://stockanalysis.com/quote/ams/AXS/","EUR","Basic Materials","Lumber & Wood Production",193020000,"EUR","2026-09-16","retrieval date of daily exchange list","rounded source display","2026-09-16","Matériaux","company matched to selected lookup listing","","","https://query2.finance.yahoo.com/v8/finance/chart/AXS.AS?interval=1d&range=1d","https://query2.finance.yahoo.com/v1/finance/search?q=ACCSYS+TECHNOLOGIES+PLC&quotesCount=8&newsCount=0","https://stockanalysis.com/list/euronext-amsterdam/",""
"ACKERMANS V.HAAREN","Ackermans & Van Haaren NV","ACKB","Euronext Brussels","ACKB.BR","https://finance.yahoo.com/quote/ACKB.BR/","EUR","Industrials","Engineering & Construction",8923883520,"EUR","2026-09-16","quote date shown by market-cap source","provider raw value","2026-09-16","Finance","company matched to selected lookup listing","","","https://finance.yahoo.com/quote/ACKB.BR/","https://finance.yahoo.com/quote/ACKB.BR/","https://finance.yahoo.com/quote/ACKB.BR/",""
"ACOMO N.V.","Acomo N.V.","ACOMO","Euronext Amsterdam","ACOMO.AS","https://finance.yahoo.com/quote/ACOMO.AS/","EUR","Consumer Defensive","Food Distribution",692085632,"EUR","2026-09-16","quote date shown by market-cap source","provider raw value","2026-09-16","Biens de consommation courants","company matched to selected lookup listing","","","https://finance.yahoo.com/quote/ACOMO.AS/","https://query2.finance.yahoo.com/v1/finance/search?q=ACOMO+N.V.&quotesCount=8&newsCount=0","https://finance.yahoo.com/quote/ACOMO.AS/",""
"ADECCO GROUP AG","Adecco Group AG","ADEN","SIX Swiss Exchange","ADEN.SW","https://finance.yahoo.com/quote/ADEN.SW/","CHF","Industrials","Staffing & Employment Services",4107730432,"CHF","2026-09-16","quote date shown by market-cap source","provider raw value","2026-09-16","Industrie","company matched to selected lookup listing","","","https://finance.yahoo.com/quote/ADEN.SW/","https://query2.finance.yahoo.com/v1/finance/search?q=ADECCO+GROUP+AG&quotesCount=8&newsCount=0","https://finance.yahoo.com/quote/ADEN.SW/",""
"ADIDAS AG","adidas AG","ADS","Xetra","ADS.DE","https://finance.yahoo.com/quote/ADS.DE/","EUR","Consumer Cyclical","Footwear & Accessories",25322844160,"EUR","2026-09-16","quote date shown by market-cap source","provider raw value","2026-09-16","Consommation discrétionnaire","company matched to selected lookup listing","","","https://finance.yahoo.com/quote/ADS.DE/","https://finance.yahoo.com/quote/ADS.DE/","https://finance.yahoo.com/quote/ADS.DE/",""
"Adobe","Adobe Inc.","ADBE","Nasdaq Global Select Market","ADBE","https://finance.yahoo.com/quote/ADBE/","USD","Technology","Software - Application",99573751808,"USD","2026-09-16","quote date shown by market-cap source","provider raw value","2026-09-16","IT","company matched to selected lookup listing","","","https://finance.yahoo.com/quote/ADBE/","https://finance.yahoo.com/quote/ADBE/","https://finance.yahoo.com/quote/ADBE/",""
"Advanced Micro Devices","Advanced Micro Devices, Inc.","AMD","Nasdaq Global Select Market","AMD","https://finance.yahoo.com/quote/AMD/","USD","Technology","Semiconductors",836643454976,"USD","2026-09-16","quote date shown by market-cap source","provider raw value","2026-09-16","IT","company matched to selected lookup listing","","","https://finance.yahoo.com/quote/AMD/","https://finance.yahoo.com/quote/AMD/","https://finance.yahoo.com/quote/AMD/",""
"ADYEN","Adyen N.V.","ADYEN","Euronext Amsterdam","ADYEN.AS","https://finance.yahoo.com/quote/ADYEN.AS/","EUR","Technology","Software - Infrastructure",28874039296,"EUR","2026-09-16","quote date shown by market-cap source","provider raw value","2026-09-16","IT","company matched to selected lookup listing","","","https://finance.yahoo.com/quote/ADYEN.AS/","https://finance.yahoo.com/quote/ADYEN.AS/","https://finance.yahoo.com/quote/ADYEN.AS/",""
"AEDIFICA","Aedifica NV/SA","AED","Euronext Brussels","AED.BR","https://finance.yahoo.com/quote/AED.BR/","EUR","Real Estate","REIT—Healthcare Facilities",5513172992,"EUR","2026-09-16","quote date shown by market-cap source","provider raw value","2026-09-16","Immobilier","company matched to selected lookup listing","","","https://finance.yahoo.com/quote/AED.BR/","https://query2.finance.yahoo.com/v1/finance/search?q=AEDIFICA&quotesCount=8&newsCount=0","https://finance.yahoo.com/quote/AED.BR/",""
"AEGON","Aegon Ltd.","AGN","Euronext Amsterdam","AGN.AS","https://finance.yahoo.com/quote/AGN.AS/","EUR","Financial Services","Insurance - Diversified",11660000000,"EUR","2026-09-16","retrieval date of daily exchange list","rounded source display","2026-09-16","Finance","company matched to selected lookup listing","","","https://finance.yahoo.com/quote/AGN.AS/","https://finance.yahoo.com/quote/AGN.AS/","https://stockanalysis.com/list/euronext-amsterdam/",""
"Affiliated Managers Group","Affiliated Managers Group, Inc.","AMG","NYSE","AMG","https://finance.yahoo.com/quote/AMG/","USD","Financial Services","Asset Management",8865302528,"USD","2026-09-16","quote date shown by market-cap source","provider raw value","2026-09-16","Finance","company matched to selected lookup listing","","","https://finance.yahoo.com/quote/AMG/","https://query2.finance.yahoo.com/v1/finance/search?q=Affiliated+Managers+Group&quotesCount=8&newsCount=0","https://finance.yahoo.com/quote/AMG/",""
"AGEAS","ageas SA/NV","AGS","Euronext Brussels","AGS.BR","https://stockanalysis.com/quote/ebr/AGS/","EUR","Financial Services","Insurance—Diversified",15800000000,"EUR","2026-09-16","retrieval date of daily exchange list","rounded source display","2026-09-16","Finance","company matched to selected lookup listing","","","https://query2.finance.yahoo.com/v8/finance/chart/AGS.BR?interval=1d&range=1d","https://query2.finance.yahoo.com/v1/finance/search?q=AGEAS&quotesCount=8&newsCount=0","https://stockanalysis.com/list/euronext-brussels/",""
"AGFA-GEVAERT","Agfa-Gevaert NV","AGFB","Euronext Brussels","AGFB.BR","https://finance.yahoo.com/quote/AGFB.BR/","EUR","Industrials","Specialty Industrial Machinery",59760724,"EUR","2026-09-16","quote date shown by market-cap source","provider raw value","2026-09-16","Industrie","company matched to selected lookup listing","","","https://finance.yahoo.com/quote/AGFB.BR/","https://finance.yahoo.com/quote/AGFB.BR/","https://finance.yahoo.com/quote/AGFB.BR/",""
"Agnico Eagle Mines Ltd","Agnico Eagle Mines Limited","AEM","NYSE","AEM","https://finance.yahoo.com/quote/AEM/","USD","Basic Materials","Gold",99029778432,"USD","2026-09-16","quote date shown by market-cap source","provider raw value","2026-09-16","Matériaux","company matched to selected lookup listing","","","https://finance.yahoo.com/quote/AEM/","https://finance.yahoo.com/quote/AEM/","https://finance.yahoo.com/quote/AEM/",""
"AIR FRANCE -KLM","Air France-KLM SA","AF","Euronext Paris","AF.PA","https://finance.yahoo.com/quote/AF.PA/","EUR","Industrials","Airlines",2997064960,"EUR","2026-09-16","quote date shown by market-cap source","provider raw value","2026-09-16","Autres","company matched to selected lookup listing","","","https://finance.yahoo.com/quote/AF.PA/","https://query2.finance.yahoo.com/v1/finance/search?q=AIR+FRANCE+-KLM&quotesCount=8&newsCount=0","https://finance.yahoo.com/quote/AF.PA/",""
"AIR LIQUIDE","L'Air Liquide S.A.","AI","Euronext Paris","AI.PA","https://finance.yahoo.com/quote/AI.PA/","EUR","Basic Materials","Specialty Chemicals",106203242496,"EUR","2026-09-16","quote date shown by market-cap source","provider raw value","2026-09-16","Matériaux","company matched to selected lookup listing","","","https://finance.yahoo.com/quote/AI.PA/","https://finance.yahoo.com/quote/AI.PA/","https://finance.yahoo.com/quote/AI.PA/",""
"Air Products & Chemicals","Air Products and Chemicals, Inc.","APD","NYSE","APD","https://finance.yahoo.com/quote/APD/","USD","Basic Materials","Specialty Chemicals",63928561664,"USD","2026-09-16","quote date shown by market-cap source","provider raw value","2026-09-16","Matériaux","company matched to selected lookup listing","","","https://finance.yahoo.com/quote/APD/","https://query2.finance.yahoo.com/v1/finance/search?q=APD&quotesCount=3&newsCount=0","https://finance.yahoo.com/quote/APD/",""
"Airbnb","Airbnb, Inc.","ABNB","Nasdaq Global Select Market","ABNB","https://finance.yahoo.com/quote/ABNB/","USD","Consumer Cyclical","Travel Services",100302585856,"USD","2026-09-16","quote date shown by market-cap source","provider raw value","2026-09-16","Consommation discrétionnaire","company matched to selected lookup listing","","","https://finance.yahoo.com/quote/ABNB/","https://finance.yahoo.com/quote/ABNB/","https://finance.yahoo.com/quote/ABNB/",""
"AIRBUS SE","Airbus SE","AIR","Euronext Paris","AIR.PA","https://finance.yahoo.com/quote/AIR.PA/","EUR","Industrials","Aerospace & Defense",155351793664,"EUR","2026-09-16","quote date shown by market-cap source","provider raw value","2026-09-16","Industrie","company matched to selected lookup listing","","","https://finance.yahoo.com/quote/AIR.PA/","https://finance.yahoo.com/quote/AIR.PA/","https://finance.yahoo.com/quote/AIR.PA/",""
"AIRTEL AFRICA PLC","Airtel Africa Plc","AAF","London Stock Exchange","AAF.L","https://finance.yahoo.com/quote/AAF.L/","GBp","Communication Services","Telecom Services",12565797888,"GBP","2026-09-16","quote date shown by market-cap source","provider raw value","2026-09-16","Services publics","company matched to selected lookup listing","Quote currency is pence; market capitalization is in pounds (GBP).","","https://finance.yahoo.com/quote/AAF.L/","https://finance.yahoo.com/quote/AAF.L/","https://finance.yahoo.com/quote/AAF.L/",""
"AJAX","AFC Ajax NV","AJAX","Euronext Amsterdam","AJAX.AS","https://finance.yahoo.com/quote/AJAX.AS/","EUR","Communication Services","Entertainment",155833328,"EUR","2026-09-16","quote date shown by market-cap source","provider raw value","2026-09-16","Autres","company matched to selected lookup listing","","","https://finance.yahoo.com/quote/AJAX.AS/","https://query2.finance.yahoo.com/v1/finance/search?q=AJAX&quotesCount=8&newsCount=0","https://finance.yahoo.com/quote/AJAX.AS/",""
"AKZO NOBEL","Akzo Nobel N.V.","AKZA","Euronext Amsterdam","AKZA.AS","https://finance.yahoo.com/quote/AKZA.AS/","EUR","Basic Materials","Specialty Chemicals",9862355968,"EUR","2026-09-16","quote date shown by market-cap source","provider raw value","2026-09-16","Matériaux","company matched to selected lookup listing","","","https://finance.yahoo.com/quote/AKZA.AS/","https://finance.yahoo.com/quote/AKZA.AS/","https://finance.yahoo.com/quote/AKZA.AS/",""
"Albemarle Corp","Albemarle Corporation","ALB","NYSE","ALB","https://finance.yahoo.com/quote/ALB/","USD","Basic Materials","Specialty Chemicals",12918013952,"USD","2026-09-16","quote date shown by market-cap source","provider raw value","2026-09-16","Matériaux","company matched to selected lookup listing","","","https://finance.yahoo.com/quote/ALB/","https://finance.yahoo.com/quote/ALB/","https://finance.yahoo.com/quote/ALB/",""
"Alcon","Alcon Inc.","ALC","SIX Swiss Exchange","ALC.SW","https://finance.yahoo.com/quote/ALC.SW/","CHF","Healthcare","Medical Instruments & Supplies",26635339776,"CHF","2026-09-16","quote date shown by market-cap source","provider raw value","2026-09-16","Soins de santé","company matched to selected lookup listing","Swiss-listed ordinary shares selected.","","https://finance.yahoo.com/quote/ALC.SW/","https://query2.finance.yahoo.com/v1/finance/search?q=Alcon&quotesCount=8&newsCount=0","https://finance.yahoo.com/quote/ALC.SW/",""
"ALFEN","Alfen N.V.","ALFEN","Euronext Amsterdam","ALFEN.AS","https://finance.yahoo.com/quote/ALFEN.AS/","EUR","Industrials","Electrical Equipment & Parts",241191264,"EUR","2026-09-16","quote date shown by market-cap source","provider raw value","2026-09-16","Industrie","company matched to selected lookup listing","","","https://finance.yahoo.com/quote/ALFEN.AS/","https://finance.yahoo.com/quote/ALFEN.AS/","https://finance.yahoo.com/quote/ALFEN.AS/",""
"Allegion Public Limited","Allegion plc","ALLE","NYSE","ALLE","https://finance.yahoo.com/quote/ALLE/","USD","Industrials","Security & Protection Services",12994470912,"USD","2026-09-16","quote date shown by market-cap source","provider raw value","2026-09-16","IT","company matched to selected lookup listing","","","https://finance.yahoo.com/quote/ALLE/","https://query2.finance.yahoo.com/v1/finance/search?q=ALLE&quotesCount=3&newsCount=0","https://finance.yahoo.com/quote/ALLE/",""
"ALLFUNDS GROUP PLC","Allfunds Group plc","ALLFG","Euronext Amsterdam","ALLFG.AS","https://finance.yahoo.com/quote/ALLFG.AS/","EUR","Financial Services","Asset Management",5406991872,"EUR","2026-09-16","quote date shown by market-cap source","provider raw value","2026-09-16","Finance","company matched to selected lookup listing","","","https://finance.yahoo.com/quote/ALLFG.AS/","https://query2.finance.yahoo.com/v1/finance/search?q=ALLFUNDS+GROUP+PLC&quotesCount=8&newsCount=0","https://finance.yahoo.com/quote/ALLFG.AS/",""
"ALLIANZ SE","Allianz SE","ALV","Xetra","ALV.DE","https://finance.yahoo.com/quote/ALV.DE/","EUR","Financial Services","Insurance - Diversified",168140000000,"EUR","2026-09-16","quote date shown by market-cap source","rounded source display","2026-09-16","Finance","company matched to selected lookup listing","","","https://finance.yahoo.com/quote/ALV.DE/","https://finance.yahoo.com/quote/ALV.DE/","https://stockanalysis.com/quote/etr/ALV/",""
"ALPES (COMPAGNIE)","Compagnie des Alpes SA","CDA","Euronext Paris","CDA.PA","https://stockanalysis.com/quote/epa/CDA/","EUR","Consumer Cyclical","Leisure",942790000,"EUR","2026-09-16","quote date shown by market-cap source","rounded source display","2026-09-16","Consommation discrétionnaire","company matched to selected lookup listing","","","https://query2.finance.yahoo.com/v8/finance/chart/CDA.PA?interval=1d&range=1d","https://query2.finance.yahoo.com/v1/finance/search?q=ALPES+%28COMPAGNIE%29&quotesCount=8&newsCount=0","https://stockanalysis.com/quote/epa/CDA/",""
"Alphabet","Alphabet Inc.","GOOG","Nasdaq Global Select Market","GOOG","https://finance.yahoo.com/quote/GOOG/","USD","Communication Services","Internet Content & Information",4150350577664,"USD","2026-09-16","quote date shown by market-cap source","provider raw value","2026-09-16","IT","share class not confirmed","Class C shares (GOOG) selected; Class A GOOGL also exists. Challenge share class not confirmed.","GOOGL","https://finance.yahoo.com/quote/GOOG/","https://finance.yahoo.com/quote/GOOG/","https://finance.yahoo.com/quote/GOOG/",""
"Altria Group","Altria Group, Inc.","MO","NYSE","MO","https://finance.yahoo.com/quote/MO/","USD","Consumer Defensive","Tobacco",117049040896,"USD","2026-09-16","quote date shown by market-cap source","provider raw value","2026-09-16","Biens de consommation courants","company matched to selected lookup listing","","","https://finance.yahoo.com/quote/MO/","https://finance.yahoo.com/quote/MO/","https://finance.yahoo.com/quote/MO/",""
"ALUMEXX N.V.","Alumexx N.V.","ALX","Euronext Amsterdam","ALX.AS","https://stockanalysis.com/quote/ams/ALX/","EUR","Consumer Cyclical","Internet Retail",20240000,"EUR","2026-09-16","retrieval date of daily exchange list","rounded source display","2026-09-16","Autres","company matched to selected lookup listing","","","https://query2.finance.yahoo.com/v8/finance/chart/ALX.AS?interval=1d&range=1d","https://query2.finance.yahoo.com/v1/finance/search?q=ALUMEXX+N.V.&quotesCount=8&newsCount=0","https://stockanalysis.com/list/euronext-amsterdam/",""
"Amazon.com","Amazon.com, Inc.","AMZN","Nasdaq Global Select Market","AMZN","https://finance.yahoo.com/quote/AMZN/","USD","Consumer Cyclical","Internet Retail",2653001613312,"USD","2026-09-16","quote date shown by market-cap source","provider raw value","2026-09-16","Consommation discrétionnaire","company matched to selected lookup listing","","","https://finance.yahoo.com/quote/AMZN/","https://finance.yahoo.com/quote/AMZN/","https://finance.yahoo.com/quote/AMZN/",""
"American Electric Power Company","American Electric Power Company, Inc.","AEP","Nasdaq Global Select Market","AEP","https://finance.yahoo.com/quote/AEP/","USD","Utilities","Utilities - Regulated Electric",65703321600,"USD","2026-09-16","quote date shown by market-cap source","provider raw value","2026-09-16","Services publics","company matched to selected lookup listing","","","https://finance.yahoo.com/quote/AEP/","https://finance.yahoo.com/quote/AEP/","https://finance.yahoo.com/quote/AEP/",""
"American Financial Group","American Financial Group, Inc.","AFG","NYSE","AFG","https://finance.yahoo.com/quote/AFG/","USD","Financial Services","Insurance - Property & Casualty",11940000000,"USD","2026-09-16","quote date shown by market-cap source","rounded source display","2026-09-16","Finance","company matched to selected lookup listing","","","https://finance.yahoo.com/quote/AFG/","https://finance.yahoo.com/quote/AFG/","https://stockanalysis.com/stocks/afg/",""
"American Tower Corp","American Tower Corporation","AMT","NYSE","AMT","https://finance.yahoo.com/quote/AMT/","USD","Real Estate","REIT - Specialty",82190696448,"USD","2026-09-16","quote date shown by market-cap source","provider raw value","2026-09-16","Immobilier","company matched to selected lookup listing","","","https://finance.yahoo.com/quote/AMT/","https://finance.yahoo.com/quote/AMT/","https://finance.yahoo.com/quote/AMT/",""
"AMG Critical Materials N.V.","AMG Critical Materials N.V.","AMG","Euronext Amsterdam","AMG.AS","https://finance.yahoo.com/quote/AMG.AS/","EUR","Basic Materials","Other Industrial Metals & Mining",1038402432,"EUR","2026-09-16","quote date shown by market-cap source","provider raw value","2026-09-16","Matériaux","company matched to selected lookup listing","","","https://finance.yahoo.com/quote/AMG.AS/","https://query2.finance.yahoo.com/v1/finance/search?q=AMG+Critical+Materials+N.V.&quotesCount=8&newsCount=0","https://finance.yahoo.com/quote/AMG.AS/",""
"Amgen","Amgen Inc.","AMGN","Nasdaq Global Select Market","AMGN","https://finance.yahoo.com/quote/AMGN/","USD","Healthcare","Drug Manufacturers - General",203466850304,"USD","2026-09-16","quote date shown by market-cap source","provider raw value","2026-09-16","Soins de santé","company matched to selected lookup listing","","","https://finance.yahoo.com/quote/AMGN/","https://finance.yahoo.com/quote/AMGN/","https://finance.yahoo.com/quote/AMGN/",""
"Amphenol Corp","Amphenol Corporation","APH","NYSE","APH","https://finance.yahoo.com/quote/APH/","USD","Technology","Electronic Components",190520606720,"USD","2026-09-16","quote date shown by market-cap source","provider raw value","2026-09-16","Industrie","company matched to selected lookup listing","","","https://finance.yahoo.com/quote/APH/","https://finance.yahoo.com/quote/APH/","https://finance.yahoo.com/quote/APH/",""
"Analog Devices","Analog Devices, Inc.","ADI","Nasdaq Global Select Market","ADI","https://finance.yahoo.com/quote/ADI/","USD","Technology","Semiconductors",175432089600,"USD","2026-09-16","quote date shown by market-cap source","provider raw value","2026-09-16","IT","company matched to selected lookup listing","","","https://finance.yahoo.com/quote/ADI/","https://finance.yahoo.com/quote/ADI/","https://finance.yahoo.com/quote/ADI/",""
"AO Smith Corp","A. O. Smith Corporation","AOS","NYSE","AOS","https://finance.yahoo.com/quote/AOS/","USD","Industrials","Specialty Industrial Machinery",7731838976,"USD","2026-09-16","quote date shown by market-cap source","provider raw value","2026-09-16","Matériaux","company matched to selected lookup listing","","","https://finance.yahoo.com/quote/AOS/","https://query2.finance.yahoo.com/v1/finance/search?q=AOS&quotesCount=3&newsCount=0","https://finance.yahoo.com/quote/AOS/",""
"Aon plc","Aon plc","AON","NYSE","AON","https://finance.yahoo.com/quote/AON/","USD","Financial Services","Insurance Brokers",63758544896,"USD","2026-09-16","quote date shown by market-cap source","provider raw value","2026-09-16","Finance","company matched to selected lookup listing","","","https://finance.yahoo.com/quote/AON/","https://finance.yahoo.com/quote/AON/","https://finance.yahoo.com/quote/AON/",""
"APERAM","Aperam S.A.","APAM","Euronext Amsterdam","APAM.AS","https://finance.yahoo.com/quote/APAM.AS/","EUR","Basic Materials","Steel",3350000000,"EUR","2026-09-16","retrieval date of daily exchange list","rounded source display","2026-09-16","Matériaux","company matched to selected lookup listing","","","https://finance.yahoo.com/quote/APAM.AS/","https://finance.yahoo.com/quote/APAM.AS/","https://stockanalysis.com/list/euronext-amsterdam/",""
"Apple","Apple Inc.","AAPL","Nasdaq Global Select Market","AAPL","https://finance.yahoo.com/quote/AAPL/","USD","Technology","Consumer Electronics",4851251544064,"USD","2026-09-16","quote date shown by market-cap source","provider raw value","2026-09-16","IT","company matched to selected lookup listing","","","https://finance.yahoo.com/quote/AAPL/","https://finance.yahoo.com/quote/AAPL/","https://finance.yahoo.com/quote/AAPL/",""
"Applied Materials","Applied Materials, Inc.","AMAT","Nasdaq Global Select Market","AMAT","https://finance.yahoo.com/quote/AMAT/","USD","Technology","Semiconductor Equipment & Materials",329644507136,"USD","2026-09-16","quote date shown by market-cap source","provider raw value","2026-09-16","IT","company matched to selected lookup listing","","","https://finance.yahoo.com/quote/AMAT/","https://finance.yahoo.com/quote/AMAT/","https://finance.yahoo.com/quote/AMAT/",""
"Applovin Corp","AppLovin Corporation","APP","Nasdaq Global Select Market","APP","https://finance.yahoo.com/quote/APP/","USD","Communication Services","Advertising Agencies",109704404992,"USD","2026-09-16","quote date shown by market-cap source","provider raw value","2026-09-16","Autres","company matched to selected lookup listing","","","https://finance.yahoo.com/quote/APP/","https://finance.yahoo.com/quote/APP/","https://finance.yahoo.com/quote/APP/",""
"ARCADIS","Arcadis NV","ARCAD","Euronext Amsterdam","ARCAD.AS","https://finance.yahoo.com/quote/ARCAD.AS/","EUR","Industrials","Engineering & Construction",3624671744,"EUR","2026-09-16","quote date shown by market-cap source","provider raw value","2026-09-16","Industrie","company matched to selected lookup listing","","","https://finance.yahoo.com/quote/ARCAD.AS/","https://query2.finance.yahoo.com/v1/finance/search?q=ARCADIS&quotesCount=8&newsCount=0","https://finance.yahoo.com/quote/ARCAD.AS/",""
"ARCELORMITTAL SA","ArcelorMittal S.A.","MT","Euronext Amsterdam","MT.AS","https://finance.yahoo.com/quote/MT.AS/","EUR","Basic Materials","Steel",48667918336,"EUR","2026-09-16","quote date shown by market-cap source","provider raw value","2026-09-16","Matériaux","company matched to selected lookup listing","","","https://finance.yahoo.com/quote/MT.AS/","https://finance.yahoo.com/quote/MT.AS/","https://finance.yahoo.com/quote/MT.AS/",""
"ARGENX SE","argenx SE","ARGX","Euronext Brussels","ARGX.BR","https://stockanalysis.com/quote/ebr/ARGX/","EUR","Healthcare","Biotechnology",53710000000,"EUR","2026-09-16","retrieval date of daily exchange list","rounded source display","2026-09-16","Soins de santé","company matched to selected lookup listing","","","https://query2.finance.yahoo.com/v8/finance/chart/ARGX.BR?interval=1d&range=1d","https://query2.finance.yahoo.com/v1/finance/search?q=ARGENX+SE&quotesCount=8&newsCount=0","https://stockanalysis.com/list/euronext-brussels/",""
"ARKEMA","Arkema S.A.","AKE","Euronext Paris","AKE.PA","https://finance.yahoo.com/quote/AKE.PA/","EUR","Basic Materials","Specialty Chemicals",4215031040,"EUR","2026-09-15","quote date shown by market-cap source","provider raw value","2026-09-16","Matériaux","company matched to selected lookup listing","","","https://finance.yahoo.com/quote/AKE.PA/","https://finance.yahoo.com/quote/AKE.PA/","https://finance.yahoo.com/quote/AKE.PA/",""
"Arm Holdings plc","Arm Holdings plc","ARM","Nasdaq Global Select Market","ARM","https://finance.yahoo.com/quote/ARM/","USD","Technology","Semiconductors",260570284032,"USD","2026-09-16","quote date shown by market-cap source","provider raw value","2026-09-16","Autres","company matched to selected lookup listing","US-listed American depositary shares selected.","","https://finance.yahoo.com/quote/ARM/","https://finance.yahoo.com/quote/ARM/","https://finance.yahoo.com/quote/ARM/",""
"ASCENCIO","Ascencio SA","ASCE","Euronext Brussels","ASCE.BR","https://finance.yahoo.com/quote/ASCE.BR/","EUR","Real Estate","REIT - Retail",363318080,"EUR","2026-09-16","quote date shown by market-cap source","provider raw value","2026-09-16","Immobilier","company matched to selected lookup listing","","","https://finance.yahoo.com/quote/ASCE.BR/","https://finance.yahoo.com/quote/ASCE.BR/","https://finance.yahoo.com/quote/ASCE.BR/",""
"ASM International N.V.","ASM International NV","ASM","Euronext Amsterdam","ASM.AS","https://finance.yahoo.com/quote/ASM.AS/","EUR","Technology","Semiconductor Equipment & Materials",37690073088,"EUR","2026-09-16","quote date shown by market-cap source","provider raw value","2026-09-16","IT","company matched to selected lookup listing","","","https://finance.yahoo.com/quote/ASM.AS/","https://finance.yahoo.com/quote/ASM.AS/","https://finance.yahoo.com/quote/ASM.AS/",""
"ASML HOLDING","ASML Holding N.V.","ASML","Euronext Amsterdam","ASML.AS","https://finance.yahoo.com/quote/ASML.AS/","EUR","Technology","Semiconductor Equipment & Materials",536280399872,"EUR","2026-09-16","quote date shown by market-cap source","provider raw value","2026-09-16","IT","company matched to selected lookup listing","","","https://finance.yahoo.com/quote/ASML.AS/","https://finance.yahoo.com/quote/ASML.AS/","https://finance.yahoo.com/quote/ASML.AS/",""
"ASR NEDERLAND","ASR Nederland N.V.","ASRNL","Euronext Amsterdam","ASRNL.AS","https://finance.yahoo.com/quote/ASRNL.AS/","EUR","Financial Services","Insurance—Diversified",15007380480,"EUR","2026-09-16","quote date shown by market-cap source","provider raw value","2026-09-16","Finance","company matched to selected lookup listing","","","https://finance.yahoo.com/quote/ASRNL.AS/","https://query2.finance.yahoo.com/v1/finance/search?q=ASR+NEDERLAND&quotesCount=8&newsCount=0","https://finance.yahoo.com/quote/ASRNL.AS/",""
"AstraZeneca Plc","AstraZeneca PLC","AZN","London Stock Exchange","AZN.L","https://finance.yahoo.com/quote/AZN.L/","GBp","Healthcare","Drug Manufacturers - General",188216721408,"GBP","2026-09-16","quote date shown by market-cap source","provider raw value","2026-09-16","Soins de santé","company matched to selected lookup listing","Quote currency is pence; market capitalization is in pounds (GBP).","","https://finance.yahoo.com/quote/AZN.L/","https://finance.yahoo.com/quote/AZN.L/","https://finance.yahoo.com/quote/AZN.L/",""
"ATENOR","Atenor SA","ATEB","Euronext Brussels","ATEB.BR","https://finance.yahoo.com/quote/ATEB.BR/","EUR","Real Estate","Real Estate - Development",60069600,"EUR","2026-09-16","quote date shown by market-cap source","provider raw value","2026-09-16","Immobilier","company matched to selected lookup listing","","","https://finance.yahoo.com/quote/ATEB.BR/","https://finance.yahoo.com/quote/ATEB.BR/","https://finance.yahoo.com/quote/ATEB.BR/",""
"Atlassian Corp","Atlassian Corporation","TEAM","Nasdaq Global Select Market","TEAM","https://finance.yahoo.com/quote/TEAM/","USD","Technology","Software - Application",48167251968,"USD","2026-09-16","quote date shown by market-cap source","provider raw value","2026-09-16","IT","company matched to selected lookup listing","","","https://finance.yahoo.com/quote/TEAM/","https://finance.yahoo.com/quote/TEAM/","https://finance.yahoo.com/quote/TEAM/",""
"AUTO TRADER GROUP PLC","Autotrader Group plc","AUTO","London Stock Exchange","AUTO.L","https://stockanalysis.com/quote/lon/AUTO/","GBp","Communication Services","Internet Content & Information",3910000000,"GBP","2026-09-16","quote date shown by market-cap source","rounded source display","2026-09-16","IT","company matched to selected lookup listing","Quote currency is pence; market capitalization is in pounds (GBP).","","https://query2.finance.yahoo.com/v8/finance/chart/AUTO.L?interval=1d&range=1d","https://query2.finance.yahoo.com/v1/finance/search?q=AUTO.L&quotesCount=3&newsCount=0","https://stockanalysis.com/quote/lon/AUTO/",""
"Autodesk","Autodesk, Inc.","ADSK","Nasdaq Global Select Market","ADSK","https://finance.yahoo.com/quote/ADSK/","USD","Technology","Software - Application",46044790784,"USD","2026-09-16","quote date shown by market-cap source","provider raw value","2026-09-16","IT","company matched to selected lookup listing","","","https://finance.yahoo.com/quote/ADSK/","https://finance.yahoo.com/quote/ADSK/","https://finance.yahoo.com/quote/ADSK/",""
"Automatic Data Processing","Automatic Data Processing, Inc.","ADP","Nasdaq Global Select Market","ADP","https://finance.yahoo.com/quote/ADP/","USD","Technology","Software - Application",108528214016,"USD","2026-09-16","quote date shown by market-cap source","provider raw value","2026-09-16","Industrie","company matched to selected lookup listing","","","https://finance.yahoo.com/quote/ADP/","https://finance.yahoo.com/quote/ADP/","https://finance.yahoo.com/quote/ADP/",""
"AVANTIUM","Avantium N.V.","AVTX","Euronext Amsterdam","AVTX.AS","https://finance.yahoo.com/quote/AVTX.AS/","EUR","Basic Materials","Specialty Chemicals",123638968,"EUR","2026-09-16","quote date shown by market-cap source","provider raw value","2026-09-16","Matériaux","company matched to selected lookup listing","","","https://finance.yahoo.com/quote/AVTX.AS/","https://finance.yahoo.com/quote/AVTX.AS/","https://finance.yahoo.com/quote/AVTX.AS/",""
"AXA","AXA SA","CS","Euronext Paris","CS.PA","https://finance.yahoo.com/quote/CS.PA/","EUR","Financial Services","Insurance - Diversified",92438765568,"EUR","2026-09-16","quote date shown by market-cap source","provider raw value","2026-09-16","Finance","company matched to selected lookup listing","","","https://finance.yahoo.com/quote/CS.PA/","https://finance.yahoo.com/quote/CS.PA/","https://finance.yahoo.com/quote/CS.PA/",""
"AZELIS GROUP NV","Azelis Group NV","AZE","Euronext Brussels","AZE.BR","https://finance.yahoo.com/quote/AZE.BR/","EUR","Basic Materials","Specialty Chemicals",2915686400,"EUR","2026-09-16","quote date shown by market-cap source","provider raw value","2026-09-16","Matériaux","company matched to selected lookup listing","","","https://finance.yahoo.com/quote/AZE.BR/","https://finance.yahoo.com/quote/AZE.BR/","https://finance.yahoo.com/quote/AZE.BR/",""
"AZERION GROUP N.V.","Azerion Group N.V.","AZRN","Euronext Amsterdam","AZRN.AS","https://stockanalysis.com/quote/ams/AZRN/","EUR","Communication Services","Electronic Gaming & Multimedia",110070000,"EUR","2026-09-16","retrieval date of daily exchange list","rounded source display","2026-09-16","Consommation discrétionnaire","company matched to selected lookup listing","","","https://query2.finance.yahoo.com/v8/finance/chart/AZRN.AS?interval=1d&range=1d","https://query2.finance.yahoo.com/v1/finance/search?q=AZERION+GROUP+N.V.&quotesCount=8&newsCount=0","https://stockanalysis.com/list/euronext-amsterdam/",""
"BAE SYSTEMS PLC","BAE Systems plc","BA","London Stock Exchange","BA.L","https://finance.yahoo.com/quote/BA.L/","GBp","Industrials","Aerospace & Defense",59403952128,"GBP","2026-09-16","quote date shown by market-cap source","provider raw value","2026-09-16","Autres","company matched to selected lookup listing","Quote currency is pence; market capitalization is in pounds (GBP).","","https://finance.yahoo.com/quote/BA.L/","https://finance.yahoo.com/quote/BA.L/","https://finance.yahoo.com/quote/BA.L/",""
"Baker Hughes Company","Baker Hughes Company","BKR","Nasdaq Global Select Market","BKR","https://finance.yahoo.com/quote/BKR/","USD","Energy","Oil & Gas Equipment & Services",55907401728,"USD","2026-09-16","quote date shown by market-cap source","provider raw value","2026-09-16","Énergie","company matched to selected lookup listing","","","https://finance.yahoo.com/quote/BKR/","https://finance.yahoo.com/quote/BKR/","https://finance.yahoo.com/quote/BKR/",""
"BANCO BPM S.P.A.","Banco BPM S.p.A.","BAMI","Borsa Italiana (Euronext Milan)","BAMI.MI","https://finance.yahoo.com/quote/BAMI.MI/","EUR","Financial Services","Banks—Regional",24236509184,"EUR","2026-09-16","quote date shown by market-cap source","provider raw value","2026-09-16","Finance","company matched to selected lookup listing","","","https://finance.yahoo.com/quote/BAMI.MI/","https://query2.finance.yahoo.com/v1/finance/search?q=BANCO+BPM+S.P.A.&quotesCount=8&newsCount=0","https://finance.yahoo.com/quote/BAMI.MI/",""
"BANIJAY GROUP N.V.","Banijay Group N.V.","BNJ","Euronext Amsterdam","BNJ.AS","https://finance.yahoo.com/quote/BNJ.AS/","EUR","Communication Services","Entertainment",3639715584,"EUR","2026-09-14","quote date shown by market-cap source","provider raw value","2026-09-16","Consommation discrétionnaire","company matched to selected lookup listing","","","https://finance.yahoo.com/quote/BNJ.AS/","https://finance.yahoo.com/quote/BNJ.AS/","https://finance.yahoo.com/quote/BNJ.AS/",""
"Bank of America Corp","Bank of America Corporation","BAC","NYSE","BAC","https://finance.yahoo.com/quote/BAC/","USD","Financial Services","Banks - Diversified",404880162816,"USD","2026-09-16","quote date shown by market-cap source","provider raw value","2026-09-16","Finance","company matched to selected lookup listing","","","https://finance.yahoo.com/quote/BAC/","https://finance.yahoo.com/quote/BAC/","https://finance.yahoo.com/quote/BAC/",""
"BARCO","Barco NV","BAR","Euronext Brussels","BAR.BR","https://stockanalysis.com/quote/ebr/BAR/","EUR","Technology","Electronic Components",599830000,"EUR","2026-09-16","retrieval date of daily exchange list","rounded source display","2026-09-16","IT","company matched to selected lookup listing","","","https://query2.finance.yahoo.com/v8/finance/chart/BAR.BR?interval=1d&range=1d","https://query2.finance.yahoo.com/v1/finance/search?q=BARCO&quotesCount=8&newsCount=0","https://stockanalysis.com/list/euronext-brussels/",""
"BARRY CALLEBAUT AG","Barry Callebaut AG","BARN","SIX Swiss Exchange","BARN.SW","https://finance.yahoo.com/quote/BARN.SW/","CHF","Consumer Defensive","Confectioners",6074832896,"CHF","2026-09-16","quote date shown by market-cap source","provider raw value","2026-09-16","Biens de consommation courants","company matched to selected lookup listing","","","https://finance.yahoo.com/quote/BARN.SW/","https://finance.yahoo.com/quote/BARN.SW/","https://finance.yahoo.com/quote/BARN.SW/",""
"BASF SE","BASF SE","BAS","Xetra","BAS.DE","https://finance.yahoo.com/quote/BAS.DE/","EUR","Basic Materials","Chemicals",44879859712,"EUR","2026-09-16","quote date shown by market-cap source","provider raw value","2026-09-16","Matériaux","company matched to selected lookup listing","","","https://finance.yahoo.com/quote/BAS.DE/","https://finance.yahoo.com/quote/BAS.DE/","https://finance.yahoo.com/quote/BAS.DE/",""
"BASIC-FIT","Basic-Fit N.V.","BFIT","Euronext Amsterdam","BFIT.AS","https://finance.yahoo.com/quote/BFIT.AS/","EUR","Consumer Cyclical","Leisure",2124289792,"EUR","2026-09-16","quote date shown by market-cap source","provider raw value","2026-09-16","Consommation discrétionnaire","company matched to selected lookup listing","","","https://finance.yahoo.com/quote/BFIT.AS/","https://finance.yahoo.com/quote/BFIT.AS/","https://finance.yahoo.com/quote/BFIT.AS/",""
"BAYER AG","Bayer Aktiengesellschaft","BAYN","Xetra","BAYN.DE","https://finance.yahoo.com/quote/BAYN.DE/","EUR","Healthcare","Drug Manufacturers - General",48119132160,"EUR","2026-09-16","quote date shown by market-cap source","provider raw value","2026-09-16","Soins de santé","company matched to selected lookup listing","","","https://finance.yahoo.com/quote/BAYN.DE/","https://finance.yahoo.com/quote/BAYN.DE/","https://finance.yahoo.com/quote/BAYN.DE/",""
"BE Semiconductor Industries N.V.","BE Semiconductor Industries N.V.","BESI","Euronext Amsterdam","BESI.AS","https://finance.yahoo.com/quote/BESI.AS/","EUR","Technology","Semiconductor Equipment & Materials",14153600000,"EUR","2026-09-16","quote date shown by market-cap source","provider raw value","2026-09-16","IT","company matched to selected lookup listing","","","https://finance.yahoo.com/quote/BESI.AS/","https://finance.yahoo.com/quote/BESI.AS/","https://finance.yahoo.com/quote/BESI.AS/",""
"BEAZLEY PLC","Beazley plc","BEZ","London Stock Exchange","BEZ.L","https://finance.yahoo.com/quote/BEZ.L/","GBp","Financial Services","Insurance - Specialty",7766420480,"GBP","2026-09-16","quote date shown by market-cap source","provider raw value","2026-09-16","Finance","company matched to selected lookup listing","Quote currency is pence; market capitalization is in pounds (GBP).","","https://finance.yahoo.com/quote/BEZ.L/","https://finance.yahoo.com/quote/BEZ.L/","https://finance.yahoo.com/quote/BEZ.L/",""
"Becton Dickinson and Co","Becton, Dickinson and Company","BDX","NYSE","BDX","https://finance.yahoo.com/quote/BDX/","USD","Healthcare","Medical Instruments & Supplies",49533542400,"USD","2026-09-16","quote date shown by market-cap source","provider raw value","2026-09-16","Soins de santé","company matched to selected lookup listing","","","https://finance.yahoo.com/quote/BDX/","https://finance.yahoo.com/quote/BDX/","https://finance.yahoo.com/quote/BDX/",""
"BEKAERT","NV Bekaert SA","BEKB","Euronext Brussels","BEKB.BR","https://finance.yahoo.com/quote/BEKB.BR/","EUR","Industrials","Metal Fabrication",1815869824,"EUR","2026-09-16","quote date shown by market-cap source","provider raw value","2026-09-16","Industrie","company matched to selected lookup listing","","","https://finance.yahoo.com/quote/BEKB.BR/","https://finance.yahoo.com/quote/BEKB.BR/","https://finance.yahoo.com/quote/BEKB.BR/",""
"BERKELEY GROUP HOLDINGS PLC","The Berkeley Group Holdings plc","BKG","London Stock Exchange","BKG.L","https://finance.yahoo.com/quote/BKG.L/","GBp","Consumer Cyclical","Residential Construction",2980000000,"GBP","2026-09-16","quote date shown by market-cap source","rounded source display","2026-09-16","Immobilier","company matched to selected lookup listing","Quote currency is pence; market capitalization is in pounds (GBP).","","https://finance.yahoo.com/quote/BKG.L/","https://finance.yahoo.com/quote/BKG.L/","https://stockanalysis.com/quote/lon/BKG/",""
"Berkshire Hathaway","Berkshire Hathaway Inc.","BRK.B","NYSE","BRK-B","https://finance.yahoo.com/quote/BRK-B/","USD","Financial Services","Insurance - Diversified",1112740855808,"USD","2026-09-16","quote date shown by market-cap source","provider raw value","2026-09-16","Finance","share class not confirmed","Class B shares selected; Class A BRK-A also exists. Challenge share class not confirmed.","BRK-A","https://finance.yahoo.com/quote/BRK-B/","https://finance.yahoo.com/quote/BRK-B/","https://finance.yahoo.com/quote/BRK-B/",""
"BHP GROUP LTD.","BHP Group Limited","BHP","Australian Securities Exchange","BHP.AX","https://finance.yahoo.com/quote/BHP.AX/","AUD","Basic Materials","Other Industrial Metals & Mining",305993809920,"AUD","2026-09-16","quote date shown by market-cap source","provider raw value","2026-09-16","Matériaux","company matched to selected lookup listing","Australian listing selected; the company also has UK and US listings.","","https://finance.yahoo.com/quote/BHP.AX/","https://finance.yahoo.com/quote/BHP.AX/","https://finance.yahoo.com/quote/BHP.AX/",""
"Bio-Techne Corp","Bio-Techne Corporation","TECH","Nasdaq Global Select Market","TECH","https://finance.yahoo.com/quote/TECH/","USD","Healthcare","Biotechnology",11342663680,"USD","2026-09-16","quote date shown by market-cap source","provider raw value","2026-09-16","Soins de santé","company matched to selected lookup listing","","","https://finance.yahoo.com/quote/TECH/","https://query2.finance.yahoo.com/v1/finance/search?q=Bio-Techne+Corp&quotesCount=8&newsCount=0","https://finance.yahoo.com/quote/TECH/",""
"Biogen","Biogen Inc.","BIIB","Nasdaq Global Select Market","BIIB","https://finance.yahoo.com/quote/BIIB/","USD","Healthcare","Drug Manufacturers - General",31916341248,"USD","2026-09-16","quote date shown by market-cap source","provider raw value","2026-09-16","Soins de santé","company matched to selected lookup listing","","","https://finance.yahoo.com/quote/BIIB/","https://finance.yahoo.com/quote/BIIB/","https://finance.yahoo.com/quote/BIIB/",""
"BIOTALYS NV","Biotalys NV","BTLS","Euronext Brussels","BTLS.BR","https://finance.yahoo.com/quote/BTLS.BR/","EUR","Basic Materials","Agricultural Inputs",88253136,"EUR","2026-09-16","quote date shown by market-cap source","provider raw value","2026-09-16","Biens de consommation courants","company matched to selected lookup listing","","","https://finance.yahoo.com/quote/BTLS.BR/","https://finance.yahoo.com/quote/BTLS.BR/","https://finance.yahoo.com/quote/BTLS.BR/",""
"Bit Digital","Bit Digital, Inc.","BTBT","Nasdaq Capital Market","BTBT","https://finance.yahoo.com/quote/BTBT/","USD","Financial Services","Capital Markets",515705888,"USD","2026-09-16","quote date shown by market-cap source","provider raw value","2026-09-16","IT","company matched to selected lookup listing","","","https://finance.yahoo.com/quote/BTBT/","https://finance.yahoo.com/quote/BTBT/","https://finance.yahoo.com/quote/BTBT/",""
"Bitdeer Technologies Group","Bitdeer Technologies Group","BTDR","Nasdaq Capital Market","BTDR","https://finance.yahoo.com/quote/BTDR/","USD","Technology","Software - Application",2997757952,"USD","2026-09-16","quote date shown by market-cap source","provider raw value","2026-09-16","Autres","company matched to selected lookup listing","","","https://finance.yahoo.com/quote/BTDR/","https://finance.yahoo.com/quote/BTDR/","https://finance.yahoo.com/quote/BTDR/",""
"BNP PARIBAS ACT.A","BNP Paribas SA","BNP","Euronext Paris","BNP.PA","https://finance.yahoo.com/quote/BNP.PA/","EUR","Financial Services","Banks - Regional",112142721024,"EUR","2026-09-16","quote date shown by market-cap source","provider raw value","2026-09-16","Finance","company matched to selected lookup listing","","","https://finance.yahoo.com/quote/BNP.PA/","https://finance.yahoo.com/quote/BNP.PA/","https://finance.yahoo.com/quote/BNP.PA/",""
"Boeing Company","The Boeing Company","BA","NYSE","BA","https://finance.yahoo.com/quote/BA/","USD","Industrials","Aerospace & Defense",159623135232,"USD","2026-09-16","quote date shown by market-cap source","provider raw value","2026-09-16","Industrie","company matched to selected lookup listing","","","https://finance.yahoo.com/quote/BA/","https://finance.yahoo.com/quote/BA/","https://finance.yahoo.com/quote/BA/",""
"Booking Holdings","Booking Holdings Inc.","BKNG","Nasdaq Global Select Market","BKNG","https://finance.yahoo.com/quote/BKNG/","USD","Consumer Cyclical","Travel Services",128786612224,"USD","2026-09-16","quote date shown by market-cap source","provider raw value","2026-09-16","Consommation discrétionnaire","company matched to selected lookup listing","","","https://finance.yahoo.com/quote/BKNG/","https://finance.yahoo.com/quote/BKNG/","https://finance.yahoo.com/quote/BKNG/",""
"BorgWarner","BorgWarner Inc.","BWA","NYSE","BWA","https://finance.yahoo.com/quote/BWA/","USD","Consumer Cyclical","Auto Parts",12682303488,"USD","2026-09-16","quote date shown by market-cap source","provider raw value","2026-09-16","Consommation discrétionnaire","company matched to selected lookup listing","","","https://finance.yahoo.com/quote/BWA/","https://finance.yahoo.com/quote/BWA/","https://finance.yahoo.com/quote/BWA/",""
"Boston Scientific Corp","Boston Scientific Corporation","BSX","NYSE","BSX","https://finance.yahoo.com/quote/BSX/","USD","Healthcare","Medical Devices",63635668992,"USD","2026-09-16","quote date shown by market-cap source","provider raw value","2026-09-16","Soins de santé","company matched to selected lookup listing","","","https://finance.yahoo.com/quote/BSX/","https://finance.yahoo.com/quote/BSX/","https://finance.yahoo.com/quote/BSX/",""
"BOUYGUES","Bouygues SA","EN","Euronext Paris","EN.PA","https://finance.yahoo.com/quote/EN.PA/","EUR","Industrials","Engineering & Construction",17178089472,"EUR","2026-09-16","quote date shown by market-cap source","provider raw value","2026-09-16","Industrie","company matched to selected lookup listing","","","https://finance.yahoo.com/quote/EN.PA/","https://finance.yahoo.com/quote/EN.PA/","https://finance.yahoo.com/quote/EN.PA/",""
"BP PLC","BP p.l.c.","BP","NYSE","BP","https://finance.yahoo.com/quote/BP/","USD","Energy","Oil & Gas Integrated",116871864320,"USD","2026-09-16","quote date shown by market-cap source","provider raw value","2026-09-16","Autres","company matched to selected lookup listing","US-listed depositary receipts selected. London ordinary shares use BP.L.","","https://finance.yahoo.com/quote/BP/","https://finance.yahoo.com/quote/BP/","https://finance.yahoo.com/quote/BP/",""
"BPOST","bpost NV/SA","BPOST","Euronext Brussels","BPOST.BR","https://finance.yahoo.com/quote/BPOST.BR/","EUR","Industrials","Integrated Freight & Logistics",242801136,"EUR","2026-09-16","quote date shown by market-cap source","provider raw value","2026-09-16","Industrie","company matched to selected lookup listing","","","https://finance.yahoo.com/quote/BPOST.BR/","https://finance.yahoo.com/quote/BPOST.BR/","https://finance.yahoo.com/quote/BPOST.BR/",""
"BQUE NAT. BELGIQUE","Banque nationale de Belgique SA","BNB","Euronext Brussels","BNB.BR","https://stockanalysis.com/quote/ebr/BNB/","EUR","Financial Services","Banks—Regional",144400000,"EUR","2026-09-16","retrieval date of daily exchange list","rounded source display","2026-09-16","Finance","company matched to selected lookup listing","","","https://query2.finance.yahoo.com/v8/finance/chart/BNB.BR?interval=1d&range=1d","https://query2.finance.yahoo.com/v1/finance/search?q=BQUE+NAT.+BELGIQUE&quotesCount=8&newsCount=0","https://stockanalysis.com/list/euronext-brussels/",""
"BREDERODE","Brederode SA","BREB","Euronext Brussels","BREB.BR","https://stockanalysis.com/quote/ebr/BREB/","EUR","Financial Services","Asset Management",3090000000,"EUR","2026-09-16","retrieval date of daily exchange list","rounded source display","2026-09-16","Finance","company matched to selected lookup listing","","","https://query2.finance.yahoo.com/v8/finance/chart/BREB.BR?interval=1d&range=1d","https://query2.finance.yahoo.com/v1/finance/search?q=BREDERODE&quotesCount=8&newsCount=0","https://stockanalysis.com/list/euronext-brussels/",""
"BRENNTAG SE","Brenntag SE","BNR","Xetra","BNR.DE","https://stockanalysis.com/quote/etr/BNR/","EUR","Basic Materials","Specialty Chemicals",8760000000,"EUR","2026-09-16","quote date shown by market-cap source","rounded source display","2026-09-16","Matériaux","company matched to selected lookup listing","","","https://query2.finance.yahoo.com/v8/finance/chart/BNR.DE?interval=1d&range=1d","https://query2.finance.yahoo.com/v1/finance/search?q=BRENNTAG+SE&quotesCount=8&newsCount=0","https://stockanalysis.com/quote/etr/BNR/",""
"Bristol-Myers Squibb Co","Bristol-Myers Squibb Company","BMY","NYSE","BMY","https://finance.yahoo.com/quote/BMY/","USD","Healthcare","Drug Manufacturers - General",129916649472,"USD","2026-09-16","quote date shown by market-cap source","provider raw value","2026-09-16","Soins de santé","company matched to selected lookup listing","","","https://finance.yahoo.com/quote/BMY/","https://finance.yahoo.com/quote/BMY/","https://finance.yahoo.com/quote/BMY/",""
"Broadcom Inc.","Broadcom Inc.","AVGO","Nasdaq Global Select Market","AVGO","https://finance.yahoo.com/quote/AVGO/","USD","Technology","Semiconductors",1620695187456,"USD","2026-09-16","quote date shown by market-cap source","provider raw value","2026-09-16","IT","company matched to selected lookup listing","","","https://finance.yahoo.com/quote/AVGO/","https://finance.yahoo.com/quote/AVGO/","https://finance.yahoo.com/quote/AVGO/",""
"BRUNEL INTERNAT","Brunel International N.V.","BRNL","Euronext Amsterdam","BRNL.AS","https://stockanalysis.com/quote/ams/BRNL/","EUR","Industrials","Staffing & Employment Services",368310000,"EUR","2026-09-16","retrieval date of daily exchange list","rounded source display","2026-09-16","Industrie","company matched to selected lookup listing","","","https://query2.finance.yahoo.com/v8/finance/chart/BRNL.AS?interval=1d&range=1d","https://query2.finance.yahoo.com/v1/finance/search?q=BRUNEL+INTERNAT&quotesCount=8&newsCount=0","https://stockanalysis.com/list/euronext-amsterdam/",""
"Cadence Design Systems","Cadence Design Systems, Inc.","CDNS","Nasdaq Global Select Market","CDNS","https://finance.yahoo.com/quote/CDNS/","USD","Technology","Software - Application",77082492928,"USD","2026-09-16","quote date shown by market-cap source","provider raw value","2026-09-16","IT","company matched to selected lookup listing","","","https://finance.yahoo.com/quote/CDNS/","https://finance.yahoo.com/quote/CDNS/","https://finance.yahoo.com/quote/CDNS/",""
"CAIXABANK S.A.","CaixaBank, S.A.","CABK","Bolsa de Madrid","CABK.MC","https://finance.yahoo.com/quote/CABK.MC/","EUR","Financial Services","Banks - Regional",91580000000,"EUR","2026-09-16","quote date shown by market-cap source","rounded source display","2026-09-16","Finance","company matched to selected lookup listing","","","https://finance.yahoo.com/quote/CABK.MC/","https://finance.yahoo.com/quote/CABK.MC/","https://stockanalysis.com/quote/bme/CABK/",""
"CAMPINE","Campine NV","CAMB","Euronext Brussels","CAMB.BR","https://stockanalysis.com/quote/ebr/CAMB/","EUR","Industrials","Waste Management",279750000,"EUR","2026-09-16","retrieval date of daily exchange list","rounded source display","2026-09-16","Matériaux","company matched to selected lookup listing","","","https://query2.finance.yahoo.com/v8/finance/chart/CAMB.BR?interval=1d&range=1d","https://query2.finance.yahoo.com/v1/finance/search?q=CAMPINE&quotesCount=8&newsCount=0","https://stockanalysis.com/list/euronext-brussels/",""
"CAPGEMINI","Capgemini SE","CAP","Euronext Paris","CAP.PA","https://finance.yahoo.com/quote/CAP.PA/","EUR","Technology","Information Technology Services",17538134016,"EUR","2026-09-16","quote date shown by market-cap source","provider raw value","2026-09-16","IT","company matched to selected lookup listing","","","https://finance.yahoo.com/quote/CAP.PA/","https://finance.yahoo.com/quote/CAP.PA/","https://finance.yahoo.com/quote/CAP.PA/",""
"CARE PROPERTY INVEST","Care Property Invest NV","CPINV","Euronext Brussels","CPINV.BR","https://stockanalysis.com/quote/ebr/CPINV/","EUR","Real Estate","REIT—Healthcare Facilities",516580000,"EUR","2026-09-16","retrieval date of daily exchange list","rounded source display","2026-09-16","Immobilier","company matched to selected lookup listing","","","https://query2.finance.yahoo.com/v8/finance/chart/CPINV.BR?interval=1d&range=1d","https://query2.finance.yahoo.com/v1/finance/search?q=CARE+PROPERTY+INVEST&quotesCount=8&newsCount=0","https://stockanalysis.com/list/euronext-brussels/",""
"Carlisle Companies","Carlisle Companies Incorporated","CSL","NYSE","CSL","https://finance.yahoo.com/quote/CSL/","USD","Industrials","Building Products & Equipment",12610826240,"USD","2026-09-16","quote date shown by market-cap source","provider raw value","2026-09-16","Industrie","company matched to selected lookup listing","","","https://finance.yahoo.com/quote/CSL/","https://query2.finance.yahoo.com/v1/finance/search?q=Carlisle+Companies&quotesCount=8&newsCount=0","https://finance.yahoo.com/quote/CSL/",""
"CARREFOUR","Carrefour SA","CA","Euronext Paris","CA.PA","https://finance.yahoo.com/quote/CA.PA/","EUR","Consumer Defensive","Grocery Stores",11894978560,"EUR","2026-09-16","quote date shown by market-cap source","provider raw value","2026-09-16","Biens de consommation courants","company matched to selected lookup listing","","","https://finance.yahoo.com/quote/CA.PA/","https://query2.finance.yahoo.com/v1/finance/search?q=CARREFOUR&quotesCount=8&newsCount=0","https://finance.yahoo.com/quote/CA.PA/",""
"Carrier Global Corp","Carrier Global Corporation","CARR","NYSE","CARR","https://finance.yahoo.com/quote/CARR/","USD","Industrials","Building Products & Equipment",44727877632,"USD","2026-09-16","quote date shown by market-cap source","provider raw value","2026-09-16","Industrie","company matched to selected lookup listing","","","https://finance.yahoo.com/quote/CARR/","https://finance.yahoo.com/quote/CARR/","https://finance.yahoo.com/quote/CARR/",""
"Caterpillar","Caterpillar Inc.","CAT","NYSE","CAT","https://finance.yahoo.com/quote/CAT/","USD","Industrials","Farm & Heavy Construction Machinery",359796703232,"USD","2026-09-16","quote date shown by market-cap source","provider raw value","2026-09-16","Industrie","company matched to selected lookup listing","","","https://finance.yahoo.com/quote/CAT/","https://finance.yahoo.com/quote/CAT/","https://finance.yahoo.com/quote/CAT/",""
"CDW Corp","CDW Corporation","CDW","Nasdaq Global Select Market","CDW","https://finance.yahoo.com/quote/CDW/","USD","Technology","Information Technology Services",18747613184,"USD","2026-09-16","quote date shown by market-cap source","provider raw value","2026-09-16","Consommation discrétionnaire","company matched to selected lookup listing","","","https://finance.yahoo.com/quote/CDW/","https://finance.yahoo.com/quote/CDW/","https://finance.yahoo.com/quote/CDW/",""
"Cencora","Cencora, Inc.","COR","NYSE","COR","https://finance.yahoo.com/quote/COR/","USD","Healthcare","Medical Distribution",60778455040,"USD","2026-09-16","quote date shown by market-cap source","provider raw value","2026-09-16","Soins de santé","company matched to selected lookup listing","","","https://finance.yahoo.com/quote/COR/","https://query2.finance.yahoo.com/v1/finance/search?q=Cencora&quotesCount=8&newsCount=0","https://finance.yahoo.com/quote/COR/",""
"CGI","CGI Inc.","GIB","NYSE","GIB","https://finance.yahoo.com/quote/GIB/","USD","Technology","Information Technology Services",14681647104,"USD","2026-09-16","quote date shown by market-cap source","provider raw value","2026-09-16","IT","company matched to selected lookup listing","US NYSE listing selected; Canadian GIB-A.TO listing also exists.","","https://finance.yahoo.com/quote/GIB/","https://finance.yahoo.com/quote/GIB/","https://finance.yahoo.com/quote/GIB/",""
"Charter Communications","Charter Communications, Inc.","CHTR","Nasdaq Global Select Market","CHTR","https://finance.yahoo.com/quote/CHTR/","USD","Communication Services","Telecom Services",18194960384,"USD","2026-09-16","quote date shown by market-cap source","provider raw value","2026-09-16","Consommation discrétionnaire","company matched to selected lookup listing","","","https://finance.yahoo.com/quote/CHTR/","https://finance.yahoo.com/quote/CHTR/","https://finance.yahoo.com/quote/CHTR/",""
"Chevron Corp","Chevron Corporation","CVX","NYSE","CVX","https://finance.yahoo.com/quote/CVX/","USD","Energy","Oil & Gas Integrated",414957568000,"USD","2026-09-16","quote date shown by market-cap source","provider raw value","2026-09-16","Énergie","company matched to selected lookup listing","","","https://finance.yahoo.com/quote/CVX/","https://finance.yahoo.com/quote/CVX/","https://finance.yahoo.com/quote/CVX/",""
"Chipotle Mexican Grill","Chipotle Mexican Grill, Inc.","CMG","NYSE","CMG","https://finance.yahoo.com/quote/CMG/","USD","Consumer Cyclical","Restaurants",42619277312,"USD","2026-09-16","quote date shown by market-cap source","provider raw value","2026-09-16","Consommation discrétionnaire","company matched to selected lookup listing","","","https://finance.yahoo.com/quote/CMG/","https://query2.finance.yahoo.com/v1/finance/search?q=Chipotle+Mexican+Grill&quotesCount=8&newsCount=0","https://finance.yahoo.com/quote/CMG/",""
"CHRISTIAN DIOR","Christian Dior SE","CDI","Euronext Paris","CDI.PA","https://finance.yahoo.com/quote/CDI.PA/","EUR","Consumer Cyclical","Luxury Goods",67110000000,"EUR","2026-09-16","quote date shown by market-cap source","rounded source display","2026-09-16","Consommation discrétionnaire","company matched to selected lookup listing","","","https://finance.yahoo.com/quote/CDI.PA/","https://finance.yahoo.com/quote/CDI.PA/","https://stockanalysis.com/quote/epa/CDI/",""
"Chubb Limited","Chubb Limited","CB","NYSE","CB","https://finance.yahoo.com/quote/CB/","USD","Financial Services","Insurance - Property & Casualty",131762233344,"USD","2026-09-16","quote date shown by market-cap source","provider raw value","2026-09-16","Finance","company matched to selected lookup listing","","","https://finance.yahoo.com/quote/CB/","https://finance.yahoo.com/quote/CB/","https://finance.yahoo.com/quote/CB/",""
"CIE BOIS SAUVAGE","Compagnie du Bois Sauvage S.A.","COMB","Euronext Brussels","COMB.BR","https://stockanalysis.com/quote/ebr/COMB/","EUR","Consumer Defensive","Confectioners",479320000,"EUR","2026-09-16","retrieval date of daily exchange list","rounded source display","2026-09-16","Finance","company matched to selected lookup listing","","","https://query2.finance.yahoo.com/v8/finance/chart/COMB.BR?interval=1d&range=1d","https://query2.finance.yahoo.com/v1/finance/search?q=CIE+BOIS+SAUVAGE&quotesCount=8&newsCount=0","https://stockanalysis.com/list/euronext-brussels/",""
"CIENA","Ciena Corporation","CIEN","NYSE","CIEN","https://finance.yahoo.com/quote/CIEN/","USD","Technology","Communication Equipment",48285802496,"USD","2026-09-16","quote date shown by market-cap source","provider raw value","2026-09-16","IT","company matched to selected lookup listing","","","https://finance.yahoo.com/quote/CIEN/","https://finance.yahoo.com/quote/CIEN/","https://finance.yahoo.com/quote/CIEN/",""
"Cigna Group (The)","The Cigna Group","CI","NYSE","CI","https://finance.yahoo.com/quote/CI/","USD","Healthcare","Healthcare Plans",74106249216,"USD","2026-09-16","quote date shown by market-cap source","provider raw value","2026-09-16","Soins de santé","company matched to selected lookup listing","","","https://finance.yahoo.com/quote/CI/","https://finance.yahoo.com/quote/CI/","https://finance.yahoo.com/quote/CI/",""
"Cintas Corp","Cintas Corporation","CTAS","Nasdaq Global Select Market","CTAS","https://finance.yahoo.com/quote/CTAS/","USD","Industrials","Specialty Business Services",79817826304,"USD","2026-09-16","quote date shown by market-cap source","provider raw value","2026-09-16","Industrie","company matched to selected lookup listing","","","https://finance.yahoo.com/quote/CTAS/","https://finance.yahoo.com/quote/CTAS/","https://finance.yahoo.com/quote/CTAS/",""
"Cipher Mining","Cipher Digital Inc.","CIFR","Nasdaq Global Select Market","CIFR","https://finance.yahoo.com/quote/CIFR/","USD","Technology","Information Technology Services",6939313152,"USD","2026-09-16","quote date shown by market-cap source","provider raw value","2026-09-16","Autres","company matched to selected lookup listing","Challenge uses the former name Cipher Mining; current quoted name is Cipher Digital.","","https://finance.yahoo.com/quote/CIFR/","https://finance.yahoo.com/quote/CIFR/","https://finance.yahoo.com/quote/CIFR/",""
"Cisco Systems","Cisco Systems, Inc.","CSCO","Nasdaq Global Select Market","CSCO","https://finance.yahoo.com/quote/CSCO/","USD","Technology","Communication Equipment",424774303744,"USD","2026-09-16","quote date shown by market-cap source","provider raw value","2026-09-16","IT","company matched to selected lookup listing","","","https://finance.yahoo.com/quote/CSCO/","https://finance.yahoo.com/quote/CSCO/","https://finance.yahoo.com/quote/CSCO/",""
"Citigroup","Citigroup Inc.","C","NYSE","C","https://finance.yahoo.com/quote/C/","USD","Financial Services","Banks - Diversified",223015223296,"USD","2026-09-16","quote date shown by market-cap source","provider raw value","2026-09-16","Finance","company matched to selected lookup listing","","","https://finance.yahoo.com/quote/C/","https://finance.yahoo.com/quote/C/","https://finance.yahoo.com/quote/C/",""
"CM.COM","CM.com N.V.","CMCOM","Euronext Amsterdam","CMCOM.AS","https://stockanalysis.com/quote/ams/CMCOM/","EUR","Technology","Software—Application",230880000,"EUR","2026-09-16","retrieval date of daily exchange list","rounded source display","2026-09-16","IT","company matched to selected lookup listing","","","https://query2.finance.yahoo.com/v8/finance/chart/CMCOM.AS?interval=1d&range=1d","https://query2.finance.yahoo.com/v1/finance/search?q=CM.COM&quotesCount=8&newsCount=0","https://stockanalysis.com/list/euronext-amsterdam/",""
"CMB.TECH","Cmb.Tech NV","CMBT","Euronext Brussels","CMBT.BR","https://stockanalysis.com/quote/ebr/CMBT/","EUR","Energy","Oil & Gas Midstream",4930000000,"EUR","2026-09-16","retrieval date of daily exchange list","rounded source display","2026-09-16","Industrie","company matched to selected lookup listing","","","https://query2.finance.yahoo.com/v8/finance/chart/CMBT.BR?interval=1d&range=1d","https://query2.finance.yahoo.com/v1/finance/search?q=CMB.TECH&quotesCount=8&newsCount=0","https://stockanalysis.com/list/euronext-brussels/",""
"CME Group","CME Group Inc.","CME","Nasdaq Global Select Market","CME","https://finance.yahoo.com/quote/CME/","USD","Financial Services","Financial Data & Stock Exchanges",97970962432,"USD","2026-09-16","quote date shown by market-cap source","provider raw value","2026-09-16","Finance","company matched to selected lookup listing","","","https://finance.yahoo.com/quote/CME/","https://finance.yahoo.com/quote/CME/","https://finance.yahoo.com/quote/CME/",""
"Coca-Cola Company","The Coca-Cola Company","KO","NYSE","KO","https://finance.yahoo.com/quote/KO/","USD","Consumer Defensive","Beverages - Non-Alcoholic",378064994304,"USD","2026-09-16","quote date shown by market-cap source","provider raw value","2026-09-16","Biens de consommation courants","company matched to selected lookup listing","","","https://finance.yahoo.com/quote/KO/","https://finance.yahoo.com/quote/KO/","https://finance.yahoo.com/quote/KO/",""
"Coca-Cola Europacific Partners plc","Coca-Cola Europacific Partners PLC","CCEP","Euronext Amsterdam","CCEP.AS","https://stockanalysis.com/quote/ams/CCEP/","EUR","Consumer Defensive","Beverages—Non-Alcoholic",39730000000,"EUR","2026-09-16","retrieval date of daily exchange list","rounded source display","2026-09-16","Biens de consommation courants","company matched to selected lookup listing","","","https://query2.finance.yahoo.com/v8/finance/chart/CCEP.AS?interval=1d&range=1d","https://query2.finance.yahoo.com/v1/finance/search?q=Coca-Cola+Europacific+Partners+plc&quotesCount=8&newsCount=0","https://stockanalysis.com/list/euronext-amsterdam/",""
"Cognizant Technology Solutions Corp","Cognizant Technology Solutions Corporation","CTSH","Nasdaq Global Select Market","CTSH","https://finance.yahoo.com/quote/CTSH/","USD","Technology","Information Technology Services",27859974144,"USD","2026-09-16","quote date shown by market-cap source","provider raw value","2026-09-16","IT","company matched to selected lookup listing","","","https://finance.yahoo.com/quote/CTSH/","https://finance.yahoo.com/quote/CTSH/","https://finance.yahoo.com/quote/CTSH/",""
"Coinbase Global","Coinbase Global, Inc.","COIN","Nasdaq Global Select Market","COIN","https://finance.yahoo.com/quote/COIN/","USD","Financial Services","Financial Data & Stock Exchanges",43403812864,"USD","2026-09-16","quote date shown by market-cap source","provider raw value","2026-09-16","Finance","company matched to selected lookup listing","","","https://finance.yahoo.com/quote/COIN/","https://finance.yahoo.com/quote/COIN/","https://finance.yahoo.com/quote/COIN/",""
"Colgate-Palmolive Company","Colgate-Palmolive Company","CL","NYSE","CL","https://finance.yahoo.com/quote/CL/","USD","Consumer Defensive","Household & Personal Products",69369970688,"USD","2026-09-16","quote date shown by market-cap source","provider raw value","2026-09-16","Biens de consommation courants","company matched to selected lookup listing","","","https://finance.yahoo.com/quote/CL/","https://finance.yahoo.com/quote/CL/","https://finance.yahoo.com/quote/CL/",""
"Colruyt Group N.V.","Colruyt Group N.V.","COLR","Euronext Brussels","COLR.BR","https://stockanalysis.com/quote/ebr/COLR/","EUR","Consumer Defensive","Grocery Stores",4560000000,"EUR","2026-09-16","retrieval date of daily exchange list","rounded source display","2026-09-16","Biens de consommation courants","company matched to selected lookup listing","","","https://query2.finance.yahoo.com/v8/finance/chart/COLR.BR?interval=1d&range=1d","https://query2.finance.yahoo.com/v1/finance/search?q=Colruyt+Group+N.V.&quotesCount=8&newsCount=0","https://stockanalysis.com/list/euronext-brussels/",""
"Comcast Corp","Comcast Corporation","CMCSA","Nasdaq Global Select Market","CMCSA","https://finance.yahoo.com/quote/CMCSA/","USD","Communication Services","Telecom Services",84209147904,"USD","2026-09-16","quote date shown by market-cap source","provider raw value","2026-09-16","Autres","company matched to selected lookup listing","","","https://finance.yahoo.com/quote/CMCSA/","https://finance.yahoo.com/quote/CMCSA/","https://finance.yahoo.com/quote/CMCSA/",""
"ConocoPhillips","ConocoPhillips","COP","NYSE","COP","https://finance.yahoo.com/quote/COP/","USD","Energy","Oil & Gas E&P",159225266176,"USD","2026-09-16","quote date shown by market-cap source","provider raw value","2026-09-16","Énergie","company matched to selected lookup listing","","","https://finance.yahoo.com/quote/COP/","https://finance.yahoo.com/quote/COP/","https://finance.yahoo.com/quote/COP/",""
"Constellation Brands","Constellation Brands, Inc.","STZ","NYSE","STZ","https://finance.yahoo.com/quote/STZ/","USD","Consumer Defensive","Beverages - Brewers",21014059008,"USD","2026-09-16","quote date shown by market-cap source","provider raw value","2026-09-16","Biens de consommation courants","company matched to selected lookup listing","","","https://finance.yahoo.com/quote/STZ/","https://finance.yahoo.com/quote/STZ/","https://finance.yahoo.com/quote/STZ/",""
"Constellation Energy Corp","Constellation Energy Corporation","CEG","Nasdaq Global Select Market","CEG","https://finance.yahoo.com/quote/CEG/","USD","Utilities","Utilities - Independent Power Producers",91953397760,"USD","2026-09-16","quote date shown by market-cap source","provider raw value","2026-09-16","Services publics","company matched to selected lookup listing","","","https://finance.yahoo.com/quote/CEG/","https://finance.yahoo.com/quote/CEG/","https://finance.yahoo.com/quote/CEG/",""
"CONTINENTAL AG","Continental Aktiengesellschaft","CON","Xetra","CON.DE","https://finance.yahoo.com/quote/CON.DE/","EUR","Consumer Cyclical","Auto Parts",13970000000,"EUR","2026-09-16","quote date shown by market-cap source","rounded source display","2026-09-16","Consommation discrétionnaire","company matched to selected lookup listing","","","https://finance.yahoo.com/quote/CON.DE/","https://finance.yahoo.com/quote/CON.DE/","https://stockanalysis.com/quote/etr/CON/",""
"CONVATEC GROUP PLC","Convatec Group PLC","CTEC","London Stock Exchange","CTEC.L","https://stockanalysis.com/quote/lon/CTEC/","GBp","Healthcare","Medical Instruments & Supplies",4270000000,"GBP","2026-09-16","quote date shown by market-cap source","rounded source display","2026-09-16","Soins de santé","company matched to selected lookup listing","Quote currency is pence; market capitalization is in pounds (GBP).","","https://query2.finance.yahoo.com/v8/finance/chart/CTEC.L?interval=1d&range=1d","https://query2.finance.yahoo.com/v1/finance/search?q=CONVATEC+GROUP+PLC&quotesCount=8&newsCount=0","https://stockanalysis.com/quote/lon/CTEC/",""
"Copart","Copart, Inc.","CPRT","Nasdaq Global Select Market","CPRT","https://finance.yahoo.com/quote/CPRT/","USD","Industrials","Specialty Business Services",28533508096,"USD","2026-09-16","quote date shown by market-cap source","provider raw value","2026-09-16","Consommation discrétionnaire","company matched to selected lookup listing","","","https://finance.yahoo.com/quote/CPRT/","https://finance.yahoo.com/quote/CPRT/","https://finance.yahoo.com/quote/CPRT/",""
"CORBION","Corbion N.V.","CRBN","Euronext Amsterdam","CRBN.AS","https://stockanalysis.com/quote/ams/CRBN/","EUR","Basic Materials","Specialty Chemicals",1300000000,"EUR","2026-09-16","retrieval date of daily exchange list","rounded source display","2026-09-16","Biens de consommation courants","company matched to selected lookup listing","","","https://query2.finance.yahoo.com/v8/finance/chart/CRBN.AS?interval=1d&range=1d","https://query2.finance.yahoo.com/v1/finance/search?q=CORBION&quotesCount=8&newsCount=0","https://stockanalysis.com/list/euronext-amsterdam/",""
"Core Scientific","Core Scientific, Inc.","CORZ","Nasdaq Global Select Market","CORZ","https://finance.yahoo.com/quote/CORZ/","USD","Technology","Software - Infrastructure",5424226304,"USD","2026-09-16","quote date shown by market-cap source","provider raw value","2026-09-16","Autres","company matched to selected lookup listing","","","https://finance.yahoo.com/quote/CORZ/","https://finance.yahoo.com/quote/CORZ/","https://finance.yahoo.com/quote/CORZ/",""
"COREWEAVE","CoreWeave, Inc.","CRWV","Nasdaq Global Select Market","CRWV","https://finance.yahoo.com/quote/CRWV/","USD","Technology","Software - Infrastructure",45970571264,"USD","2026-09-16","quote date shown by market-cap source","provider raw value","2026-09-16","IT","company matched to selected lookup listing","","","https://finance.yahoo.com/quote/CRWV/","https://finance.yahoo.com/quote/CRWV/","https://finance.yahoo.com/quote/CRWV/",""
"Corpay","Corpay, Inc.","CPAY","NYSE","CPAY","https://finance.yahoo.com/quote/CPAY/","USD","Technology","Software—Infrastructure",26412886016,"USD","2026-09-16","quote date shown by market-cap source","provider raw value","2026-09-16","IT","company matched to selected lookup listing","","","https://finance.yahoo.com/quote/CPAY/","https://query2.finance.yahoo.com/v1/finance/search?q=Corpay&quotesCount=8&newsCount=0","https://finance.yahoo.com/quote/CPAY/",""
"CoStar Group","CoStar Group, Inc.","CSGP","Nasdaq Global Select Market","CSGP","https://finance.yahoo.com/quote/CSGP/","USD","Real Estate","Real Estate Services",12301799424,"USD","2026-09-16","quote date shown by market-cap source","provider raw value","2026-09-16","Immobilier","company matched to selected lookup listing","","","https://finance.yahoo.com/quote/CSGP/","https://query2.finance.yahoo.com/v1/finance/search?q=CoStar+Group&quotesCount=8&newsCount=0","https://finance.yahoo.com/quote/CSGP/",""
"Costco Wholesale Corp","Costco Wholesale Corporation","COST","Nasdaq Global Select Market","COST","https://finance.yahoo.com/quote/COST/","USD","Consumer Defensive","Discount Stores",396354748416,"USD","2026-09-16","quote date shown by market-cap source","provider raw value","2026-09-16","Consommation discrétionnaire","company matched to selected lookup listing","","","https://finance.yahoo.com/quote/COST/","https://finance.yahoo.com/quote/COST/","https://finance.yahoo.com/quote/COST/",""
"CREDIT AGRICOLE","Crédit Agricole S.A.","ACA","Euronext Paris","ACA.PA","https://finance.yahoo.com/quote/ACA.PA/","EUR","Financial Services","Banks—Regional",55857135616,"EUR","2026-09-16","quote date shown by market-cap source","provider raw value","2026-09-16","Finance","company matched to selected lookup listing","","","https://finance.yahoo.com/quote/ACA.PA/","https://query2.finance.yahoo.com/v1/finance/search?q=CREDIT+AGRICOLE&quotesCount=8&newsCount=0","https://finance.yahoo.com/quote/ACA.PA/",""
"CrowdStrike Holdings","CrowdStrike Holdings, Inc.","CRWD","Nasdaq Global Select Market","CRWD","https://finance.yahoo.com/quote/CRWD/","USD","Technology","Software - Infrastructure",247136911360,"USD","2026-09-16","quote date shown by market-cap source","provider raw value","2026-09-16","IT","company matched to selected lookup listing","","","https://finance.yahoo.com/quote/CRWD/","https://finance.yahoo.com/quote/CRWD/","https://finance.yahoo.com/quote/CRWD/",""
"CSX Corp","CSX Corporation","CSX","Nasdaq Global Select Market","CSX","https://finance.yahoo.com/quote/CSX/","USD","Industrials","Railroads",88733548544,"USD","2026-09-16","quote date shown by market-cap source","provider raw value","2026-09-16","Industrie","company matched to selected lookup listing","","","https://finance.yahoo.com/quote/CSX/","https://finance.yahoo.com/quote/CSX/","https://finance.yahoo.com/quote/CSX/",""
"CTAC","Ctac N.V.","CTAC","Euronext Amsterdam","CTAC.AS","https://stockanalysis.com/quote/ams/CTAC/","EUR","Technology","Information Technology Services",40750000,"EUR","2026-09-16","retrieval date of daily exchange list","rounded source display","2026-09-16","IT","company matched to selected lookup listing","","","https://query2.finance.yahoo.com/v8/finance/chart/CTAC.AS?interval=1d&range=1d","https://query2.finance.yahoo.com/v1/finance/search?q=CTAC&quotesCount=8&newsCount=0","https://stockanalysis.com/list/euronext-amsterdam/",""
"CTP NV","CTP N.V.","CTPNV","Euronext Amsterdam","CTPNV.AS","https://stockanalysis.com/quote/ams/CTPNV/","EUR","Real Estate","Real Estate—Development",6480000000,"EUR","2026-09-16","retrieval date of daily exchange list","rounded source display","2026-09-16","Immobilier","company matched to selected lookup listing","","","https://query2.finance.yahoo.com/v8/finance/chart/CTPNV.AS?interval=1d&range=1d","https://query2.finance.yahoo.com/v1/finance/search?q=CTP+NV&quotesCount=8&newsCount=0","https://stockanalysis.com/list/euronext-amsterdam/",""
"Curtiss-Wright Corp","Curtiss-Wright Corporation","CW","NYSE","CW","https://finance.yahoo.com/quote/CW/","USD","Industrials","Aerospace & Defense",21054109696,"USD","2026-09-16","quote date shown by market-cap source","provider raw value","2026-09-16","Industrie","company matched to selected lookup listing","","","https://finance.yahoo.com/quote/CW/","https://finance.yahoo.com/quote/CW/","https://finance.yahoo.com/quote/CW/",""
"CVC CAPITAL","CVC Capital Partners plc","CVC","Euronext Amsterdam","CVC.AS","https://finance.yahoo.com/quote/CVC.AS/","EUR","Financial Services","Asset Management",14747838464,"EUR","2026-09-14","quote date shown by market-cap source","provider raw value","2026-09-16","Finance","company matched to selected lookup listing","","","https://finance.yahoo.com/quote/CVC.AS/","https://finance.yahoo.com/quote/CVC.AS/","https://finance.yahoo.com/quote/CVC.AS/",""
"CVS HEALTH Corp","CVS Health Corporation","CVS","NYSE","CVS","https://finance.yahoo.com/quote/CVS/","USD","Healthcare","Healthcare Plans",117307162624,"USD","2026-09-16","quote date shown by market-cap source","provider raw value","2026-09-16","Soins de santé","company matched to selected lookup listing","","","https://finance.yahoo.com/quote/CVS/","https://finance.yahoo.com/quote/CVS/","https://finance.yahoo.com/quote/CVS/",""
"D'IETEREN GROUP","D'Ieteren Group SA","DIE","Euronext Brussels","DIE.BR","https://finance.yahoo.com/quote/DIE.BR/","EUR","Consumer Cyclical","Auto & Truck Dealerships",9013356544,"EUR","2026-09-16","quote date shown by market-cap source","provider raw value","2026-09-16","Consommation discrétionnaire","company matched to selected lookup listing","","","https://finance.yahoo.com/quote/DIE.BR/","https://finance.yahoo.com/quote/DIE.BR/","https://finance.yahoo.com/quote/DIE.BR/",""
"Danaher Corp","Danaher Corporation","DHR","NYSE","DHR","https://finance.yahoo.com/quote/DHR/","USD","Healthcare","Diagnostics & Research",146474172416,"USD","2026-09-16","quote date shown by market-cap source","provider raw value","2026-09-16","Soins de santé","company matched to selected lookup listing","","","https://finance.yahoo.com/quote/DHR/","https://finance.yahoo.com/quote/DHR/","https://finance.yahoo.com/quote/DHR/",""
"DANONE","Danone S.A.","BN","Euronext Paris","BN.PA","https://finance.yahoo.com/quote/BN.PA/","EUR","Consumer Defensive","Packaged Foods",39238234112,"EUR","2026-09-16","quote date shown by market-cap source","provider raw value","2026-09-16","Biens de consommation courants","company matched to selected lookup listing","","","https://finance.yahoo.com/quote/BN.PA/","https://query2.finance.yahoo.com/v1/finance/search?q=DANONE&quotesCount=8&newsCount=0","https://finance.yahoo.com/quote/BN.PA/",""
"DASSAULT SYSTEMES","Dassault Systèmes SE","DSY","Euronext Paris","DSY.PA","https://finance.yahoo.com/quote/DSY.PA/","EUR","Technology","Software - Application",27463729152,"EUR","2026-09-16","quote date shown by market-cap source","provider raw value","2026-09-16","IT","company matched to selected lookup listing","","","https://finance.yahoo.com/quote/DSY.PA/","https://finance.yahoo.com/quote/DSY.PA/","https://finance.yahoo.com/quote/DSY.PA/",""
"Datadog","Datadog, Inc.","DDOG","Nasdaq Global Select Market","DDOG","https://finance.yahoo.com/quote/DDOG/","USD","Technology","Software - Application",82870919168,"USD","2026-09-16","quote date shown by market-cap source","provider raw value","2026-09-16","IT","company matched to selected lookup listing","","","https://finance.yahoo.com/quote/DDOG/","https://finance.yahoo.com/quote/DDOG/","https://finance.yahoo.com/quote/DDOG/",""
"DECEUNINCK","Deceuninck NV","DECB","Euronext Brussels","DECB.BR","https://stockanalysis.com/quote/ebr/DECB/","EUR","Industrials","Building Products & Equipment",349070000,"EUR","2026-09-16","retrieval date of daily exchange list","rounded source display","2026-09-16","Matériaux","company matched to selected lookup listing","","","https://query2.finance.yahoo.com/v8/finance/chart/DECB.BR?interval=1d&range=1d","https://query2.finance.yahoo.com/v1/finance/search?q=DECEUNINCK&quotesCount=8&newsCount=0","https://stockanalysis.com/list/euronext-brussels/",""
"Deere & Company","Deere & Company","DE","NYSE","DE","https://finance.yahoo.com/quote/DE/","USD","Industrials","Farm & Heavy Construction Machinery",180506116096,"USD","2026-09-16","quote date shown by market-cap source","provider raw value","2026-09-16","Industrie","company matched to selected lookup listing","","","https://finance.yahoo.com/quote/DE/","https://finance.yahoo.com/quote/DE/","https://finance.yahoo.com/quote/DE/",""
"Dell Technologies","Dell Technologies Inc.","DELL","NYSE","DELL","https://finance.yahoo.com/quote/DELL/","USD","Technology","Computer Hardware",358146932736,"USD","2026-09-16","quote date shown by market-cap source","provider raw value","2026-09-16","IT","company matched to selected lookup listing","","","https://finance.yahoo.com/quote/DELL/","https://finance.yahoo.com/quote/DELL/","https://finance.yahoo.com/quote/DELL/",""
"Delta Air Lines","Delta Air Lines, Inc.","DAL","NYSE","DAL","https://finance.yahoo.com/quote/DAL/","USD","Industrials","Airlines",51209109504,"USD","2026-09-16","quote date shown by market-cap source","provider raw value","2026-09-16","Industrie","company matched to selected lookup listing","","","https://finance.yahoo.com/quote/DAL/","https://finance.yahoo.com/quote/DAL/","https://finance.yahoo.com/quote/DAL/",""
"DEME GROUP","DEME Group NV","DEME","Euronext Brussels","DEME.BR","https://finance.yahoo.com/quote/DEME.BR/","EUR","Industrials","Engineering & Construction",4560834560,"EUR","2026-09-16","quote date shown by market-cap source","provider raw value","2026-09-16","Industrie","company matched to selected lookup listing","","","https://finance.yahoo.com/quote/DEME.BR/","https://query2.finance.yahoo.com/v1/finance/search?q=DEME+GROUP&quotesCount=8&newsCount=0","https://finance.yahoo.com/quote/DEME.BR/",""
"DERICHEBOURG","Derichebourg SA","DBG","Euronext Paris","DBG.PA","https://stockanalysis.com/quote/epa/DBG/","EUR","Industrials","Waste Management",1440000000,"EUR","2026-09-16","quote date shown by market-cap source","rounded source display","2026-09-16","Autres","company matched to selected lookup listing","","","https://query2.finance.yahoo.com/v8/finance/chart/DBG.PA?interval=1d&range=1d","https://query2.finance.yahoo.com/v1/finance/search?q=DERICHEBOURG&quotesCount=8&newsCount=0","https://stockanalysis.com/quote/epa/DBG/",""
"DEUTSCHE BANK AG","Deutsche Bank Aktiengesellschaft","DBK","Xetra","DBK.DE","https://finance.yahoo.com/quote/DBK.DE/","EUR","Financial Services","Banks - Regional",63190773760,"EUR","2026-09-16","quote date shown by market-cap source","provider raw value","2026-09-16","Finance","company matched to selected lookup listing","","","https://finance.yahoo.com/quote/DBK.DE/","https://finance.yahoo.com/quote/DBK.DE/","https://finance.yahoo.com/quote/DBK.DE/",""
"DEUTSCHE BOERSE AG","Deutsche Börse AG","DB1","Xetra","DB1.DE","https://finance.yahoo.com/quote/DB1.DE/","EUR","Financial Services","Financial Data & Stock Exchanges",49975742464,"EUR","2026-09-16","quote date shown by market-cap source","provider raw value","2026-09-16","Finance","company matched to selected lookup listing","","","https://finance.yahoo.com/quote/DB1.DE/","https://finance.yahoo.com/quote/DB1.DE/","https://finance.yahoo.com/quote/DB1.DE/",""
"DEUTSCHE POST AG","DHL AG","DHL","Xetra","DHL.DE","https://finance.yahoo.com/quote/DHL.DE/","EUR","Industrials","Integrated Freight & Logistics",62409003008,"EUR","2026-09-16","quote date shown by market-cap source","provider raw value","2026-09-16","Industrie","company matched to selected lookup listing","Challenge uses Deutsche Post; current quoted name is DHL.","","https://finance.yahoo.com/quote/DHL.DE/","https://finance.yahoo.com/quote/DHL.DE/","https://finance.yahoo.com/quote/DHL.DE/",""
"DEUTSCHE WOHNEN SE","Deutsche Wohnen SE","DWNI","Xetra","DWNI.DE","https://stockanalysis.com/quote/etr/DWNI/","EUR","Real Estate","Real Estate Services",6700000000,"EUR","2026-09-08","quote date shown by market-cap source","rounded source display","2026-09-16","Immobilier","company matched to selected lookup listing","Market-cap source snapshot is over five calendar days old; see source date.","","https://query2.finance.yahoo.com/v8/finance/chart/DWNI.DE?interval=1d&range=1d","https://query2.finance.yahoo.com/v1/finance/search?q=DEUTSCHE+WOHNEN+SE&quotesCount=8&newsCount=0","https://stockanalysis.com/quote/etr/DWNI/",""
"DexCom","DexCom, Inc.","DXCM","Nasdaq Global Select Market","DXCM","https://finance.yahoo.com/quote/DXCM/","USD","Healthcare","Medical Devices",32958687232,"USD","2026-09-16","quote date shown by market-cap source","provider raw value","2026-09-16","Soins de santé","company matched to selected lookup listing","","","https://finance.yahoo.com/quote/DXCM/","https://finance.yahoo.com/quote/DXCM/","https://finance.yahoo.com/quote/DXCM/",""
"Diamondback Energy","Diamondback Energy, Inc.","FANG","Nasdaq Global Select Market","FANG","https://finance.yahoo.com/quote/FANG/","USD","Energy","Oil & Gas E&P",54475046912,"USD","2026-09-16","quote date shown by market-cap source","provider raw value","2026-09-16","Énergie","company matched to selected lookup listing","","","https://finance.yahoo.com/quote/FANG/","https://finance.yahoo.com/quote/FANG/","https://finance.yahoo.com/quote/FANG/",""
"Dominion Energy","Dominion Energy, Inc.","D","NYSE","D","https://finance.yahoo.com/quote/D/","USD","Utilities","Utilities - Regulated Electric",55858692096,"USD","2026-09-16","quote date shown by market-cap source","provider raw value","2026-09-16","Services publics","company matched to selected lookup listing","","","https://finance.yahoo.com/quote/D/","https://finance.yahoo.com/quote/D/","https://finance.yahoo.com/quote/D/",""
"DoorDash","DoorDash, Inc.","DASH","Nasdaq Global Select Market","DASH","https://finance.yahoo.com/quote/DASH/","USD","Consumer Cyclical","Internet Retail",85255700480,"USD","2026-09-16","quote date shown by market-cap source","provider raw value","2026-09-16","IT","company matched to selected lookup listing","","","https://finance.yahoo.com/quote/DASH/","https://finance.yahoo.com/quote/DASH/","https://finance.yahoo.com/quote/DASH/",""
"DSM FIRMENICH AG","DSM-Firmenich AG","DSFIR","Euronext Amsterdam","DSFIR.AS","https://finance.yahoo.com/quote/DSFIR.AS/","EUR","Basic Materials","Specialty Chemicals",22547884032,"EUR","2026-09-16","quote date shown by market-cap source","provider raw value","2026-09-16","Matériaux","company matched to selected lookup listing","","","https://finance.yahoo.com/quote/DSFIR.AS/","https://query2.finance.yahoo.com/v1/finance/search?q=DSM+FIRMENICH+AG&quotesCount=8&newsCount=0","https://finance.yahoo.com/quote/DSFIR.AS/",""
"Duke Energy Corp","Duke Energy Corporation","DUK","NYSE","DUK","https://finance.yahoo.com/quote/DUK/","USD","Utilities","Utilities - Regulated Electric",91817730048,"USD","2026-09-16","quote date shown by market-cap source","provider raw value","2026-09-16","Services publics","company matched to selected lookup listing","","","https://finance.yahoo.com/quote/DUK/","https://finance.yahoo.com/quote/DUK/","https://finance.yahoo.com/quote/DUK/",""
"E.ON SE","E.ON SE","EOAN","Xetra","EOAN.DE","https://finance.yahoo.com/quote/EOAN.DE/","EUR","Utilities","Utilities - Diversified",46160023552,"EUR","2026-09-16","quote date shown by market-cap source","provider raw value","2026-09-16","Services publics","company matched to selected lookup listing","","","https://finance.yahoo.com/quote/EOAN.DE/","https://finance.yahoo.com/quote/EOAN.DE/","https://finance.yahoo.com/quote/EOAN.DE/",""
"Eastman Chemical Company","Eastman Chemical Company","EMN","NYSE","EMN","https://finance.yahoo.com/quote/EMN/","USD","Basic Materials","Specialty Chemicals",7439233536,"USD","2026-09-16","quote date shown by market-cap source","provider raw value","2026-09-16","Matériaux","company matched to selected lookup listing","","","https://finance.yahoo.com/quote/EMN/","https://query2.finance.yahoo.com/v1/finance/search?q=Eastman+Chemical+Company&quotesCount=8&newsCount=0","https://finance.yahoo.com/quote/EMN/",""
"EBUSCO HOLDING N.V.","Ebusco Holding N.V.","EBUS","Euronext Amsterdam","EBUS.AS","https://stockanalysis.com/quote/ams/EBUS/","EUR","Consumer Cyclical","Auto Manufacturers",44190000,"EUR","2026-09-16","retrieval date of daily exchange list","rounded source display","2026-09-16","Consommation discrétionnaire","company matched to selected lookup listing","","","https://query2.finance.yahoo.com/v8/finance/chart/EBUS.AS?interval=1d&range=1d","https://query2.finance.yahoo.com/v1/finance/search?q=EBUSCO+HOLDING+N.V.&quotesCount=8&newsCount=0","https://stockanalysis.com/list/euronext-amsterdam/",""
"Ecolab","Ecolab Inc.","ECL","NYSE","ECL","https://finance.yahoo.com/quote/ECL/","USD","Basic Materials","Specialty Chemicals",76832464896,"USD","2026-09-16","quote date shown by market-cap source","provider raw value","2026-09-16","Matériaux","company matched to selected lookup listing","","","https://finance.yahoo.com/quote/ECL/","https://query2.finance.yahoo.com/v1/finance/search?q=Ecolab&quotesCount=8&newsCount=0","https://finance.yahoo.com/quote/ECL/",""
"ECONOCOM GROUP","Econocom Group SE","ECONB","Euronext Brussels","ECONB.BR","https://stockanalysis.com/quote/ebr/ECONB/","EUR","Technology","Information Technology Services",223290000,"EUR","2026-09-16","retrieval date of daily exchange list","rounded source display","2026-09-16","IT","company matched to selected lookup listing","","","https://query2.finance.yahoo.com/v8/finance/chart/ECONB.BR?interval=1d&range=1d","https://query2.finance.yahoo.com/v1/finance/search?q=ECONOCOM+GROUP&quotesCount=8&newsCount=0","https://stockanalysis.com/list/euronext-brussels/",""
"EDENRED","Edenred SE","EDEN","Euronext Paris","EDEN.PA","https://stockanalysis.com/quote/epa/EDEN/","EUR","Financial Services","Credit Services",6620000000,"EUR","2026-09-14","quote date shown by market-cap source","rounded source display","2026-09-16","Finance","company matched to selected lookup listing","","","https://query2.finance.yahoo.com/v8/finance/chart/EDEN.PA?interval=1d&range=1d","https://query2.finance.yahoo.com/v1/finance/search?q=EDENRED&quotesCount=8&newsCount=0","https://stockanalysis.com/quote/epa/EDEN/",""
"EDP RENOVAVEIS S.A.","EDP Renewables, S.A.","EDPR","Euronext Lisbon","EDPR.LS","https://stockanalysis.com/quote/eli/EDPR/","EUR","Utilities","Utilities—Renewable",13010000000,"EUR","2026-09-16","quote date shown by market-cap source","rounded source display","2026-09-16","Services publics","company matched to selected lookup listing","","","https://query2.finance.yahoo.com/v8/finance/chart/EDPR.LS?interval=1d&range=1d","https://query2.finance.yahoo.com/v1/finance/search?q=EDPR.LS&quotesCount=3&newsCount=0","https://stockanalysis.com/quote/eli/EDPR/",""
"EKOPAK NV","Ekopak NV","EKOP","Euronext Brussels","EKOP.BR","https://stockanalysis.com/quote/ebr/EKOP/","EUR","Utilities","Utilities—Regulated Water",64760000,"EUR","2026-09-16","retrieval date of daily exchange list","rounded source display","2026-09-16","Industrie","company matched to selected lookup listing","","","https://query2.finance.yahoo.com/v8/finance/chart/EKOP.BR?interval=1d&range=1d","https://query2.finance.yahoo.com/v1/finance/search?q=EKOPAK+NV&quotesCount=8&newsCount=0","https://stockanalysis.com/list/euronext-brussels/",""
"Eli Lilly & Co","Eli Lilly and Company","LLY","NYSE","LLY","https://finance.yahoo.com/quote/LLY/","USD","Healthcare","Drug Manufacturers - General",1014641131520,"USD","2026-09-16","quote date shown by market-cap source","provider raw value","2026-09-16","Soins de santé","company matched to selected lookup listing","","","https://finance.yahoo.com/quote/LLY/","https://finance.yahoo.com/quote/LLY/","https://finance.yahoo.com/quote/LLY/",""
"ELIA GROUP","Elia Group SA/NV","ELI","Euronext Brussels","ELI.BR","https://finance.yahoo.com/quote/ELI.BR/","EUR","Utilities","Utilities - Regulated Electric",12988107776,"EUR","2026-09-16","quote date shown by market-cap source","provider raw value","2026-09-16","Services publics","company matched to selected lookup listing","","","https://finance.yahoo.com/quote/ELI.BR/","https://finance.yahoo.com/quote/ELI.BR/","https://finance.yahoo.com/quote/ELI.BR/",""
"Emerson Electric Co","Emerson Electric Co.","EMR","NYSE","EMR","https://finance.yahoo.com/quote/EMR/","USD","Industrials","Specialty Industrial Machinery",81343971328,"USD","2026-09-16","quote date shown by market-cap source","provider raw value","2026-09-16","Industrie","company matched to selected lookup listing","","","https://finance.yahoo.com/quote/EMR/","https://finance.yahoo.com/quote/EMR/","https://finance.yahoo.com/quote/EMR/",""
"ENEL S.P.A.","Enel SpA","ENEL","Borsa Italiana (Euronext Milan)","ENEL.MI","https://finance.yahoo.com/quote/ENEL.MI/","EUR","Utilities","Utilities - Diversified",88274059264,"EUR","2026-09-16","quote date shown by market-cap source","provider raw value","2026-09-16","Autres","company matched to selected lookup listing","","","https://finance.yahoo.com/quote/ENEL.MI/","https://finance.yahoo.com/quote/ENEL.MI/","https://finance.yahoo.com/quote/ENEL.MI/",""
"ENGIE","Engie SA","ENGI","Euronext Paris","ENGI.PA","https://finance.yahoo.com/quote/ENGI.PA/","EUR","Utilities","Utilities - Diversified",61152432128,"EUR","2026-09-16","quote date shown by market-cap source","provider raw value","2026-09-16","Services publics","company matched to selected lookup listing","","","https://finance.yahoo.com/quote/ENGI.PA/","https://finance.yahoo.com/quote/ENGI.PA/","https://finance.yahoo.com/quote/ENGI.PA/",""
"Enphase Energy","Enphase Energy, Inc.","ENPH","Nasdaq Global Market","ENPH","https://finance.yahoo.com/quote/ENPH/","USD","Technology","Solar",4699063808,"USD","2026-09-16","quote date shown by market-cap source","provider raw value","2026-09-16","Énergie","company matched to selected lookup listing","","","https://finance.yahoo.com/quote/ENPH/","https://finance.yahoo.com/quote/ENPH/","https://finance.yahoo.com/quote/ENPH/",""
"ENVIPCO","Envipco Holding N.V.","ENVI","Euronext Amsterdam","ENVI.AS","https://stockanalysis.com/quote/ams/ENVI/","EUR","Industrials","Pollution & Treatment Controls",214790000,"EUR","2026-09-16","retrieval date of daily exchange list","rounded source display","2026-09-16","Industrie","company matched to selected lookup listing","","","https://query2.finance.yahoo.com/v8/finance/chart/ENVI.AS?interval=1d&range=1d","https://query2.finance.yahoo.com/v1/finance/search?q=ENVIPCO&quotesCount=8&newsCount=0","https://stockanalysis.com/list/euronext-amsterdam/",""
"EOG Resources","EOG Resources, Inc.","EOG","NYSE","EOG","https://finance.yahoo.com/quote/EOG/","USD","Energy","Oil & Gas E&P",76020006912,"USD","2026-09-16","quote date shown by market-cap source","provider raw value","2026-09-16","Énergie","company matched to selected lookup listing","","","https://finance.yahoo.com/quote/EOG/","https://finance.yahoo.com/quote/EOG/","https://finance.yahoo.com/quote/EOG/",""
"Equinix","Equinix, Inc.","EQIX","Nasdaq Global Select Market","EQIX","https://finance.yahoo.com/quote/EQIX/","USD","Real Estate","REIT - Specialty",100266221568,"USD","2026-09-16","quote date shown by market-cap source","provider raw value","2026-09-16","IT","company matched to selected lookup listing","","","https://finance.yahoo.com/quote/EQIX/","https://finance.yahoo.com/quote/EQIX/","https://finance.yahoo.com/quote/EQIX/",""
"EQUINOR ASA","Equinor ASA","EQNR","Oslo Bors (Euronext Oslo)","EQNR.OL","https://finance.yahoo.com/quote/EQNR.OL/","NOK","Energy","Oil & Gas Integrated",998776635392,"NOK","2026-09-16","quote date shown by market-cap source","provider raw value","2026-09-16","Énergie","company matched to selected lookup listing","","","https://finance.yahoo.com/quote/EQNR.OL/","https://query2.finance.yahoo.com/v1/finance/search?q=EQUINOR+ASA&quotesCount=8&newsCount=0","https://finance.yahoo.com/quote/EQNR.OL/",""
"ESSILORLUXOTTICA","EssilorLuxottica Société anonyme","EL","Euronext Paris","EL.PA","https://finance.yahoo.com/quote/EL.PA/","EUR","Healthcare","Medical Instruments & Supplies",66561523712,"EUR","2026-09-16","quote date shown by market-cap source","provider raw value","2026-09-16","Soins de santé","company matched to selected lookup listing","","","https://finance.yahoo.com/quote/EL.PA/","https://finance.yahoo.com/quote/EL.PA/","https://finance.yahoo.com/quote/EL.PA/",""
"Etsy","Etsy, Inc.","ETSY","NYSE","ETSY","https://finance.yahoo.com/quote/ETSY/","USD","Consumer Cyclical","Internet Retail",6742286848,"USD","2026-09-16","quote date shown by market-cap source","provider raw value","2026-09-16","Consommation discrétionnaire","company matched to selected lookup listing","","","https://finance.yahoo.com/quote/ETSY/","https://finance.yahoo.com/quote/ETSY/","https://finance.yahoo.com/quote/ETSY/",""
"EUROCOMMERCIAL PROPERTIES","Eurocommercial Properties N.V.","ECMPA","Euronext Amsterdam","ECMPA.AS","https://finance.yahoo.com/quote/ECMPA.AS/","EUR","Real Estate","REIT - Retail",1480000000,"EUR","2026-09-16","retrieval date of daily exchange list","rounded source display","2026-09-16","Immobilier","company matched to selected lookup listing","","","https://finance.yahoo.com/quote/ECMPA.AS/","https://finance.yahoo.com/quote/ECMPA.AS/","https://stockanalysis.com/list/euronext-amsterdam/",""
"EUROFINS SCIENT.","Eurofins Scientific SE","ERF","Euronext Paris","ERF.PA","https://finance.yahoo.com/quote/ERF.PA/","EUR","Healthcare","Diagnostics & Research",12860600320,"EUR","2026-09-16","quote date shown by market-cap source","provider raw value","2026-09-16","Soins de santé","company matched to selected lookup listing","","","https://finance.yahoo.com/quote/ERF.PA/","https://finance.yahoo.com/quote/ERF.PA/","https://finance.yahoo.com/quote/ERF.PA/",""
"EURONEXT","Euronext N.V.","ENX","Euronext Paris","ENX.PA","https://finance.yahoo.com/quote/ENX.PA/","EUR","Financial Services","Financial Data & Stock Exchanges",16020000000,"EUR","2026-09-16","quote date shown by market-cap source","rounded source display","2026-09-16","Autres","company matched to selected lookup listing","","","https://finance.yahoo.com/quote/ENX.PA/","https://finance.yahoo.com/quote/ENX.PA/","https://stockanalysis.com/quote/epa/ENX/",""
"Everest Group Ltd","Everest Group, Ltd.","EG","NYSE","EG","https://finance.yahoo.com/quote/EG/","USD","Financial Services","Insurance - Reinsurance",14484734976,"USD","2026-09-16","quote date shown by market-cap source","provider raw value","2026-09-16","Finance","company matched to selected lookup listing","","","https://finance.yahoo.com/quote/EG/","https://finance.yahoo.com/quote/EG/","https://finance.yahoo.com/quote/EG/",""
"EVS BROADC.EQUIPM.","EVS SA","EVS","Euronext Brussels","EVS.BR","https://stockanalysis.com/quote/ebr/EVS/","EUR","Technology","Communication Equipment",373120000,"EUR","2026-09-16","retrieval date of daily exchange list","rounded source display","2026-09-16","Industrie","company matched to selected lookup listing","","","https://query2.finance.yahoo.com/v8/finance/chart/EVS.BR?interval=1d&range=1d","https://query2.finance.yahoo.com/v1/finance/search?q=EVS.BR&quotesCount=3&newsCount=0","https://stockanalysis.com/list/euronext-brussels/",""
"Exelon Corp","Exelon Corporation","EXC","Nasdaq Global Select Market","EXC","https://finance.yahoo.com/quote/EXC/","USD","Utilities","Utilities - Regulated Electric",43723976704,"USD","2026-09-16","quote date shown by market-cap source","provider raw value","2026-09-16","Services publics","company matched to selected lookup listing","","","https://finance.yahoo.com/quote/EXC/","https://finance.yahoo.com/quote/EXC/","https://finance.yahoo.com/quote/EXC/",""
"EXMAR ord.","Exmar NV","EXM","Euronext Brussels","EXM.BR","https://stockanalysis.com/quote/ebr/EXM/","EUR","Energy","Oil & Gas Equipment & Services",946240000,"EUR","2026-09-16","retrieval date of daily exchange list","rounded source display","2026-09-16","Industrie","company matched to selected lookup listing","","","https://query2.finance.yahoo.com/v8/finance/chart/EXM.BR?interval=1d&range=1d","https://query2.finance.yahoo.com/v1/finance/search?q=EXMAR+ord.&quotesCount=8&newsCount=0","https://stockanalysis.com/list/euronext-brussels/",""
"EXOR","Exor N.V.","EXO","Euronext Amsterdam","EXO.AS","https://stockanalysis.com/quote/ams/EXO/","EUR","Financial Services","Asset Management",14430000000,"EUR","2026-09-16","retrieval date of daily exchange list","rounded source display","2026-09-16","Finance","company matched to selected lookup listing","","","https://query2.finance.yahoo.com/v8/finance/chart/EXO.AS?interval=1d&range=1d","https://query2.finance.yahoo.com/v1/finance/search?q=EXOR&quotesCount=8&newsCount=0","https://stockanalysis.com/list/euronext-amsterdam/",""
"ExxonMobil Holdings Corporation","ExxonMobil Holdings Corporation","XOM","NYSE","XOM","https://finance.yahoo.com/quote/XOM/","USD","Energy","Oil & Gas Integrated",671557484544,"USD","2026-09-16","quote date shown by market-cap source","provider raw value","2026-09-16","Énergie","company matched to selected lookup listing","","","https://finance.yahoo.com/quote/XOM/","https://finance.yahoo.com/quote/XOM/","https://finance.yahoo.com/quote/XOM/",""
"F5, Inc.","F5, Inc.","FFIV","Nasdaq Global Select Market","FFIV","https://finance.yahoo.com/quote/FFIV/","USD","Technology","Software - Infrastructure",23986708480,"USD","2026-09-16","quote date shown by market-cap source","provider raw value","2026-09-16","IT","company matched to selected lookup listing","","","https://finance.yahoo.com/quote/FFIV/","https://finance.yahoo.com/quote/FFIV/","https://finance.yahoo.com/quote/FFIV/",""
"FAGRON","Fagron NV","FAGR","Euronext Brussels","FAGR.BR","https://stockanalysis.com/quote/ebr/FAGR/","EUR","Healthcare","Drug Manufacturers—Specialty & Generic",1620000000,"EUR","2026-09-16","retrieval date of daily exchange list","rounded source display","2026-09-16","Soins de santé","company matched to selected lookup listing","","","https://query2.finance.yahoo.com/v8/finance/chart/FAGR.BR?interval=1d&range=1d","https://query2.finance.yahoo.com/v1/finance/search?q=FAGRON&quotesCount=8&newsCount=0","https://stockanalysis.com/list/euronext-brussels/",""
"Fastenal Company","Fastenal Company","FAST","Nasdaq Global Select Market","FAST","https://finance.yahoo.com/quote/FAST/","USD","Industrials","Industrial Distribution",56261804032,"USD","2026-09-16","quote date shown by market-cap source","provider raw value","2026-09-16","Industrie","company matched to selected lookup listing","","","https://finance.yahoo.com/quote/FAST/","https://finance.yahoo.com/quote/FAST/","https://finance.yahoo.com/quote/FAST/",""
"FASTNED","Fastned B.V.","FAST","Euronext Amsterdam","FAST.AS","https://finance.yahoo.com/quote/FAST.AS/","EUR","Consumer Cyclical","Specialty Retail",753731456,"EUR","2026-09-16","quote date shown by market-cap source","provider raw value","2026-09-16","Énergie","company matched to selected lookup listing","","","https://finance.yahoo.com/quote/FAST.AS/","https://query2.finance.yahoo.com/v1/finance/search?q=FASTNED&quotesCount=8&newsCount=0","https://finance.yahoo.com/quote/FAST.AS/",""
"FedEx Corp","FedEx Corporation","FDX","NYSE","FDX","https://finance.yahoo.com/quote/FDX/","USD","Industrials","Integrated Freight & Logistics",71408205824,"USD","2026-09-16","quote date shown by market-cap source","provider raw value","2026-09-16","Industrie","company matched to selected lookup listing","","","https://finance.yahoo.com/quote/FDX/","https://finance.yahoo.com/quote/FDX/","https://finance.yahoo.com/quote/FDX/",""
"Ferrari NV","Ferrari N.V.","RACE","Borsa Italiana (Euronext Milan)","RACE.MI","https://finance.yahoo.com/quote/RACE.MI/","EUR","Consumer Cyclical","Auto Manufacturers",62699143168,"EUR","2026-09-16","quote date shown by market-cap source","provider raw value","2026-09-16","Consommation discrétionnaire","company matched to selected lookup listing","","","https://finance.yahoo.com/quote/RACE.MI/","https://finance.yahoo.com/quote/RACE.MI/","https://finance.yahoo.com/quote/RACE.MI/",""
"Ferrovial NV","Ferrovial N.V.","FER","Euronext Amsterdam","FER.AS","https://stockanalysis.com/quote/ams/FER/","EUR","Industrials","Engineering & Construction",34800000000,"EUR","2026-09-10","quote date shown by market-cap source","rounded source display","2026-09-16","Industrie","company matched to selected lookup listing","Amsterdam listing selected; the company also has a Nasdaq listing under FER. Market-cap source snapshot is over five calendar days old; see source date.","","https://query2.finance.yahoo.com/v8/finance/chart/FER.AS?interval=1d&range=1d","https://query2.finance.yahoo.com/v1/finance/search?q=FER.AS&quotesCount=3&newsCount=0","https://stockanalysis.com/quote/ams/FER/",""
"Fidelity National Information Services","Fidelity National Information Services, Inc.","FIS","NYSE","FIS","https://finance.yahoo.com/quote/FIS/","USD","Technology","Information Technology Services",19003762688,"USD","2026-09-16","quote date shown by market-cap source","provider raw value","2026-09-16","Industrie","company matched to selected lookup listing","","","https://finance.yahoo.com/quote/FIS/","https://finance.yahoo.com/quote/FIS/","https://finance.yahoo.com/quote/FIS/",""
"FIRST MAJESTIC SILVER Corp","First Majestic Silver Corp.","AG","NYSE","AG","https://finance.yahoo.com/quote/AG/","USD","Basic Materials","Silver",9034973184,"USD","2026-09-16","quote date shown by market-cap source","provider raw value","2026-09-16","Matériaux","company matched to selected lookup listing","","","https://finance.yahoo.com/quote/AG/","https://finance.yahoo.com/quote/AG/","https://finance.yahoo.com/quote/AG/",""
"Fiserv","Fiserv, Inc.","FISV","Nasdaq Global Select Market","FISV","https://finance.yahoo.com/quote/FISV/","USD","Technology","Information Technology Services",26295865344,"USD","2026-09-16","quote date shown by market-cap source","provider raw value","2026-09-16","IT","company matched to selected lookup listing","Current ticker FISV. Former ticker FI ceased to be the primary ticker when the listing moved to Nasdaq in November 2025.","","https://finance.yahoo.com/quote/FISV/","https://query2.finance.yahoo.com/v1/finance/search?q=Fiserv&quotesCount=8&newsCount=0","https://finance.yahoo.com/quote/FISV/","https://investors.fiserv.com/news-releases/news-release-details/fiserv-announces-transfer-stock-exchange-listing-nasdaq"
"FLOW TRADERS","Flow Traders Ltd.","FLOW","Euronext Amsterdam","FLOW.AS","https://stockanalysis.com/quote/ams/FLOW/","EUR","Financial Services","Capital Markets",1240000000,"EUR","2026-09-16","retrieval date of daily exchange list","rounded source display","2026-09-16","Finance","company matched to selected lookup listing","","","https://query2.finance.yahoo.com/v8/finance/chart/FLOW.AS?interval=1d&range=1d","https://query2.finance.yahoo.com/v1/finance/search?q=FLOW+TRADERS&quotesCount=8&newsCount=0","https://stockanalysis.com/list/euronext-amsterdam/",""
"FLUXYS BELGIUM","Fluxys Belgium SA","FLUX","Euronext Brussels","FLUX.BR","https://stockanalysis.com/quote/ebr/FLUX/","EUR","Energy","Oil & Gas Midstream",1560000000,"EUR","2026-09-16","retrieval date of daily exchange list","rounded source display","2026-09-16","Énergie","company matched to selected lookup listing","","","https://query2.finance.yahoo.com/v8/finance/chart/FLUX.BR?interval=1d&range=1d","https://query2.finance.yahoo.com/v1/finance/search?q=FLUXYS+BELGIUM&quotesCount=8&newsCount=0","https://stockanalysis.com/list/euronext-brussels/",""
"FORFARMERS","ForFarmers N.V.","FFARM","Euronext Amsterdam","FFARM.AS","https://finance.yahoo.com/quote/FFARM.AS/","EUR","Consumer Defensive","Packaged Foods",515264896,"EUR","2026-09-16","quote date shown by market-cap source","provider raw value","2026-09-16","Biens de consommation courants","company matched to selected lookup listing","","","https://finance.yahoo.com/quote/FFARM.AS/","https://query2.finance.yahoo.com/v1/finance/search?q=FORFARMERS&quotesCount=8&newsCount=0","https://finance.yahoo.com/quote/FFARM.AS/",""
"Fortinet","Fortinet, Inc.","FTNT","Nasdaq Global Select Market","FTNT","https://finance.yahoo.com/quote/FTNT/","USD","Technology","Software - Infrastructure",126029996032,"USD","2026-09-16","quote date shown by market-cap source","provider raw value","2026-09-16","IT","company matched to selected lookup listing","","","https://finance.yahoo.com/quote/FTNT/","https://finance.yahoo.com/quote/FTNT/","https://finance.yahoo.com/quote/FTNT/",""
"Fox Corp","Fox Corporation","FOXA","Nasdaq Global Select Market","FOXA","https://finance.yahoo.com/quote/FOXA/","USD","Communication Services","Entertainment",27816144896,"USD","2026-09-16","quote date shown by market-cap source","provider raw value","2026-09-16","Consommation discrétionnaire","share class not confirmed","Class A FOXA selected; Class B FOX also exists. Challenge share class not confirmed.","FOX","https://finance.yahoo.com/quote/FOXA/","https://finance.yahoo.com/quote/FOXA/","https://finance.yahoo.com/quote/FOXA/",""
"Freeport-McMoran","Freeport-McMoRan Inc.","FCX","NYSE","FCX","https://finance.yahoo.com/quote/FCX/","USD","Basic Materials","Copper",99429851136,"USD","2026-09-16","quote date shown by market-cap source","provider raw value","2026-09-16","Matériaux","company matched to selected lookup listing","","","https://finance.yahoo.com/quote/FCX/","https://finance.yahoo.com/quote/FCX/","https://finance.yahoo.com/quote/FCX/",""
"FRESENIUS MEDICAL CARE AG","Fresenius Medical Care AG","FME","Xetra","FME.DE","https://finance.yahoo.com/quote/FME.DE/","EUR","Healthcare","Medical Care Facilities",10652369920,"EUR","2026-09-16","quote date shown by market-cap source","provider raw value","2026-09-16","Soins de santé","company matched to selected lookup listing","","","https://finance.yahoo.com/quote/FME.DE/","https://finance.yahoo.com/quote/FME.DE/","https://finance.yahoo.com/quote/FME.DE/",""
"FRESENIUS SE & CO. KGAA","Fresenius SE & Co. KGaA","FRE","Xetra","FRE.DE","https://stockanalysis.com/quote/etr/FRE/","EUR","Healthcare","Medical Care Facilities",25570000000,"EUR","2026-09-16","quote date shown by market-cap source","rounded source display","2026-09-16","Soins de santé","company matched to selected lookup listing","","","https://query2.finance.yahoo.com/v8/finance/chart/FRE.DE?interval=1d&range=1d","https://query2.finance.yahoo.com/v1/finance/search?q=FRESENIUS+SE+%26+CO.+KGAA&quotesCount=8&newsCount=0","https://stockanalysis.com/quote/etr/FRE/",""
"FRESNILLO PLC","Fresnillo plc","FRES","London Stock Exchange","FRES.L","https://finance.yahoo.com/quote/FRES.L/","GBp","Basic Materials","Other Precious Metals & Mining",21010000000,"GBP","2026-09-16","quote date shown by market-cap source","rounded source display","2026-09-16","Matériaux","company matched to selected lookup listing","Quote currency is pence; market capitalization is in pounds (GBP).","","https://finance.yahoo.com/quote/FRES.L/","https://query2.finance.yahoo.com/v1/finance/search?q=FRESNILLO+PLC&quotesCount=8&newsCount=0","https://stockanalysis.com/quote/lon/FRES/",""
"FUGRO","Fugro N.V.","FUR","Euronext Amsterdam","FUR.AS","https://finance.yahoo.com/quote/FUR.AS/","EUR","Energy","Oil & Gas Equipment & Services",902921600,"EUR","2026-09-16","quote date shown by market-cap source","provider raw value","2026-09-16","Énergie","company matched to selected lookup listing","","","https://finance.yahoo.com/quote/FUR.AS/","https://query2.finance.yahoo.com/v1/finance/search?q=FUGRO&quotesCount=8&newsCount=0","https://finance.yahoo.com/quote/FUR.AS/",""
"GameStop Corp","GameStop Corp.","GME","NYSE","GME","https://finance.yahoo.com/quote/GME/","USD","Consumer Cyclical","Specialty Retail",11088931840,"USD","2026-09-16","quote date shown by market-cap source","provider raw value","2026-09-16","Consommation discrétionnaire","company matched to selected lookup listing","","","https://finance.yahoo.com/quote/GME/","https://finance.yahoo.com/quote/GME/","https://finance.yahoo.com/quote/GME/",""
"Gartner","Gartner, Inc.","IT","NYSE","IT","https://finance.yahoo.com/quote/IT/","USD","Technology","Information Technology Services",12097449984,"USD","2026-09-16","quote date shown by market-cap source","provider raw value","2026-09-16","IT","company matched to selected lookup listing","","","https://finance.yahoo.com/quote/IT/","https://finance.yahoo.com/quote/IT/","https://finance.yahoo.com/quote/IT/",""
"GBL","Groupe Bruxelles Lambert SA","GBLB","Euronext Brussels","GBLB.BR","https://stockanalysis.com/quote/ebr/GBLB/","EUR","Financial Services","Asset Management",8930000000,"EUR","2026-09-16","retrieval date of daily exchange list","rounded source display","2026-09-16","Finance","company matched to selected lookup listing","","","https://query2.finance.yahoo.com/v8/finance/chart/GBLB.BR?interval=1d&range=1d","https://query2.finance.yahoo.com/v1/finance/search?q=GBL&quotesCount=8&newsCount=0","https://stockanalysis.com/list/euronext-brussels/",""
"GE HealthCare Technologies","GE HealthCare Technologies Inc.","GEHC","Nasdaq Global Select Market","GEHC","https://finance.yahoo.com/quote/GEHC/","USD","Healthcare","Medical Devices",28677560320,"USD","2026-09-16","quote date shown by market-cap source","provider raw value","2026-09-16","Soins de santé","company matched to selected lookup listing","","","https://finance.yahoo.com/quote/GEHC/","https://finance.yahoo.com/quote/GEHC/","https://finance.yahoo.com/quote/GEHC/",""
"Gen Digital","Gen Digital Inc.","GEN","Nasdaq Global Select Market","GEN","https://finance.yahoo.com/quote/GEN/","USD","Technology","Software—Infrastructure",18346690560,"USD","2026-09-16","quote date shown by market-cap source","provider raw value","2026-09-16","IT","company matched to selected lookup listing","","","https://finance.yahoo.com/quote/GEN/","https://query2.finance.yahoo.com/v1/finance/search?q=Gen+Digital&quotesCount=8&newsCount=0","https://finance.yahoo.com/quote/GEN/",""
"General Dynamics Corp","General Dynamics Corporation","GD","NYSE","GD","https://finance.yahoo.com/quote/GD/","USD","Industrials","Aerospace & Defense",97400586240,"USD","2026-09-16","quote date shown by market-cap source","provider raw value","2026-09-16","Industrie","company matched to selected lookup listing","","","https://finance.yahoo.com/quote/GD/","https://finance.yahoo.com/quote/GD/","https://finance.yahoo.com/quote/GD/",""
"General Motors Company","General Motors Company","GM","NYSE","GM","https://finance.yahoo.com/quote/GM/","USD","Consumer Cyclical","Auto Manufacturers",76236218368,"USD","2026-09-16","quote date shown by market-cap source","provider raw value","2026-09-16","Consommation discrétionnaire","company matched to selected lookup listing","","","https://finance.yahoo.com/quote/GM/","https://finance.yahoo.com/quote/GM/","https://finance.yahoo.com/quote/GM/",""
"GENERALI S.P.A.","Assicurazioni Generali S.p.A.","G","Borsa Italiana (Euronext Milan)","G.MI","https://finance.yahoo.com/quote/G.MI/","EUR","Financial Services","Insurance - Diversified",69221974016,"EUR","2026-09-16","quote date shown by market-cap source","provider raw value","2026-09-16","Finance","company matched to selected lookup listing","","","https://finance.yahoo.com/quote/G.MI/","https://finance.yahoo.com/quote/G.MI/","https://finance.yahoo.com/quote/G.MI/",""
"GENMAB AS","Genmab A/S","GMAB","Nasdaq Copenhagen","GMAB.CO","https://finance.yahoo.com/quote/GMAB.CO/","DKK","Healthcare","Biotechnology",135954956288,"DKK","2026-09-16","quote date shown by market-cap source","provider raw value","2026-09-16","Soins de santé","company matched to selected lookup listing","","","https://finance.yahoo.com/quote/GMAB.CO/","https://query2.finance.yahoo.com/v1/finance/search?q=GENMAB+AS&quotesCount=8&newsCount=0","https://finance.yahoo.com/quote/GMAB.CO/",""
"Gentex Corp","Gentex Corporation","GNTX","Nasdaq Global Select Market","GNTX","https://finance.yahoo.com/quote/GNTX/","USD","Consumer Cyclical","Auto Parts",4700344832,"USD","2026-09-16","quote date shown by market-cap source","provider raw value","2026-09-16","Consommation discrétionnaire","company matched to selected lookup listing","","","https://finance.yahoo.com/quote/GNTX/","https://finance.yahoo.com/quote/GNTX/","https://finance.yahoo.com/quote/GNTX/",""
"Gilead Sciences","Gilead Sciences, Inc.","GILD","Nasdaq Global Select Market","GILD","https://finance.yahoo.com/quote/GILD/","USD","Healthcare","Drug Manufacturers - General",183116578816,"USD","2026-09-16","quote date shown by market-cap source","provider raw value","2026-09-16","Soins de santé","company matched to selected lookup listing","","","https://finance.yahoo.com/quote/GILD/","https://finance.yahoo.com/quote/GILD/","https://finance.yahoo.com/quote/GILD/",""
"GIMV","Gimv NV","GIMB","Euronext Brussels","GIMB.BR","https://stockanalysis.com/quote/ebr/GIMB/","EUR","Financial Services","Asset Management",1710000000,"EUR","2026-09-16","retrieval date of daily exchange list","rounded source display","2026-09-16","Finance","company matched to selected lookup listing","","","https://query2.finance.yahoo.com/v8/finance/chart/GIMB.BR?interval=1d&range=1d","https://query2.finance.yahoo.com/v1/finance/search?q=GIMV&quotesCount=8&newsCount=0","https://stockanalysis.com/list/euronext-brussels/",""
"GLENCORE PLC","Glencore plc","GLEN","London Stock Exchange","GLEN.L","https://finance.yahoo.com/quote/GLEN.L/","GBp","Basic Materials","Other Industrial Metals & Mining",66990153728,"GBP","2026-09-16","quote date shown by market-cap source","provider raw value","2026-09-16","Matériaux","company matched to selected lookup listing","Quote currency is pence; market capitalization is in pounds (GBP).","","https://finance.yahoo.com/quote/GLEN.L/","https://finance.yahoo.com/quote/GLEN.L/","https://finance.yahoo.com/quote/GLEN.L/",""
"GlobalFoundries","GLOBALFOUNDRIES Inc.","GFS","Nasdaq Global Select Market","GFS","https://finance.yahoo.com/quote/GFS/","USD","Technology","Semiconductors",23985723392,"USD","2026-09-16","quote date shown by market-cap source","provider raw value","2026-09-16","Autres","company matched to selected lookup listing","","","https://finance.yahoo.com/quote/GFS/","https://finance.yahoo.com/quote/GFS/","https://finance.yahoo.com/quote/GFS/",""
"Goldman Sachs Group","The Goldman Sachs Group, Inc.","GS","NYSE","GS","https://finance.yahoo.com/quote/GS/","USD","Financial Services","Capital Markets",273112940544,"USD","2026-09-16","quote date shown by market-cap source","provider raw value","2026-09-16","Finance","company matched to selected lookup listing","","","https://finance.yahoo.com/quote/GS/","https://finance.yahoo.com/quote/GS/","https://finance.yahoo.com/quote/GS/",""
"HAL TRUST","HAL Trust","HAL","Euronext Amsterdam","HAL.AS","https://stockanalysis.com/quote/ams/HAL/","EUR","Financial Services","Asset Management",14870000000,"EUR","2026-09-16","retrieval date of daily exchange list","rounded source display","2026-09-16","Finance","company matched to selected lookup listing","","","https://query2.finance.yahoo.com/v8/finance/chart/HAL.AS?interval=1d&range=1d","https://query2.finance.yahoo.com/v1/finance/search?q=HAL+TRUST&quotesCount=8&newsCount=0","https://stockanalysis.com/list/euronext-amsterdam/",""
"HALEON PLC","Haleon plc","HLN","London Stock Exchange","HLN.L","https://finance.yahoo.com/quote/HLN.L/","GBp","Healthcare","Drug Manufacturers - Specialty & Generic",29886253056,"GBP","2026-09-16","quote date shown by market-cap source","provider raw value","2026-09-16","Soins de santé","company matched to selected lookup listing","Quote currency is pence; market capitalization is in pounds (GBP).","","https://finance.yahoo.com/quote/HLN.L/","https://finance.yahoo.com/quote/HLN.L/","https://finance.yahoo.com/quote/HLN.L/",""
"Halliburton Company","Halliburton Company","HAL","NYSE","HAL","https://finance.yahoo.com/quote/HAL/","USD","Energy","Oil & Gas Equipment & Services",28751327232,"USD","2026-09-16","quote date shown by market-cap source","provider raw value","2026-09-16","Énergie","company matched to selected lookup listing","","","https://finance.yahoo.com/quote/HAL/","https://finance.yahoo.com/quote/HAL/","https://finance.yahoo.com/quote/HAL/",""
"Harley-Davidson","Harley-Davidson, Inc.","HOG","NYSE","HOG","https://finance.yahoo.com/quote/HOG/","USD","Consumer Cyclical","Recreational Vehicles",2793306112,"USD","2026-09-16","quote date shown by market-cap source","provider raw value","2026-09-16","Consommation discrétionnaire","company matched to selected lookup listing","","","https://finance.yahoo.com/quote/HOG/","https://query2.finance.yahoo.com/v1/finance/search?q=Harley-Davidson&quotesCount=8&newsCount=0","https://finance.yahoo.com/quote/HOG/",""
"Hartford Financial Services Group (The)","The Hartford Insurance Group, Inc.","HIG","NYSE","HIG","https://finance.yahoo.com/quote/HIG/","USD","Financial Services","Insurance - Diversified",36551467008,"USD","2026-09-16","quote date shown by market-cap source","provider raw value","2026-09-16","Finance","company matched to selected lookup listing","Challenge uses Hartford Financial Services Group; current name is The Hartford Insurance Group.","","https://finance.yahoo.com/quote/HIG/","https://finance.yahoo.com/quote/HIG/","https://finance.yahoo.com/quote/HIG/",""
"Hasbro","Hasbro, Inc.","HAS","Nasdaq Global Select Market","HAS","https://finance.yahoo.com/quote/HAS/","USD","Consumer Cyclical","Leisure",12595270656,"USD","2026-09-16","quote date shown by market-cap source","provider raw value","2026-09-16","Consommation discrétionnaire","company matched to selected lookup listing","","","https://finance.yahoo.com/quote/HAS/","https://query2.finance.yahoo.com/v1/finance/search?q=Hasbro&quotesCount=8&newsCount=0","https://finance.yahoo.com/quote/HAS/",""
"HAVAS","Havas N.V.","HAVAS","Euronext Amsterdam","HAVAS.AS","https://stockanalysis.com/quote/ams/HAVAS/","EUR","Communication Services","Advertising Agencies",1750000000,"EUR","2026-09-16","retrieval date of daily exchange list","rounded source display","2026-09-16","Autres","company matched to selected lookup listing","","","https://query2.finance.yahoo.com/v8/finance/chart/HAVAS.AS?interval=1d&range=1d","https://query2.finance.yahoo.com/v1/finance/search?q=HAVAS&quotesCount=8&newsCount=0","https://stockanalysis.com/list/euronext-amsterdam/",""
"HB Fuller Company","H.B. Fuller Company","FUL","NYSE","FUL","https://stockanalysis.com/stocks/ful/","USD","Basic Materials","Specialty Chemicals",2720000000,"USD","2026-09-16","quote date shown by market-cap source","rounded source display","2026-09-16","Matériaux","company matched to selected lookup listing","","","https://query2.finance.yahoo.com/v8/finance/chart/FUL?interval=1d&range=1d","https://query2.finance.yahoo.com/v1/finance/search?q=FUL&quotesCount=3&newsCount=0","https://stockanalysis.com/stocks/ful/",""
"HCA Healthcare","HCA Healthcare, Inc.","HCA","NYSE","HCA","https://finance.yahoo.com/quote/HCA/","USD","Healthcare","Medical Care Facilities",93188743168,"USD","2026-09-16","quote date shown by market-cap source","provider raw value","2026-09-16","Soins de santé","company matched to selected lookup listing","","","https://finance.yahoo.com/quote/HCA/","https://finance.yahoo.com/quote/HCA/","https://finance.yahoo.com/quote/HCA/",""
"Hecla Mining Company","Hecla Mining Company","HL","NYSE","HL","https://finance.yahoo.com/quote/HL/","USD","Basic Materials","Other Precious Metals & Mining",12085113856,"USD","2026-09-16","quote date shown by market-cap source","provider raw value","2026-09-16","Matériaux","company matched to selected lookup listing","","","https://finance.yahoo.com/quote/HL/","https://finance.yahoo.com/quote/HL/","https://finance.yahoo.com/quote/HL/",""
"HEIDELBERG MATERIALS AG","Heidelberg Materials AG","HEI","Xetra","HEI.DE","https://stockanalysis.com/quote/etr/HEI/","EUR","Basic Materials","Building Materials",26140000000,"EUR","2026-09-16","quote date shown by market-cap source","rounded source display","2026-09-16","Matériaux","company matched to selected lookup listing","","","https://query2.finance.yahoo.com/v8/finance/chart/HEI.DE?interval=1d&range=1d","https://query2.finance.yahoo.com/v1/finance/search?q=HEIDELBERG+MATERIALS+AG&quotesCount=8&newsCount=0","https://stockanalysis.com/quote/etr/HEI/",""
"HEIDELBERGER DRUCKMASCHINEN AG","Heidelberger Druckmaschinen Aktiengesellschaft","HDD","Xetra","HDD.DE","https://finance.yahoo.com/quote/HDD.DE/","EUR","Industrials","Specialty Industrial Machinery",418770000,"EUR","2026-09-16","quote date shown by market-cap source","rounded source display","2026-09-16","Industrie","company matched to selected lookup listing","","","https://finance.yahoo.com/quote/HDD.DE/","https://finance.yahoo.com/quote/HDD.DE/","https://stockanalysis.com/quote/etr/HDD/",""
"HEINEKEN","Heineken N.V.","HEIA","Euronext Amsterdam","HEIA.AS","https://finance.yahoo.com/quote/HEIA.AS/","EUR","Consumer Defensive","Beverages—Brewers",39723376640,"EUR","2026-09-16","quote date shown by market-cap source","provider raw value","2026-09-16","Biens de consommation courants","company matched to selected lookup listing","","","https://finance.yahoo.com/quote/HEIA.AS/","https://query2.finance.yahoo.com/v1/finance/search?q=HEINEKEN&quotesCount=8&newsCount=0","https://finance.yahoo.com/quote/HEIA.AS/",""
"HEINEKEN HOLDING","Heineken Holding N.V.","HEIO","Euronext Amsterdam","HEIO.AS","https://finance.yahoo.com/quote/HEIO.AS/","EUR","Consumer Defensive","Beverages - Brewers",18509357056,"EUR","2026-09-16","quote date shown by market-cap source","provider raw value","2026-09-16","Biens de consommation courants","company matched to selected lookup listing","","","https://finance.yahoo.com/quote/HEIO.AS/","https://finance.yahoo.com/quote/HEIO.AS/","https://finance.yahoo.com/quote/HEIO.AS/",""
"HELLOFRESH SE","HelloFresh SE","HFG","Xetra","HFG.DE","https://stockanalysis.com/quote/etr/HFG/","EUR","Consumer Defensive","Grocery Stores",393350000,"EUR","2026-09-16","quote date shown by market-cap source","rounded source display","2026-09-16","Biens de consommation courants","company matched to selected lookup listing","","","https://query2.finance.yahoo.com/v8/finance/chart/HFG.DE?interval=1d&range=1d","https://query2.finance.yahoo.com/v1/finance/search?q=HELLOFRESH+SE&quotesCount=8&newsCount=0","https://stockanalysis.com/quote/etr/HFG/",""
"HENKEL AG & CO. KGAA","Henkel AG & Co. KGaA","HEN3","Xetra","HEN3.DE","https://stockanalysis.com/quote/etr/HEN3/","EUR","Consumer Defensive","Household & Personal Products",28150000000,"EUR","2026-09-16","quote date shown by market-cap source","rounded source display","2026-09-16","Biens de consommation courants","share class not confirmed","Preferred shares HEN3 selected; ordinary shares HEN also exist. Challenge share class not confirmed.","HEN.DE","https://query2.finance.yahoo.com/v8/finance/chart/HEN3.DE?interval=1d&range=1d","https://query2.finance.yahoo.com/v1/finance/search?q=HENKEL+AG+%26+CO.+KGAA&quotesCount=8&newsCount=0","https://stockanalysis.com/quote/etr/HEN3/",""
"HERMES INTL","Hermès International Société en commandite par actions","RMS","Euronext Paris","RMS.PA","https://finance.yahoo.com/quote/RMS.PA/","EUR","Consumer Cyclical","Luxury Goods",144857759744,"EUR","2026-09-16","quote date shown by market-cap source","provider raw value","2026-09-16","Consommation discrétionnaire","company matched to selected lookup listing","","","https://finance.yahoo.com/quote/RMS.PA/","https://finance.yahoo.com/quote/RMS.PA/","https://finance.yahoo.com/quote/RMS.PA/",""
"Hewlett Packard Enterprise Company","Hewlett Packard Enterprise Company","HPE","NYSE","HPE","https://finance.yahoo.com/quote/HPE/","USD","Technology","Communication Equipment",75240710144,"USD","2026-09-16","quote date shown by market-cap source","provider raw value","2026-09-16","IT","company matched to selected lookup listing","","","https://finance.yahoo.com/quote/HPE/","https://finance.yahoo.com/quote/HPE/","https://finance.yahoo.com/quote/HPE/",""
"Hilton Worldwide Holdings","Hilton Worldwide Holdings Inc.","HLT","NYSE","HLT","https://finance.yahoo.com/quote/HLT/","USD","Consumer Cyclical","Lodging",68786593792,"USD","2026-09-16","quote date shown by market-cap source","provider raw value","2026-09-16","Consommation discrétionnaire","company matched to selected lookup listing","","","https://finance.yahoo.com/quote/HLT/","https://finance.yahoo.com/quote/HLT/","https://finance.yahoo.com/quote/HLT/",""
"HOLCIM LTD.","Holcim AG","HOLN","SIX Swiss Exchange","HOLN.SW","https://finance.yahoo.com/quote/HOLN.SW/","CHF","Basic Materials","Building Materials",37866946560,"CHF","2026-09-16","quote date shown by market-cap source","provider raw value","2026-09-16","Matériaux","company matched to selected lookup listing","","","https://finance.yahoo.com/quote/HOLN.SW/","https://finance.yahoo.com/quote/HOLN.SW/","https://finance.yahoo.com/quote/HOLN.SW/",""
"Holland Colours","Holland Colours N.V.","HOLCO","Euronext Amsterdam","HOLCO.AS","https://stockanalysis.com/quote/ams/HOLCO/","EUR","Basic Materials","Specialty Chemicals",68830000,"EUR","2026-09-16","retrieval date of daily exchange list","rounded source display","2026-09-16","Autres","company matched to selected lookup listing","","","https://query2.finance.yahoo.com/v8/finance/chart/HOLCO.AS?interval=1d&range=1d","https://query2.finance.yahoo.com/v1/finance/search?q=Holland+Colours&quotesCount=8&newsCount=0","https://stockanalysis.com/list/euronext-amsterdam/",""
"Home Depot","The Home Depot, Inc.","HD","NYSE","HD","https://finance.yahoo.com/quote/HD/","USD","Consumer Cyclical","Home Improvement Retail",301771161600,"USD","2026-09-16","quote date shown by market-cap source","provider raw value","2026-09-16","Consommation discrétionnaire","company matched to selected lookup listing","","","https://finance.yahoo.com/quote/HD/","https://finance.yahoo.com/quote/HD/","https://finance.yahoo.com/quote/HD/",""
"HOME INVEST BELGIUM","Home Invest Belgium S.A.","HOMI","Euronext Brussels","HOMI.BR","https://stockanalysis.com/quote/ebr/HOMI/","EUR","Real Estate","REIT—Residential",359610000,"EUR","2026-09-16","retrieval date of daily exchange list","rounded source display","2026-09-16","Immobilier","company matched to selected lookup listing","","","https://query2.finance.yahoo.com/v8/finance/chart/HOMI.BR?interval=1d&range=1d","https://query2.finance.yahoo.com/v1/finance/search?q=HOME+INVEST+BELGIUM&quotesCount=8&newsCount=0","https://stockanalysis.com/list/euronext-brussels/",""
"Honeywell International Inc","Honeywell International Inc.","HON","Nasdaq Global Select Market","HON","https://finance.yahoo.com/quote/HON/","USD","Industrials","Conglomerates",65815760896,"USD","2026-09-16","quote date shown by market-cap source","provider raw value","2026-09-16","Industrie","company matched to selected lookup listing","","","https://finance.yahoo.com/quote/HON/","https://finance.yahoo.com/quote/HON/","https://finance.yahoo.com/quote/HON/",""
"HP","HP Inc.","HPQ","NYSE","HPQ","https://finance.yahoo.com/quote/HPQ/","USD","Technology","Computer Hardware",29488566272,"USD","2026-09-16","quote date shown by market-cap source","provider raw value","2026-09-16","IT","company matched to selected lookup listing","","","https://finance.yahoo.com/quote/HPQ/","https://finance.yahoo.com/quote/HPQ/","https://finance.yahoo.com/quote/HPQ/",""
"HSBC HOLDINGS PLC","HSBC Holdings plc","HSBA","London Stock Exchange","HSBA.L","https://stockanalysis.com/quote/lon/HSBA/","GBp","Financial Services","Banks—Diversified",257670000000,"GBP","2026-09-16","quote date shown by market-cap source","rounded source display","2026-09-16","Autres","company matched to selected lookup listing","Quote currency is pence; market capitalization is in pounds (GBP).","","https://query2.finance.yahoo.com/v8/finance/chart/HSBA.L?interval=1d&range=1d","https://query2.finance.yahoo.com/v1/finance/search?q=HSBC+HOLDINGS+PLC&quotesCount=8&newsCount=0","https://stockanalysis.com/quote/lon/HSBA/",""
"HYDRATEC Gewone aandelen","Hydratec Industries NV","HYDRA","Euronext Amsterdam","HYDRA.AS","https://finance.yahoo.com/quote/HYDRA.AS/","EUR","Industrials","Farm & Heavy Construction Machinery",363957440,"EUR","2026-09-16","quote date shown by market-cap source","provider raw value","2026-09-16","Autres","company matched to selected lookup listing","","","https://finance.yahoo.com/quote/HYDRA.AS/","https://query2.finance.yahoo.com/v1/finance/search?q=HYDRATEC+Gewone+aandelen&quotesCount=8&newsCount=0","https://finance.yahoo.com/quote/HYDRA.AS/",""
"IDEXX Laboratories","IDEXX Laboratories, Inc.","IDXX","Nasdaq Global Select Market","IDXX","https://finance.yahoo.com/quote/IDXX/","USD","Healthcare","Diagnostics & Research",40463556608,"USD","2026-09-16","quote date shown by market-cap source","provider raw value","2026-09-16","Soins de santé","company matched to selected lookup listing","","","https://finance.yahoo.com/quote/IDXX/","https://finance.yahoo.com/quote/IDXX/","https://finance.yahoo.com/quote/IDXX/",""
"Illinois Tool Works","Illinois Tool Works Inc.","ITW","NYSE","ITW","https://finance.yahoo.com/quote/ITW/","USD","Industrials","Specialty Industrial Machinery",76135579648,"USD","2026-09-16","quote date shown by market-cap source","provider raw value","2026-09-16","Industrie","company matched to selected lookup listing","","","https://finance.yahoo.com/quote/ITW/","https://query2.finance.yahoo.com/v1/finance/search?q=Illinois+Tool+Works&quotesCount=8&newsCount=0","https://finance.yahoo.com/quote/ITW/",""
"IMCD","IMCD N.V.","IMCD","Euronext Amsterdam","IMCD.AS","https://stockanalysis.com/quote/ams/IMCD/","EUR","Basic Materials","Specialty Chemicals",5640000000,"EUR","2026-09-16","retrieval date of daily exchange list","rounded source display","2026-09-16","Matériaux","company matched to selected lookup listing","","","https://query2.finance.yahoo.com/v8/finance/chart/IMCD.AS?interval=1d&range=1d","https://query2.finance.yahoo.com/v1/finance/search?q=IMCD&quotesCount=8&newsCount=0","https://stockanalysis.com/list/euronext-amsterdam/",""
"IMMOBEL","Immobel SA","IMMO","Euronext Brussels","IMMO.BR","https://stockanalysis.com/quote/ebr/IMMO/","EUR","Real Estate","Real Estate—Development",197910000,"EUR","2026-09-16","retrieval date of daily exchange list","rounded source display","2026-09-16","Immobilier","company matched to selected lookup listing","","","https://query2.finance.yahoo.com/v8/finance/chart/IMMO.BR?interval=1d&range=1d","https://query2.finance.yahoo.com/v1/finance/search?q=IMMOBEL&quotesCount=8&newsCount=0","https://stockanalysis.com/list/euronext-brussels/",""
"Incyte Corp","Incyte Corporation","INCY","Nasdaq Global Select Market","INCY","https://finance.yahoo.com/quote/INCY/","USD","Healthcare","Biotechnology",25286543360,"USD","2026-09-16","quote date shown by market-cap source","provider raw value","2026-09-16","Soins de santé","company matched to selected lookup listing","","","https://finance.yahoo.com/quote/INCY/","https://finance.yahoo.com/quote/INCY/","https://finance.yahoo.com/quote/INCY/",""
"INDUSTRIA DE DISENO TEXTIL SA","Industria de Diseño Textil, S.A.","ITX","Bolsa de Madrid","ITX.MC","https://finance.yahoo.com/quote/ITX.MC/","EUR","Consumer Cyclical","Apparel Retail",164410179584,"EUR","2026-09-16","quote date shown by market-cap source","provider raw value","2026-09-16","Consommation discrétionnaire","company matched to selected lookup listing","","","https://finance.yahoo.com/quote/ITX.MC/","https://query2.finance.yahoo.com/v1/finance/search?q=ITX.MC&quotesCount=3&newsCount=0","https://finance.yahoo.com/quote/ITX.MC/",""
"INFINEON TECHNOLOGIES AG","Infineon Technologies AG","IFX","Xetra","IFX.DE","https://finance.yahoo.com/quote/IFX.DE/","EUR","Technology","Semiconductors",71472480256,"EUR","2026-09-16","quote date shown by market-cap source","provider raw value","2026-09-16","IT","company matched to selected lookup listing","","","https://finance.yahoo.com/quote/IFX.DE/","https://finance.yahoo.com/quote/IFX.DE/","https://finance.yahoo.com/quote/IFX.DE/",""
"ING GROEP N.V.","ING Groep N.V.","INGA","Euronext Amsterdam","INGA.AS","https://finance.yahoo.com/quote/INGA.AS/","EUR","Financial Services","Banks—Diversified",91027644416,"EUR","2026-09-16","quote date shown by market-cap source","provider raw value","2026-09-16","Finance","company matched to selected lookup listing","","","https://finance.yahoo.com/quote/INGA.AS/","https://query2.finance.yahoo.com/v1/finance/search?q=ING+GROEP+N.V.&quotesCount=8&newsCount=0","https://finance.yahoo.com/quote/INGA.AS/",""
"INPOST S.A.","InPost S.A.","INPST","Euronext Amsterdam","INPST.AS","https://finance.yahoo.com/quote/INPST.AS/","EUR","Industrials","Integrated Freight & Logistics",7773762560,"EUR","2026-09-16","quote date shown by market-cap source","provider raw value","2026-09-16","Industrie","company matched to selected lookup listing","","","https://finance.yahoo.com/quote/INPST.AS/","https://finance.yahoo.com/quote/INPST.AS/","https://finance.yahoo.com/quote/INPST.AS/",""
"Intel Corp","Intel Corporation","INTC","Nasdaq Global Select Market","INTC","https://finance.yahoo.com/quote/INTC/","USD","Technology","Semiconductors",534160932864,"USD","2026-09-16","quote date shown by market-cap source","provider raw value","2026-09-16","IT","company matched to selected lookup listing","","","https://finance.yahoo.com/quote/INTC/","https://finance.yahoo.com/quote/INTC/","https://finance.yahoo.com/quote/INTC/",""
"International Business Machines Corp","International Business Machines Corporation","IBM","NYSE","IBM","https://finance.yahoo.com/quote/IBM/","USD","Technology","Information Technology Services",223747506176,"USD","2026-09-16","quote date shown by market-cap source","provider raw value","2026-09-16","IT","company matched to selected lookup listing","","","https://finance.yahoo.com/quote/IBM/","https://finance.yahoo.com/quote/IBM/","https://finance.yahoo.com/quote/IBM/",""
"Intuit","Intuit Inc.","INTU","Nasdaq Global Select Market","INTU","https://finance.yahoo.com/quote/INTU/","USD","Technology","Software - Application",85015789568,"USD","2026-09-16","quote date shown by market-cap source","provider raw value","2026-09-16","IT","company matched to selected lookup listing","","","https://finance.yahoo.com/quote/INTU/","https://finance.yahoo.com/quote/INTU/","https://finance.yahoo.com/quote/INTU/",""
"Intuitive Surgical","Intuitive Surgical, Inc.","ISRG","Nasdaq Global Select Market","ISRG","https://finance.yahoo.com/quote/ISRG/","USD","Healthcare","Medical Instruments & Supplies",136966119424,"USD","2026-09-16","quote date shown by market-cap source","provider raw value","2026-09-16","Soins de santé","company matched to selected lookup listing","","","https://finance.yahoo.com/quote/ISRG/","https://finance.yahoo.com/quote/ISRG/","https://finance.yahoo.com/quote/ISRG/",""
"INVENTIVA","Inventiva S.A.","IVA","Euronext Paris","IVA.PA","https://stockanalysis.com/quote/epa/IVA/","EUR","Healthcare","Biotechnology",811620000,"EUR","2026-09-16","quote date shown by market-cap source","rounded source display","2026-09-16","Soins de santé","company matched to selected lookup listing","","","https://query2.finance.yahoo.com/v8/finance/chart/IVA.PA?interval=1d&range=1d","https://query2.finance.yahoo.com/v1/finance/search?q=INVENTIVA&quotesCount=8&newsCount=0","https://stockanalysis.com/quote/epa/IVA/",""
"ION BEAM APPLICATIONS","Ion Beam Applications SA","IBAB","Euronext Brussels","IBAB.BR","https://finance.yahoo.com/quote/IBAB.BR/","EUR","Healthcare","Medical Devices",443153632,"EUR","2026-09-16","quote date shown by market-cap source","provider raw value","2026-09-16","Soins de santé","company matched to selected lookup listing","","","https://finance.yahoo.com/quote/IBAB.BR/","https://finance.yahoo.com/quote/IBAB.BR/","https://finance.yahoo.com/quote/IBAB.BR/",""
"Iris Energy Limited","IREN Limited","IREN","Nasdaq Global Select Market","IREN","https://finance.yahoo.com/quote/IREN/","USD","Financial Services","Capital Markets",16794779648,"USD","2026-09-16","quote date shown by market-cap source","provider raw value","2026-09-16","Autres","company matched to selected lookup listing","Challenge uses the former name Iris Energy; current name is IREN.","","https://finance.yahoo.com/quote/IREN/","https://finance.yahoo.com/quote/IREN/","https://finance.yahoo.com/quote/IREN/",""
"ITT","ITT Inc.","ITT","NYSE","ITT","https://finance.yahoo.com/quote/ITT/","USD","Industrials","Specialty Industrial Machinery",17350000000,"USD","2026-09-16","quote date shown by market-cap source","rounded source display","2026-09-16","Industrie","company matched to selected lookup listing","","","https://finance.yahoo.com/quote/ITT/","https://finance.yahoo.com/quote/ITT/","https://stockanalysis.com/stocks/itt/",""
"JENSEN-GROUP","Jensen-Group NV","JEN","Euronext Brussels","JEN.BR","https://stockanalysis.com/quote/ebr/JEN/","EUR","Industrials","Specialty Industrial Machinery",689970000,"EUR","2026-09-16","retrieval date of daily exchange list","rounded source display","2026-09-16","Industrie","company matched to selected lookup listing","","","https://query2.finance.yahoo.com/v8/finance/chart/JEN.BR?interval=1d&range=1d","https://query2.finance.yahoo.com/v1/finance/search?q=JENSEN-GROUP&quotesCount=8&newsCount=0","https://stockanalysis.com/list/euronext-brussels/",""
"Johnson & Johnson","Johnson & Johnson","JNJ","NYSE","JNJ","https://finance.yahoo.com/quote/JNJ/","USD","Healthcare","Drug Manufacturers - General",644117692416,"USD","2026-09-16","quote date shown by market-cap source","provider raw value","2026-09-16","Soins de santé","company matched to selected lookup listing","","","https://finance.yahoo.com/quote/JNJ/","https://finance.yahoo.com/quote/JNJ/","https://finance.yahoo.com/quote/JNJ/",""
"JPMorgan Chase & Co","JPMorgan Chase & Co.","JPM","NYSE","JPM","https://finance.yahoo.com/quote/JPM/","USD","Financial Services","Banks - Diversified",927494373376,"USD","2026-09-16","quote date shown by market-cap source","provider raw value","2026-09-16","Finance","company matched to selected lookup listing","","","https://finance.yahoo.com/quote/JPM/","https://finance.yahoo.com/quote/JPM/","https://finance.yahoo.com/quote/JPM/",""
"JUVENTUS FOOTBALL CLUB S.P.A.","Juventus Football Club S.p.A.","JUVE","Borsa Italiana (Euronext Milan)","JUVE.MI","https://finance.yahoo.com/quote/JUVE.MI/","EUR","Communication Services","Entertainment",786526080,"EUR","2026-09-16","quote date shown by market-cap source","provider raw value","2026-09-16","Consommation discrétionnaire","company matched to selected lookup listing","","","https://finance.yahoo.com/quote/JUVE.MI/","https://query2.finance.yahoo.com/v1/finance/search?q=JUVENTUS+FOOTBALL+CLUB+S.P.A.&quotesCount=8&newsCount=0","https://finance.yahoo.com/quote/JUVE.MI/",""
"KBC","KBC Group NV","KBC","Euronext Brussels","KBC.BR","https://finance.yahoo.com/quote/KBC.BR/","EUR","Financial Services","Banks - Regional",51970000000,"EUR","2026-09-16","retrieval date of daily exchange list","rounded source display","2026-09-16","Finance","company matched to selected lookup listing","","","https://finance.yahoo.com/quote/KBC.BR/","https://finance.yahoo.com/quote/KBC.BR/","https://stockanalysis.com/list/euronext-brussels/",""
"KBC ANCORA ord","KBC Ancora SA","KBCA","Euronext Brussels","KBCA.BR","https://stockanalysis.com/quote/ebr/KBCA/","EUR","Financial Services","Asset Management",7250000000,"EUR","2026-09-16","retrieval date of daily exchange list","rounded source display","2026-09-16","Finance","company matched to selected lookup listing","","","https://query2.finance.yahoo.com/v8/finance/chart/KBCA.BR?interval=1d&range=1d","https://query2.finance.yahoo.com/v1/finance/search?q=KBC+ANCORA+ord&quotesCount=8&newsCount=0","https://stockanalysis.com/list/euronext-brussels/",""
"Keel Infrastructure Group","Keel Infrastructure Corp.","KEEL","Nasdaq Global Market","KEEL","https://finance.yahoo.com/quote/KEEL/","USD","Technology","Information Technology Services",2099748864,"USD","2026-09-16","quote date shown by market-cap source","provider raw value","2026-09-16","Industrie","company matched to selected lookup listing","Keel Infrastructure is the successor to Bitfarms; current Nasdaq ticker KEEL.","","https://finance.yahoo.com/quote/KEEL/","https://finance.yahoo.com/quote/KEEL/","https://finance.yahoo.com/quote/KEEL/","https://ir.keelinfra.com/faq"
"KENDRION N.V.","Kendrion N.V.","KENDR","Euronext Amsterdam","KENDR.AS","https://finance.yahoo.com/quote/KENDR.AS/","EUR","Industrials","Specialty Industrial Machinery",287680000,"EUR","2026-09-16","retrieval date of daily exchange list","rounded source display","2026-09-16","Industrie","company matched to selected lookup listing","","","https://finance.yahoo.com/quote/KENDR.AS/","https://finance.yahoo.com/quote/KENDR.AS/","https://stockanalysis.com/list/euronext-amsterdam/",""
"KERING","Kering SA","KER","Euronext Paris","KER.PA","https://finance.yahoo.com/quote/KER.PA/","EUR","Consumer Cyclical","Luxury Goods",29183168512,"EUR","2026-09-16","quote date shown by market-cap source","provider raw value","2026-09-16","Consommation discrétionnaire","company matched to selected lookup listing","","","https://finance.yahoo.com/quote/KER.PA/","https://finance.yahoo.com/quote/KER.PA/","https://finance.yahoo.com/quote/KER.PA/",""
"Keurig Dr Pepper","Keurig Dr Pepper Inc.","KDP","Nasdaq Global Select Market","KDP","https://finance.yahoo.com/quote/KDP/","USD","Consumer Defensive","Beverages - Non-Alcoholic",43274264576,"USD","2026-09-16","quote date shown by market-cap source","provider raw value","2026-09-16","Biens de consommation courants","company matched to selected lookup listing","","","https://finance.yahoo.com/quote/KDP/","https://finance.yahoo.com/quote/KDP/","https://finance.yahoo.com/quote/KDP/",""
"Kimberly-Clark Corp","Kimberly-Clark Corporation","KMB","Nasdaq Global Select Market","KMB","https://finance.yahoo.com/quote/KMB/","USD","Consumer Defensive","Household & Personal Products",32626003968,"USD","2026-09-16","quote date shown by market-cap source","provider raw value","2026-09-16","Autres","company matched to selected lookup listing","","","https://finance.yahoo.com/quote/KMB/","https://finance.yahoo.com/quote/KMB/","https://finance.yahoo.com/quote/KMB/",""
"KINEPOLIS GROUP","Kinepolis Group NV","KIN","Euronext Brussels","KIN.BR","https://finance.yahoo.com/quote/KIN.BR/","EUR","Communication Services","Entertainment",1310000000,"EUR","2026-09-16","retrieval date of daily exchange list","rounded source display","2026-09-16","Consommation discrétionnaire","company matched to selected lookup listing","","","https://finance.yahoo.com/quote/KIN.BR/","https://finance.yahoo.com/quote/KIN.BR/","https://stockanalysis.com/list/euronext-brussels/",""
"KLA Corp","KLA Corporation","KLAC","Nasdaq Global Select Market","KLAC","https://finance.yahoo.com/quote/KLAC/","USD","Technology","Semiconductor Equipment & Materials",218663682048,"USD","2026-09-16","quote date shown by market-cap source","provider raw value","2026-09-16","IT","company matched to selected lookup listing","","","https://finance.yahoo.com/quote/KLAC/","https://finance.yahoo.com/quote/KLAC/","https://finance.yahoo.com/quote/KLAC/",""
"KON.PHILIPS N.V.","Koninklijke Philips N.V.","PHIA","Euronext Amsterdam","PHIA.AS","https://finance.yahoo.com/quote/PHIA.AS/","EUR","Healthcare","Medical Devices",21200402432,"EUR","2026-09-16","quote date shown by market-cap source","provider raw value","2026-09-16","Soins de santé","company matched to selected lookup listing","","","https://finance.yahoo.com/quote/PHIA.AS/","https://query2.finance.yahoo.com/v1/finance/search?q=KON.PHILIPS+N.V.&quotesCount=8&newsCount=0","https://finance.yahoo.com/quote/PHIA.AS/",""
"KONINKLIJKE AHOLD DELHAIZE N.V.","Koninklijke Ahold Delhaize N.V.","AD","Euronext Amsterdam","AD.AS","https://finance.yahoo.com/quote/AD.AS/","EUR","Consumer Defensive","Grocery Stores",28073973760,"EUR","2026-09-16","quote date shown by market-cap source","provider raw value","2026-09-16","Biens de consommation courants","company matched to selected lookup listing","","","https://finance.yahoo.com/quote/AD.AS/","https://finance.yahoo.com/quote/AD.AS/","https://finance.yahoo.com/quote/AD.AS/",""
"Koninklijke BAM Groep N.V.","Koninklijke BAM Groep nv","BAMNB","Euronext Amsterdam","BAMNB.AS","https://finance.yahoo.com/quote/BAMNB.AS/","EUR","Industrials","Engineering & Construction",3033574400,"EUR","2026-09-16","quote date shown by market-cap source","provider raw value","2026-09-16","Industrie","company matched to selected lookup listing","","","https://finance.yahoo.com/quote/BAMNB.AS/","https://query2.finance.yahoo.com/v1/finance/search?q=Koninklijke+BAM+Groep+N.V.&quotesCount=8&newsCount=0","https://finance.yahoo.com/quote/BAMNB.AS/",""
"Koninklijke Heijmans N.V.","Koninklijke Heijmans N.V.","HEIJM","Euronext Amsterdam","HEIJM.AS","https://stockanalysis.com/quote/ams/HEIJM/","EUR","Industrials","Engineering & Construction",2400000000,"EUR","2026-09-16","retrieval date of daily exchange list","rounded source display","2026-09-16","Industrie","company matched to selected lookup listing","","","https://query2.finance.yahoo.com/v8/finance/chart/HEIJM.AS?interval=1d&range=1d","https://query2.finance.yahoo.com/v1/finance/search?q=Koninklijke+Heijmans+N.V.&quotesCount=8&newsCount=0","https://stockanalysis.com/list/euronext-amsterdam/",""
"KONINKLIJKE PORCELEYNE FLES","B.V. Delftsch Aardewerkfabriek ""De Porceleyne Fles Anno 1653""","PORF","Euronext Amsterdam","PORF.AS","https://stockanalysis.com/quote/ams/PORF/","EUR","Consumer Defensive","Household & Personal Products",15160000,"EUR","2026-09-16","retrieval date of daily exchange list","rounded source display","2026-09-16","Autres","company matched to selected lookup listing","","","https://query2.finance.yahoo.com/v8/finance/chart/PORF.AS?interval=1d&range=1d","https://query2.finance.yahoo.com/v1/finance/search?q=KONINKLIJKE+PORCELEYNE+FLES&quotesCount=8&newsCount=0","https://stockanalysis.com/list/euronext-amsterdam/",""
"KPN KON","Koninklijke KPN N.V.","KPN","Euronext Amsterdam","KPN.AS","https://finance.yahoo.com/quote/KPN.AS/","EUR","Communication Services","Telecom Services",15895720960,"EUR","2026-09-16","quote date shown by market-cap source","provider raw value","2026-09-16","Services publics","company matched to selected lookup listing","","","https://finance.yahoo.com/quote/KPN.AS/","https://query2.finance.yahoo.com/v1/finance/search?q=KPN+KON&quotesCount=8&newsCount=0","https://finance.yahoo.com/quote/KPN.AS/",""
"Kraft Heinz Company (The)","The Kraft Heinz Company","KHC","NYSE","KHC","https://finance.yahoo.com/quote/KHC/","USD","Consumer Defensive","Packaged Foods",29325420544,"USD","2026-09-16","quote date shown by market-cap source","provider raw value","2026-09-16","Biens de consommation courants","company matched to selected lookup listing","","","https://finance.yahoo.com/quote/KHC/","https://finance.yahoo.com/quote/KHC/","https://finance.yahoo.com/quote/KHC/",""
"L'OREAL","L'Oréal S.A.","OR","Euronext Paris","OR.PA","https://finance.yahoo.com/quote/OR.PA/","EUR","Consumer Defensive","Household & Personal Products",203418959872,"EUR","2026-09-16","quote date shown by market-cap source","provider raw value","2026-09-16","Biens de consommation courants","company matched to selected lookup listing","","","https://finance.yahoo.com/quote/OR.PA/","https://finance.yahoo.com/quote/OR.PA/","https://finance.yahoo.com/quote/OR.PA/",""
"L3Harris Technologies","L3Harris Technologies, Inc.","LHX","NYSE","LHX","https://finance.yahoo.com/quote/LHX/","USD","Industrials","Aerospace & Defense",46691454976,"USD","2026-09-16","quote date shown by market-cap source","provider raw value","2026-09-16","Industrie","company matched to selected lookup listing","","","https://finance.yahoo.com/quote/LHX/","https://finance.yahoo.com/quote/LHX/","https://finance.yahoo.com/quote/LHX/",""
"Lakefront Biotherapeutics","Lakefront Biotherapeutics NV","LKFT","Euronext Amsterdam","LKFT.AS","https://stockanalysis.com/quote/ams/LKFT/","EUR","Healthcare","Biotechnology",1550000000,"EUR","2026-09-16","retrieval date of daily exchange list","rounded source display","2026-09-16","Soins de santé","company matched to selected lookup listing","Formerly Galapagos (GLPG); renamed Lakefront Biotherapeutics (LKFT) in May 2026. Amsterdam ordinary shares selected.","","https://query2.finance.yahoo.com/v8/finance/chart/LKFT.AS?interval=1d&range=1d","https://query2.finance.yahoo.com/v1/finance/search?q=Lakefront+Biotherapeutics&quotesCount=8&newsCount=0","https://stockanalysis.com/list/euronext-amsterdam/","https://lakefrontbio.com/press-releases/galapagos-reports-first-quarter-2026-financial-results-and-provides-business-update/"
"Lam Research Corp","Lam Research Corporation","LRCX","Nasdaq Global Select Market","LRCX","https://finance.yahoo.com/quote/LRCX/","USD","Technology","Semiconductor Equipment & Materials",336893149184,"USD","2026-09-16","quote date shown by market-cap source","provider raw value","2026-09-16","IT","company matched to selected lookup listing","","","https://finance.yahoo.com/quote/LRCX/","https://finance.yahoo.com/quote/LRCX/","https://finance.yahoo.com/quote/LRCX/",""
"LEGRAND","Legrand SA","LR","Euronext Paris","LR.PA","https://finance.yahoo.com/quote/LR.PA/","EUR","Industrials","Electrical Equipment & Parts",35463970816,"EUR","2026-09-16","quote date shown by market-cap source","provider raw value","2026-09-16","Industrie","company matched to selected lookup listing","","","https://finance.yahoo.com/quote/LR.PA/","https://query2.finance.yahoo.com/v1/finance/search?q=LEGRAND&quotesCount=8&newsCount=0","https://finance.yahoo.com/quote/LR.PA/",""
"Linde plc","Linde plc","LIN","Nasdaq Global Select Market","LIN","https://finance.yahoo.com/quote/LIN/","USD","Basic Materials","Specialty Chemicals",213014315008,"USD","2026-09-16","quote date shown by market-cap source","provider raw value","2026-09-16","Matériaux","company matched to selected lookup listing","","","https://finance.yahoo.com/quote/LIN/","https://finance.yahoo.com/quote/LIN/","https://finance.yahoo.com/quote/LIN/",""
"Live Nation Entertainment","Live Nation Entertainment, Inc.","LYV","NYSE","LYV","https://finance.yahoo.com/quote/LYV/","USD","Communication Services","Entertainment",39866359808,"USD","2026-09-16","quote date shown by market-cap source","provider raw value","2026-09-16","Consommation discrétionnaire","company matched to selected lookup listing","","","https://finance.yahoo.com/quote/LYV/","https://finance.yahoo.com/quote/LYV/","https://finance.yahoo.com/quote/LYV/",""
"Lockheed Martin Corp","Lockheed Martin Corporation","LMT","NYSE","LMT","https://finance.yahoo.com/quote/LMT/","USD","Industrials","Aerospace & Defense",123992334336,"USD","2026-09-16","quote date shown by market-cap source","provider raw value","2026-09-16","Industrie","company matched to selected lookup listing","","","https://finance.yahoo.com/quote/LMT/","https://finance.yahoo.com/quote/LMT/","https://finance.yahoo.com/quote/LMT/",""
"LONDONMETRIC PROPERTY PLC","LondonMetric Property Plc","LMP","London Stock Exchange","LMP.L","https://finance.yahoo.com/quote/LMP.L/","GBp","Real Estate","REIT - Industrial",4340800512,"GBP","2026-09-11","quote date shown by market-cap source","provider raw value","2026-09-16","Immobilier","company matched to selected lookup listing","Quote currency is pence; market capitalization is in pounds (GBP).","","https://finance.yahoo.com/quote/LMP.L/","https://finance.yahoo.com/quote/LMP.L/","https://finance.yahoo.com/quote/LMP.L/",""
"LONZA GROUP AG","Lonza Group AG","LONN","SIX Swiss Exchange","LONN.SW","https://finance.yahoo.com/quote/LONN.SW/","CHF","Healthcare","Diagnostics & Research",37604134912,"CHF","2026-09-16","quote date shown by market-cap source","provider raw value","2026-09-16","Soins de santé","company matched to selected lookup listing","","","https://finance.yahoo.com/quote/LONN.SW/","https://finance.yahoo.com/quote/LONN.SW/","https://finance.yahoo.com/quote/LONN.SW/",""
"LOTUS BAKERIES","Lotus Bakeries NV","LOTB","Euronext Brussels","LOTB.BR","https://stockanalysis.com/quote/ebr/LOTB/","EUR","Consumer Defensive","Packaged Foods",9870000000,"EUR","2026-09-16","retrieval date of daily exchange list","rounded source display","2026-09-16","Biens de consommation courants","company matched to selected lookup listing","","","https://query2.finance.yahoo.com/v8/finance/chart/LOTB.BR?interval=1d&range=1d","https://query2.finance.yahoo.com/v1/finance/search?q=LOTUS+BAKERIES&quotesCount=8&newsCount=0","https://stockanalysis.com/list/euronext-brussels/",""
"Lowe's Companies","Lowe's Companies, Inc.","LOW","NYSE","LOW","https://finance.yahoo.com/quote/LOW/","USD","Consumer Cyclical","Home Improvement Retail",108900589568,"USD","2026-09-16","quote date shown by market-cap source","provider raw value","2026-09-16","Consommation discrétionnaire","company matched to selected lookup listing","","","https://finance.yahoo.com/quote/LOW/","https://finance.yahoo.com/quote/LOW/","https://finance.yahoo.com/quote/LOW/",""
"lululemon athletica","lululemon athletica inc.","LULU","Nasdaq Global Select Market","LULU","https://finance.yahoo.com/quote/LULU/","USD","Consumer Cyclical","Apparel Retail",10625948672,"USD","2026-09-16","quote date shown by market-cap source","provider raw value","2026-09-16","Consommation discrétionnaire","company matched to selected lookup listing","","","https://finance.yahoo.com/quote/LULU/","https://finance.yahoo.com/quote/LULU/","https://finance.yahoo.com/quote/LULU/",""
"LVMH","LVMH Moët Hennessy - Louis Vuitton, Société Européenne","MC","Euronext Paris","MC.PA","https://finance.yahoo.com/quote/MC.PA/","EUR","Consumer Cyclical","Luxury Goods",202584064000,"EUR","2026-09-16","quote date shown by market-cap source","provider raw value","2026-09-16","Consommation discrétionnaire","company matched to selected lookup listing","","","https://finance.yahoo.com/quote/MC.PA/","https://finance.yahoo.com/quote/MC.PA/","https://finance.yahoo.com/quote/MC.PA/",""
"LyondellBasell Industries NV","LyondellBasell Industries N.V.","LYB","NYSE","LYB","https://finance.yahoo.com/quote/LYB/","USD","Basic Materials","Specialty Chemicals",20965163008,"USD","2026-09-16","quote date shown by market-cap source","provider raw value","2026-09-16","Matériaux","company matched to selected lookup listing","","","https://finance.yahoo.com/quote/LYB/","https://finance.yahoo.com/quote/LYB/","https://finance.yahoo.com/quote/LYB/",""
"M&G PLC","M&G plc","MNG","London Stock Exchange","MNG.L","https://finance.yahoo.com/quote/MNG.L/","GBp","Financial Services","Asset Management",7940000000,"GBP","2026-09-16","quote date shown by market-cap source","rounded source display","2026-09-16","Finance","company matched to selected lookup listing","Quote currency is pence; market capitalization is in pounds (GBP).","","https://finance.yahoo.com/quote/MNG.L/","https://finance.yahoo.com/quote/MNG.L/","https://stockanalysis.com/quote/lon/MNG/",""
"MARA holdings Inc","MARA Holdings, Inc.","MARA","Nasdaq Capital Market","MARA","https://finance.yahoo.com/quote/MARA/","USD","Financial Services","Capital Markets",4264744192,"USD","2026-09-16","quote date shown by market-cap source","provider raw value","2026-09-16","IT","company matched to selected lookup listing","","","https://finance.yahoo.com/quote/MARA/","https://finance.yahoo.com/quote/MARA/","https://finance.yahoo.com/quote/MARA/",""
"Marriott International","Marriott International, Inc.","MAR","Nasdaq Global Select Market","MAR","https://finance.yahoo.com/quote/MAR/","USD","Consumer Cyclical","Lodging",87348887552,"USD","2026-09-16","quote date shown by market-cap source","provider raw value","2026-09-16","Consommation discrétionnaire","company matched to selected lookup listing","","","https://finance.yahoo.com/quote/MAR/","https://finance.yahoo.com/quote/MAR/","https://finance.yahoo.com/quote/MAR/",""
"Marsh & McLennan Companies","Marsh & McLennan Companies, Inc.","MRSH","NYSE","MRSH","https://finance.yahoo.com/quote/MRSH/","USD","Financial Services","Insurance Brokers",84351860736,"USD","2026-09-16","quote date shown by market-cap source","provider raw value","2026-09-16","Finance","company matched to selected lookup listing","Current ticker MRSH, replacing MMC from 2026-01-14.","","https://finance.yahoo.com/quote/MRSH/","https://finance.yahoo.com/quote/MRSH/","https://finance.yahoo.com/quote/MRSH/","https://www.marsh.com/en/corp/about/news/marsh-mclennan-to-change-nyse-symbol-to-mrsh.html"
"Marvell Technology","Marvell Technology, Inc.","MRVL","Nasdaq Global Select Market","MRVL","https://finance.yahoo.com/quote/MRVL/","USD","Technology","Semiconductors",206441447424,"USD","2026-09-16","quote date shown by market-cap source","provider raw value","2026-09-16","IT","company matched to selected lookup listing","","","https://finance.yahoo.com/quote/MRVL/","https://finance.yahoo.com/quote/MRVL/","https://finance.yahoo.com/quote/MRVL/",""
"Match Group","Match Group, Inc.","MTCH","Nasdaq Global Select Market","MTCH","https://finance.yahoo.com/quote/MTCH/","USD","Communication Services","Internet Content & Information",10165755904,"USD","2026-09-16","quote date shown by market-cap source","provider raw value","2026-09-16","Consommation discrétionnaire","company matched to selected lookup listing","","","https://finance.yahoo.com/quote/MTCH/","https://query2.finance.yahoo.com/v1/finance/search?q=Match+Group&quotesCount=8&newsCount=0","https://finance.yahoo.com/quote/MTCH/",""
"McDonald's Corp","McDonald's Corporation","MCD","NYSE","MCD","https://finance.yahoo.com/quote/MCD/","USD","Consumer Cyclical","Restaurants",175891382272,"USD","2026-09-16","quote date shown by market-cap source","provider raw value","2026-09-16","Consommation discrétionnaire","company matched to selected lookup listing","","","https://finance.yahoo.com/quote/MCD/","https://finance.yahoo.com/quote/MCD/","https://finance.yahoo.com/quote/MCD/",""
"McKesson Corp","McKesson Corporation","MCK","NYSE","MCK","https://finance.yahoo.com/quote/MCK/","USD","Healthcare","Medical Distribution",103449460736,"USD","2026-09-16","quote date shown by market-cap source","provider raw value","2026-09-16","Soins de santé","company matched to selected lookup listing","","","https://finance.yahoo.com/quote/MCK/","https://finance.yahoo.com/quote/MCK/","https://finance.yahoo.com/quote/MCK/",""
"MDxHealth SA","MDxHealth SA","MDXH","Nasdaq Capital Market","MDXH","https://finance.yahoo.com/quote/MDXH/","USD","Healthcare","Diagnostics & Research",64950612,"USD","2026-09-16","quote date shown by market-cap source","provider raw value","2026-09-16","Soins de santé","company matched to selected lookup listing","","","https://finance.yahoo.com/quote/MDXH/","https://finance.yahoo.com/quote/MDXH/","https://finance.yahoo.com/quote/MDXH/",""
"Medtronic plc","Medtronic plc","MDT","NYSE","MDT","https://finance.yahoo.com/quote/MDT/","USD","Healthcare","Medical Devices",118448168960,"USD","2026-09-16","quote date shown by market-cap source","provider raw value","2026-09-16","Soins de santé","company matched to selected lookup listing","","","https://finance.yahoo.com/quote/MDT/","https://finance.yahoo.com/quote/MDT/","https://finance.yahoo.com/quote/MDT/",""
"MELEXIS","Melexis NV","MELE","Euronext Brussels","MELE.BR","https://finance.yahoo.com/quote/MELE.BR/","EUR","Technology","Semiconductors",2557549568,"EUR","2026-09-16","quote date shown by market-cap source","provider raw value","2026-09-16","IT","company matched to selected lookup listing","","","https://finance.yahoo.com/quote/MELE.BR/","https://finance.yahoo.com/quote/MELE.BR/","https://finance.yahoo.com/quote/MELE.BR/",""
"MercadoLibre","MercadoLibre, Inc.","MELI","Nasdaq Global Select Market","MELI","https://finance.yahoo.com/quote/MELI/","USD","Consumer Cyclical","Internet Retail",93267410944,"USD","2026-09-16","quote date shown by market-cap source","provider raw value","2026-09-16","Consommation discrétionnaire","company matched to selected lookup listing","","","https://finance.yahoo.com/quote/MELI/","https://finance.yahoo.com/quote/MELI/","https://finance.yahoo.com/quote/MELI/",""
"MERCEDES-BENZ GROUP AG","Mercedes-Benz Group AG","MBG","Xetra","MBG.DE","https://finance.yahoo.com/quote/MBG.DE/","EUR","Consumer Cyclical","Auto Manufacturers",43429285888,"EUR","2026-09-16","quote date shown by market-cap source","provider raw value","2026-09-16","Consommation discrétionnaire","company matched to selected lookup listing","","","https://finance.yahoo.com/quote/MBG.DE/","https://finance.yahoo.com/quote/MBG.DE/","https://finance.yahoo.com/quote/MBG.DE/",""
"Merck & Co","Merck & Co., Inc.","MRK","NYSE","MRK","https://finance.yahoo.com/quote/MRK/","USD","Healthcare","Drug Manufacturers - General",357517852672,"USD","2026-09-16","quote date shown by market-cap source","provider raw value","2026-09-16","Soins de santé","company matched to selected lookup listing","","","https://finance.yahoo.com/quote/MRK/","https://finance.yahoo.com/quote/MRK/","https://finance.yahoo.com/quote/MRK/",""
"Meta Platforms","Meta Platforms, Inc.","META","Nasdaq Global Select Market","META","https://finance.yahoo.com/quote/META/","USD","Communication Services","Internet Content & Information",1715261407232,"USD","2026-09-16","quote date shown by market-cap source","provider raw value","2026-09-16","IT","company matched to selected lookup listing","","","https://finance.yahoo.com/quote/META/","https://finance.yahoo.com/quote/META/","https://finance.yahoo.com/quote/META/",""
"MetLife","MetLife, Inc.","MET","NYSE","MET","https://finance.yahoo.com/quote/MET/","USD","Financial Services","Insurance - Life",61787422720,"USD","2026-09-16","quote date shown by market-cap source","provider raw value","2026-09-16","Finance","company matched to selected lookup listing","","","https://finance.yahoo.com/quote/MET/","https://finance.yahoo.com/quote/MET/","https://finance.yahoo.com/quote/MET/",""
"MICHELIN","Compagnie Générale des Établissements Michelin Société en commandite par actions","ML","Euronext Paris","ML.PA","https://finance.yahoo.com/quote/ML.PA/","EUR","Consumer Cyclical","Auto Parts",22480000000,"EUR","2026-09-16","quote date shown by market-cap source","rounded source display","2026-09-16","Consommation discrétionnaire","company matched to selected lookup listing","","","https://finance.yahoo.com/quote/ML.PA/","https://query2.finance.yahoo.com/v1/finance/search?q=MICHELIN&quotesCount=8&newsCount=0","https://stockanalysis.com/quote/epa/ML/",""
"Microchip Technology","Microchip Technology Incorporated","MCHP","Nasdaq Global Select Market","MCHP","https://finance.yahoo.com/quote/MCHP/","USD","Technology","Semiconductors",37787975680,"USD","2026-09-16","quote date shown by market-cap source","provider raw value","2026-09-16","IT","company matched to selected lookup listing","","","https://finance.yahoo.com/quote/MCHP/","https://finance.yahoo.com/quote/MCHP/","https://finance.yahoo.com/quote/MCHP/",""
"Micron Technology","Micron Technology, Inc.","MU","Nasdaq Global Select Market","MU","https://finance.yahoo.com/quote/MU/","USD","Technology","Semiconductors",1046439198720,"USD","2026-09-16","quote date shown by market-cap source","provider raw value","2026-09-16","IT","company matched to selected lookup listing","","","https://finance.yahoo.com/quote/MU/","https://finance.yahoo.com/quote/MU/","https://finance.yahoo.com/quote/MU/",""
"Microsoft Corp","Microsoft Corporation","MSFT","Nasdaq Global Select Market","MSFT","https://finance.yahoo.com/quote/MSFT/","USD","Technology","Software - Infrastructure",3640745000960,"USD","2026-09-16","quote date shown by market-cap source","provider raw value","2026-09-16","IT","company matched to selected lookup listing","","","https://finance.yahoo.com/quote/MSFT/","https://finance.yahoo.com/quote/MSFT/","https://finance.yahoo.com/quote/MSFT/",""
"MicroStrategy","Strategy Inc","MSTR","Nasdaq Global Select Market","MSTR","https://finance.yahoo.com/quote/MSTR/","USD","Technology","Software - Application",50129002496,"USD","2026-09-16","quote date shown by market-cap source","provider raw value","2026-09-16","IT","company matched to selected lookup listing","Challenge uses MicroStrategy; current quoted name is Strategy. Ticker remains MSTR.","","https://finance.yahoo.com/quote/MSTR/","https://finance.yahoo.com/quote/MSTR/","https://finance.yahoo.com/quote/MSTR/",""
"MKB Nedsense N.V.","MKB Nedsense N.V.","NEDSE","Euronext Amsterdam","NEDSE.AS","https://stockanalysis.com/quote/ams/NEDSE/","EUR","Financial Services","Asset Management",8100000,"EUR","2026-09-16","retrieval date of daily exchange list","rounded source display","2026-09-16","Autres","company matched to selected lookup listing","","","https://query2.finance.yahoo.com/v8/finance/chart/NEDSE.AS?interval=1d&range=1d","https://query2.finance.yahoo.com/v1/finance/search?q=MKB+Nedsense+N.V.&quotesCount=8&newsCount=0","https://stockanalysis.com/list/euronext-amsterdam/",""
"Moderna","Moderna, Inc.","MRNA","Nasdaq Global Select Market","MRNA","https://finance.yahoo.com/quote/MRNA/","USD","Healthcare","Biotechnology",58136731648,"USD","2026-09-16","quote date shown by market-cap source","provider raw value","2026-09-16","Soins de santé","company matched to selected lookup listing","","","https://finance.yahoo.com/quote/MRNA/","https://finance.yahoo.com/quote/MRNA/","https://finance.yahoo.com/quote/MRNA/",""
"Mondelez International","Mondelez International, Inc.","MDLZ","Nasdaq Global Select Market","MDLZ","https://finance.yahoo.com/quote/MDLZ/","USD","Consumer Defensive","Confectioners",79590572032,"USD","2026-09-16","quote date shown by market-cap source","provider raw value","2026-09-16","Biens de consommation courants","company matched to selected lookup listing","","","https://finance.yahoo.com/quote/MDLZ/","https://finance.yahoo.com/quote/MDLZ/","https://finance.yahoo.com/quote/MDLZ/",""
"MONDI PLC","Mondi plc","MNDI","London Stock Exchange","MNDI.L","https://finance.yahoo.com/quote/MNDI.L/","GBp","Basic Materials","Paper & Paper Products",3693886208,"GBP","2026-09-16","quote date shown by market-cap source","provider raw value","2026-09-16","Matériaux","company matched to selected lookup listing","Quote currency is pence; market capitalization is in pounds (GBP).","","https://finance.yahoo.com/quote/MNDI.L/","https://finance.yahoo.com/quote/MNDI.L/","https://finance.yahoo.com/quote/MNDI.L/",""
"MongoDB","MongoDB, Inc.","MDB","Nasdaq Global Market","MDB","https://finance.yahoo.com/quote/MDB/","USD","Technology","Software - Infrastructure",30269751296,"USD","2026-09-16","quote date shown by market-cap source","provider raw value","2026-09-16","IT","company matched to selected lookup listing","","","https://finance.yahoo.com/quote/MDB/","https://finance.yahoo.com/quote/MDB/","https://finance.yahoo.com/quote/MDB/",""
"Monolithic Power Systems","Monolithic Power Systems, Inc.","MPWR","Nasdaq Global Select Market","MPWR","https://finance.yahoo.com/quote/MPWR/","USD","Technology","Semiconductors",56396996608,"USD","2026-09-16","quote date shown by market-cap source","provider raw value","2026-09-16","IT","company matched to selected lookup listing","","","https://finance.yahoo.com/quote/MPWR/","https://finance.yahoo.com/quote/MPWR/","https://finance.yahoo.com/quote/MPWR/",""
"Monster Beverage Corp","Monster Beverage Corporation","MNST","Nasdaq Global Select Market","MNST","https://finance.yahoo.com/quote/MNST/","USD","Consumer Defensive","Beverages - Non-Alcoholic",87314939904,"USD","2026-09-16","quote date shown by market-cap source","provider raw value","2026-09-16","Biens de consommation courants","company matched to selected lookup listing","","","https://finance.yahoo.com/quote/MNST/","https://finance.yahoo.com/quote/MNST/","https://finance.yahoo.com/quote/MNST/",""
"MONTEA NV","Montea Comm. VA","MONT","Euronext Brussels","MONT.BR","https://finance.yahoo.com/quote/MONT.BR/","EUR","Real Estate","REIT - Industrial",1460000000,"EUR","2026-09-16","retrieval date of daily exchange list","rounded source display","2026-09-16","Immobilier","company matched to selected lookup listing","","","https://finance.yahoo.com/quote/MONT.BR/","https://finance.yahoo.com/quote/MONT.BR/","https://stockanalysis.com/list/euronext-brussels/",""
"Moody's Corp","Moody's Corporation","MCO","NYSE","MCO","https://finance.yahoo.com/quote/MCO/","USD","Financial Services","Financial Data & Stock Exchanges",80581115904,"USD","2026-09-16","quote date shown by market-cap source","provider raw value","2026-09-16","Finance","company matched to selected lookup listing","","","https://finance.yahoo.com/quote/MCO/","https://finance.yahoo.com/quote/MCO/","https://finance.yahoo.com/quote/MCO/",""
"Moog","Moog Inc.","MOG.A","NYSE","MOG-A","https://finance.yahoo.com/quote/MOG-A/","USD","Industrials","Aerospace & Defense",11392119808,"USD","2026-09-16","quote date shown by market-cap source","provider raw value","2026-09-16","Industrie","share class not confirmed","Class A shares selected; Class B MOG-B also exists. Challenge share class not confirmed.","MOG-B","https://finance.yahoo.com/quote/MOG-A/","https://finance.yahoo.com/quote/MOG-A/","https://finance.yahoo.com/quote/MOG-A/",""
"MOREFIELD GROUP N.V.","Morefield Group N.V.","MORE","Euronext Amsterdam","MORE.AS","https://stockanalysis.com/quote/ams/MORE/","EUR","Industrials","Staffing & Employment Services",62620000,"EUR","2026-09-16","retrieval date of daily exchange list","rounded source display","2026-09-16","Autres","company matched to selected lookup listing","","","https://query2.finance.yahoo.com/v8/finance/chart/MORE.AS?interval=1d&range=1d","https://query2.finance.yahoo.com/v1/finance/search?q=MOREFIELD+GROUP+N.V.&quotesCount=8&newsCount=0","https://stockanalysis.com/list/euronext-amsterdam/",""
"Mosaic Company (The)","The Mosaic Company","MOS","NYSE","MOS","https://finance.yahoo.com/quote/MOS/","USD","Basic Materials","Agricultural Inputs",7880633344,"USD","2026-09-16","quote date shown by market-cap source","provider raw value","2026-09-16","Matériaux","company matched to selected lookup listing","","","https://finance.yahoo.com/quote/MOS/","https://finance.yahoo.com/quote/MOS/","https://finance.yahoo.com/quote/MOS/",""
"MOTORK PLC","MotorK plc","MTRK","Euronext Amsterdam","MTRK.AS","https://finance.yahoo.com/quote/MTRK.AS/","EUR","Technology","Software - Application",107600000,"EUR","2026-09-16","retrieval date of daily exchange list","rounded source display","2026-09-16","Autres","company matched to selected lookup listing","","","https://finance.yahoo.com/quote/MTRK.AS/","https://finance.yahoo.com/quote/MTRK.AS/","https://stockanalysis.com/list/euronext-amsterdam/",""
"Motorola Solutions","Motorola Solutions, Inc.","MSI","NYSE","MSI","https://finance.yahoo.com/quote/MSI/","USD","Technology","Communication Equipment",76214853632,"USD","2026-09-16","quote date shown by market-cap source","provider raw value","2026-09-16","IT","company matched to selected lookup listing","","","https://finance.yahoo.com/quote/MSI/","https://finance.yahoo.com/quote/MSI/","https://finance.yahoo.com/quote/MSI/",""
"MOURY CONSTRUCT","Moury Construct SA","MOUR","Euronext Brussels","MOUR.BR","https://stockanalysis.com/quote/ebr/MOUR/","EUR","Industrials","Engineering & Construction",282050000,"EUR","2026-09-16","retrieval date of daily exchange list","rounded source display","2026-09-16","Industrie","company matched to selected lookup listing","","","https://query2.finance.yahoo.com/v8/finance/chart/MOUR.BR?interval=1d&range=1d","https://query2.finance.yahoo.com/v1/finance/search?q=MOURY+CONSTRUCT&quotesCount=8&newsCount=0","https://stockanalysis.com/list/euronext-brussels/",""
"MTU AERO ENGINES AG","MTU Aero Engines AG","MTX","Xetra","MTX.DE","https://finance.yahoo.com/quote/MTX.DE/","EUR","Industrials","Aerospace & Defense",18251364352,"EUR","2026-09-16","quote date shown by market-cap source","provider raw value","2026-09-16","Industrie","company matched to selected lookup listing","","","https://finance.yahoo.com/quote/MTX.DE/","https://finance.yahoo.com/quote/MTX.DE/","https://finance.yahoo.com/quote/MTX.DE/",""
"MUENCHENER RUECKVERS.-GES. AG","Münchener Rückversicherungs-Gesellschaft Aktiengesellschaft in München","MUV2","Xetra","MUV2.DE","https://finance.yahoo.com/quote/MUV2.DE/","EUR","Financial Services","Insurance - Reinsurance",64366682112,"EUR","2026-09-16","quote date shown by market-cap source","provider raw value","2026-09-16","Finance","company matched to selected lookup listing","","","https://finance.yahoo.com/quote/MUV2.DE/","https://finance.yahoo.com/quote/MUV2.DE/","https://finance.yahoo.com/quote/MUV2.DE/",""
"NEBIUS","Nebius Group N.V.","NBIS","Nasdaq Global Select Market","NBIS","https://finance.yahoo.com/quote/NBIS/","USD","Communication Services","Internet Content & Information",56918327296,"USD","2026-09-16","quote date shown by market-cap source","provider raw value","2026-09-16","IT","company matched to selected lookup listing","","","https://finance.yahoo.com/quote/NBIS/","https://finance.yahoo.com/quote/NBIS/","https://finance.yahoo.com/quote/NBIS/",""
"NEDAP","Nedap N.V.","NEDAP","Euronext Amsterdam","NEDAP.AS","https://finance.yahoo.com/quote/NEDAP.AS/","EUR","Technology","Information Technology Services",608840512,"EUR","2026-09-16","quote date shown by market-cap source","provider raw value","2026-09-16","Industrie","company matched to selected lookup listing","","","https://finance.yahoo.com/quote/NEDAP.AS/","https://query2.finance.yahoo.com/v1/finance/search?q=NEDAP&quotesCount=8&newsCount=0","https://finance.yahoo.com/quote/NEDAP.AS/",""
"NESTLE S.A.","Nestlé S.A.","NESN","SIX Swiss Exchange","NESN.SW","https://finance.yahoo.com/quote/NESN.SW/","CHF","Consumer Defensive","Packaged Foods",199758610432,"CHF","2026-09-16","quote date shown by market-cap source","provider raw value","2026-09-16","Biens de consommation courants","company matched to selected lookup listing","","","https://finance.yahoo.com/quote/NESN.SW/","https://finance.yahoo.com/quote/NESN.SW/","https://finance.yahoo.com/quote/NESN.SW/",""
"Netflix","Netflix, Inc.","NFLX","Nasdaq Global Select Market","NFLX","https://finance.yahoo.com/quote/NFLX/","USD","Communication Services","Entertainment",318166630400,"USD","2026-09-16","quote date shown by market-cap source","provider raw value","2026-09-16","Consommation discrétionnaire","company matched to selected lookup listing","","","https://finance.yahoo.com/quote/NFLX/","https://finance.yahoo.com/quote/NFLX/","https://finance.yahoo.com/quote/NFLX/",""
"Newmont Corp","Newmont Corporation","NEM","NYSE","NEM","https://finance.yahoo.com/quote/NEM/","USD","Basic Materials","Gold",128297574400,"USD","2026-09-16","quote date shown by market-cap source","provider raw value","2026-09-16","Matériaux","company matched to selected lookup listing","","","https://finance.yahoo.com/quote/NEM/","https://finance.yahoo.com/quote/NEM/","https://finance.yahoo.com/quote/NEM/",""
"NexGen Energy Ltd","NexGen Energy Ltd.","NXE","NYSE","NXE","https://finance.yahoo.com/quote/NXE/","USD","Energy","Uranium",6289347584,"USD","2026-09-16","quote date shown by market-cap source","provider raw value","2026-09-16","Finance","company matched to selected lookup listing","","","https://finance.yahoo.com/quote/NXE/","https://finance.yahoo.com/quote/NXE/","https://finance.yahoo.com/quote/NXE/",""
"NEXTENSA","Nextensa NV/SA","NEXTA","Euronext Brussels","NEXTA.BR","https://stockanalysis.com/quote/ebr/NEXTA/","EUR","Real Estate","REIT—Diversified",470440000,"EUR","2026-09-16","retrieval date of daily exchange list","rounded source display","2026-09-16","Immobilier","company matched to selected lookup listing","","","https://query2.finance.yahoo.com/v8/finance/chart/NEXTA.BR?interval=1d&range=1d","https://query2.finance.yahoo.com/v1/finance/search?q=NEXTENSA&quotesCount=8&newsCount=0","https://stockanalysis.com/list/euronext-brussels/",""
"Nextera Energy Inc","NextEra Energy, Inc.","NEE","NYSE","NEE","https://finance.yahoo.com/quote/NEE/","USD","Utilities","Utilities - Regulated Electric",167650082816,"USD","2026-09-16","quote date shown by market-cap source","provider raw value","2026-09-16","Services publics","company matched to selected lookup listing","","","https://finance.yahoo.com/quote/NEE/","https://finance.yahoo.com/quote/NEE/","https://finance.yahoo.com/quote/NEE/",""
"Nike","NIKE, Inc.","NKE","NYSE","NKE","https://finance.yahoo.com/quote/NKE/","USD","Consumer Cyclical","Footwear & Accessories",53079584768,"USD","2026-09-16","quote date shown by market-cap source","provider raw value","2026-09-16","Consommation discrétionnaire","company matched to selected lookup listing","","","https://finance.yahoo.com/quote/NKE/","https://finance.yahoo.com/quote/NKE/","https://finance.yahoo.com/quote/NKE/",""
"NN GROUP","NN Group N.V.","NN","Euronext Amsterdam","NN.AS","https://finance.yahoo.com/quote/NN.AS/","EUR","Financial Services","Insurance - Diversified",20803069952,"EUR","2026-09-16","quote date shown by market-cap source","provider raw value","2026-09-16","Finance","company matched to selected lookup listing","","","https://finance.yahoo.com/quote/NN.AS/","https://finance.yahoo.com/quote/NN.AS/","https://finance.yahoo.com/quote/NN.AS/",""
"NORDEA BANK ABP","Nordea Bank Abp","NDA-FI","Nasdaq Helsinki","NDA-FI.HE","https://finance.yahoo.com/quote/NDA-FI.HE/","EUR","Financial Services","Banks - Regional",60069441536,"EUR","2026-09-16","quote date shown by market-cap source","provider raw value","2026-09-16","Finance","company matched to selected lookup listing","","","https://finance.yahoo.com/quote/NDA-FI.HE/","https://finance.yahoo.com/quote/NDA-FI.HE/","https://finance.yahoo.com/quote/NDA-FI.HE/",""
"Northrop Grumman Corp","Northrop Grumman Corporation","NOC","NYSE","NOC","https://finance.yahoo.com/quote/NOC/","USD","Industrials","Aerospace & Defense",75404214272,"USD","2026-09-16","quote date shown by market-cap source","provider raw value","2026-09-16","Industrie","company matched to selected lookup listing","","","https://finance.yahoo.com/quote/NOC/","https://finance.yahoo.com/quote/NOC/","https://finance.yahoo.com/quote/NOC/",""
"Norwegian Cruise Line Holdings Ltd","Norwegian Cruise Line Holdings Ltd.","NCLH","NYSE","NCLH","https://finance.yahoo.com/quote/NCLH/","USD","Consumer Cyclical","Travel Services",6671998976,"USD","2026-09-16","quote date shown by market-cap source","provider raw value","2026-09-16","Consommation discrétionnaire","company matched to selected lookup listing","","","https://finance.yahoo.com/quote/NCLH/","https://finance.yahoo.com/quote/NCLH/","https://finance.yahoo.com/quote/NCLH/",""
"NOVARTIS AG","Novartis AG","NOVN","SIX Swiss Exchange","NOVN.SW","https://finance.yahoo.com/quote/NOVN.SW/","CHF","Healthcare","Drug Manufacturers - General",217213698048,"CHF","2026-09-16","quote date shown by market-cap source","provider raw value","2026-09-16","Soins de santé","company matched to selected lookup listing","","","https://finance.yahoo.com/quote/NOVN.SW/","https://finance.yahoo.com/quote/NOVN.SW/","https://finance.yahoo.com/quote/NOVN.SW/",""
"NOVO-NORDISK AS","Novo Nordisk A/S","NOVO B","Nasdaq Copenhagen","NOVO-B.CO","https://finance.yahoo.com/quote/NOVO-B.CO/","DKK","Healthcare","Drug Manufacturers - General",1204312735744,"DKK","2026-09-16","quote date shown by market-cap source","provider raw value","2026-09-16","Soins de santé","company matched to selected lookup listing","","","https://finance.yahoo.com/quote/NOVO-B.CO/","https://finance.yahoo.com/quote/NOVO-B.CO/","https://finance.yahoo.com/quote/NOVO-B.CO/",""
"NSI N.V.","NSI N.V.","NSI","Euronext Amsterdam","NSI.AS","https://stockanalysis.com/quote/ams/NSI/","EUR","Real Estate","REIT—Office",318580000,"EUR","2026-09-16","retrieval date of daily exchange list","rounded source display","2026-09-16","Immobilier","company matched to selected lookup listing","","","https://query2.finance.yahoo.com/v8/finance/chart/NSI.AS?interval=1d&range=1d","https://query2.finance.yahoo.com/v1/finance/search?q=NSI+N.V.&quotesCount=8&newsCount=0","https://stockanalysis.com/list/euronext-amsterdam/",""
"NVIDIA Corp","NVIDIA Corporation","NVDA","Nasdaq Global Select Market","NVDA","https://finance.yahoo.com/quote/NVDA/","USD","Technology","Semiconductors",5165043154944,"USD","2026-09-16","quote date shown by market-cap source","provider raw value","2026-09-16","IT","company matched to selected lookup listing","","","https://finance.yahoo.com/quote/NVDA/","https://finance.yahoo.com/quote/NVDA/","https://finance.yahoo.com/quote/NVDA/",""
"NX FILTRATION N.V.","NX Filtration N.V.","NXFIL","Euronext Amsterdam","NXFIL.AS","https://stockanalysis.com/quote/ams/NXFIL/","EUR","Industrials","Pollution & Treatment Controls",174780000,"EUR","2026-09-16","retrieval date of daily exchange list","rounded source display","2026-09-16","Industrie","company matched to selected lookup listing","","","https://query2.finance.yahoo.com/v8/finance/chart/NXFIL.AS?interval=1d&range=1d","https://query2.finance.yahoo.com/v1/finance/search?q=NX+FILTRATION+N.V.&quotesCount=8&newsCount=0","https://stockanalysis.com/list/euronext-amsterdam/",""
"NXP Semiconductors NV","NXP Semiconductors N.V.","NXPI","Nasdaq Global Select Market","NXPI","https://finance.yahoo.com/quote/NXPI/","USD","Technology","Semiconductors",55218909184,"USD","2026-09-16","quote date shown by market-cap source","provider raw value","2026-09-16","IT","company matched to selected lookup listing","","","https://finance.yahoo.com/quote/NXPI/","https://finance.yahoo.com/quote/NXPI/","https://finance.yahoo.com/quote/NXPI/",""
"NYXOAH SA","Nyxoah SA","NYXH","Euronext Brussels","NYXH.BR","https://stockanalysis.com/quote/ebr/NYXH/","EUR","Healthcare","Medical Devices",138100000,"EUR","2026-09-16","retrieval date of daily exchange list","rounded source display","2026-09-16","Soins de santé","company matched to selected lookup listing","","","https://query2.finance.yahoo.com/v8/finance/chart/NYXH.BR?interval=1d&range=1d","https://query2.finance.yahoo.com/v1/finance/search?q=NYXOAH+SA&quotesCount=8&newsCount=0","https://stockanalysis.com/list/euronext-brussels/",""
"O'Reilly Automotive","O'Reilly Automotive, Inc.","ORLY","Nasdaq Global Select Market","ORLY","https://finance.yahoo.com/quote/ORLY/","USD","Consumer Cyclical","Auto Parts",67693838336,"USD","2026-09-16","quote date shown by market-cap source","provider raw value","2026-09-16","Consommation discrétionnaire","company matched to selected lookup listing","","","https://finance.yahoo.com/quote/ORLY/","https://finance.yahoo.com/quote/ORLY/","https://finance.yahoo.com/quote/ORLY/",""
"OCI N.V.","OCI N.V.","OCI","Euronext Amsterdam","OCI.AS","https://stockanalysis.com/quote/ams/OCI/","EUR","Basic Materials","Agricultural Inputs",857380000,"EUR","2026-09-16","retrieval date of daily exchange list","rounded source display","2026-09-16","Matériaux","company matched to selected lookup listing","","","https://query2.finance.yahoo.com/v8/finance/chart/OCI.AS?interval=1d&range=1d","https://query2.finance.yahoo.com/v1/finance/search?q=OCI+N.V.&quotesCount=8&newsCount=0","https://stockanalysis.com/list/euronext-amsterdam/",""
"Old Dominion Freight Line","Old Dominion Freight Line, Inc.","ODFL","Nasdaq Global Select Market","ODFL","https://finance.yahoo.com/quote/ODFL/","USD","Industrials","Trucking",36261351424,"USD","2026-09-16","quote date shown by market-cap source","provider raw value","2026-09-16","Industrie","company matched to selected lookup listing","","","https://finance.yahoo.com/quote/ODFL/","https://query2.finance.yahoo.com/v1/finance/search?q=Old+Dominion+Freight+Line&quotesCount=8&newsCount=0","https://finance.yahoo.com/quote/ODFL/",""
"ONTEX GROUP","Ontex Group NV","ONTEX","Euronext Brussels","ONTEX.BR","https://finance.yahoo.com/quote/ONTEX.BR/","EUR","Consumer Defensive","Household & Personal Products",173190000,"EUR","2026-09-16","retrieval date of daily exchange list","rounded source display","2026-09-16","Biens de consommation courants","company matched to selected lookup listing","","","https://finance.yahoo.com/quote/ONTEX.BR/","https://finance.yahoo.com/quote/ONTEX.BR/","https://stockanalysis.com/list/euronext-brussels/",""
"ONWARD MEDICAL","Onward Medical N.V.","ONWD","Euronext Brussels","ONWD.BR","https://finance.yahoo.com/quote/ONWD.BR/","EUR","Healthcare","Biotechnology",190508864,"EUR","2026-09-11","quote date shown by market-cap source","provider raw value","2026-09-16","Soins de santé","company matched to selected lookup listing","","","https://finance.yahoo.com/quote/ONWD.BR/","https://finance.yahoo.com/quote/ONWD.BR/","https://finance.yahoo.com/quote/ONWD.BR/",""
"Oracle Corp","Oracle Corporation","ORCL","NYSE","ORCL","https://finance.yahoo.com/quote/ORCL/","USD","Technology","Software - Infrastructure",432878059520,"USD","2026-09-16","quote date shown by market-cap source","provider raw value","2026-09-16","IT","company matched to selected lookup listing","","","https://finance.yahoo.com/quote/ORCL/","https://finance.yahoo.com/quote/ORCL/","https://finance.yahoo.com/quote/ORCL/",""
"ORANGE","Orange S.A.","ORA","Euronext Paris","ORA.PA","https://finance.yahoo.com/quote/ORA.PA/","EUR","Communication Services","Telecom Services",42192166912,"EUR","2026-09-16","quote date shown by market-cap source","provider raw value","2026-09-16","Services publics","company matched to selected lookup listing","","","https://finance.yahoo.com/quote/ORA.PA/","https://finance.yahoo.com/quote/ORA.PA/","https://finance.yahoo.com/quote/ORA.PA/",""
"ORANGE BELGIUM","Orange Belgium S.A.","OBEL","Euronext Brussels","OBEL.BR","https://finance.yahoo.com/quote/OBEL.BR/","EUR","Communication Services","Telecom Services",1490000000,"EUR","2026-09-16","retrieval date of daily exchange list","rounded source display","2026-09-16","Services publics","company matched to selected lookup listing","","","https://finance.yahoo.com/quote/OBEL.BR/","https://finance.yahoo.com/quote/OBEL.BR/","https://stockanalysis.com/list/euronext-brussels/",""
"ORKLA ASA","Orkla ASA","ORK","Oslo Bors (Euronext Oslo)","ORK.OL","https://stockanalysis.com/quote/osl/ORK/","NOK","Consumer Defensive","Packaged Foods",87230000000,"NOK","2026-09-16","quote date shown by market-cap source","rounded source display","2026-09-16","Finance","company matched to selected lookup listing","","","https://query2.finance.yahoo.com/v8/finance/chart/ORK.OL?interval=1d&range=1d","https://query2.finance.yahoo.com/v1/finance/search?q=ORKLA+ASA&quotesCount=8&newsCount=0","https://stockanalysis.com/quote/osl/ORK/",""
"ORSTED A/S","Ørsted A/S","ORSTED","Nasdaq Copenhagen","ORSTED.CO","https://finance.yahoo.com/quote/ORSTED.CO/","DKK","Utilities","Utilities - Renewable",176824156160,"DKK","2026-09-16","quote date shown by market-cap source","provider raw value","2026-09-16","Services publics","company matched to selected lookup listing","","","https://finance.yahoo.com/quote/ORSTED.CO/","https://finance.yahoo.com/quote/ORSTED.CO/","https://finance.yahoo.com/quote/ORSTED.CO/",""
"Owens Corning","Owens Corning","OC","NYSE","OC","https://finance.yahoo.com/quote/OC/","USD","Industrials","Building Products & Equipment",10006771712,"USD","2026-09-16","quote date shown by market-cap source","provider raw value","2026-09-16","Matériaux","company matched to selected lookup listing","","","https://finance.yahoo.com/quote/OC/","https://query2.finance.yahoo.com/v1/finance/search?q=Owens+Corning&quotesCount=8&newsCount=0","https://finance.yahoo.com/quote/OC/",""
"PACCAR","PACCAR Inc","PCAR","Nasdaq Global Select Market","PCAR","https://finance.yahoo.com/quote/PCAR/","USD","Industrials","Farm & Heavy Construction Machinery",62226866176,"USD","2026-09-16","quote date shown by market-cap source","provider raw value","2026-09-16","Consommation discrétionnaire","company matched to selected lookup listing","","","https://finance.yahoo.com/quote/PCAR/","https://finance.yahoo.com/quote/PCAR/","https://finance.yahoo.com/quote/PCAR/",""
"Palo Alto Networks Inc","Palo Alto Networks, Inc.","PANW","Nasdaq Global Select Market","PANW","https://finance.yahoo.com/quote/PANW/","USD","Technology","Software - Infrastructure",307281690624,"USD","2026-09-16","quote date shown by market-cap source","provider raw value","2026-09-16","IT","company matched to selected lookup listing","","","https://finance.yahoo.com/quote/PANW/","https://finance.yahoo.com/quote/PANW/","https://finance.yahoo.com/quote/PANW/",""
"Pan American Silver Corp","Pan American Silver Corp.","PAAS","NYSE","PAAS","https://finance.yahoo.com/quote/PAAS/","USD","Basic Materials","Gold",19719231488,"USD","2026-09-16","quote date shown by market-cap source","provider raw value","2026-09-16","Matériaux","company matched to selected lookup listing","","","https://finance.yahoo.com/quote/PAAS/","https://finance.yahoo.com/quote/PAAS/","https://finance.yahoo.com/quote/PAAS/",""
"Parker-Hannifin Corp","Parker-Hannifin Corporation","PH","NYSE","PH","https://finance.yahoo.com/quote/PH/","USD","Industrials","Specialty Industrial Machinery",115806117888,"USD","2026-09-16","quote date shown by market-cap source","provider raw value","2026-09-16","IT","company matched to selected lookup listing","","","https://finance.yahoo.com/quote/PH/","https://finance.yahoo.com/quote/PH/","https://finance.yahoo.com/quote/PH/",""
"Paychex","Paychex, Inc.","PAYX","Nasdaq Global Select Market","PAYX","https://finance.yahoo.com/quote/PAYX/","USD","Technology","Software - Application",41550041088,"USD","2026-09-16","quote date shown by market-cap source","provider raw value","2026-09-16","Industrie","company matched to selected lookup listing","","","https://finance.yahoo.com/quote/PAYX/","https://finance.yahoo.com/quote/PAYX/","https://finance.yahoo.com/quote/PAYX/",""
"PayPal Holdings","PayPal Holdings, Inc.","PYPL","Nasdaq Global Select Market","PYPL","https://finance.yahoo.com/quote/PYPL/","USD","Financial Services","Credit Services",45091340288,"USD","2026-09-16","quote date shown by market-cap source","provider raw value","2026-09-16","Finance","company matched to selected lookup listing","","","https://finance.yahoo.com/quote/PYPL/","https://finance.yahoo.com/quote/PYPL/","https://finance.yahoo.com/quote/PYPL/",""
"PB HOLDING N.V.","PB Holding N.V.","PBH","Euronext Amsterdam","PBH.AS","https://stockanalysis.com/quote/ams/PBH/","EUR","Industrials","Specialty Business Services",18190000,"EUR","2026-09-16","retrieval date of daily exchange list","rounded source display","2026-09-16","Autres","company matched to selected lookup listing","","","https://query2.finance.yahoo.com/v8/finance/chart/PBH.AS?interval=1d&range=1d","https://query2.finance.yahoo.com/v1/finance/search?q=PB+HOLDING+N.V.&quotesCount=8&newsCount=0","https://stockanalysis.com/list/euronext-amsterdam/",""
"PDD Holdings","PDD Holdings Inc.","PDD","Nasdaq Global Select Market","PDD","https://finance.yahoo.com/quote/PDD/","USD","Consumer Cyclical","Internet Retail",112106708992,"USD","2026-09-16","quote date shown by market-cap source","provider raw value","2026-09-16","IT","company matched to selected lookup listing","US-listed American depositary shares selected.","","https://finance.yahoo.com/quote/PDD/","https://finance.yahoo.com/quote/PDD/","https://finance.yahoo.com/quote/PDD/",""
"PepsiCo","PepsiCo, Inc.","PEP","Nasdaq Global Select Market","PEP","https://finance.yahoo.com/quote/PEP/","USD","Consumer Defensive","Beverages - Non-Alcoholic",183508434944,"USD","2026-09-16","quote date shown by market-cap source","provider raw value","2026-09-16","Biens de consommation courants","company matched to selected lookup listing","","","https://finance.yahoo.com/quote/PEP/","https://finance.yahoo.com/quote/PEP/","https://finance.yahoo.com/quote/PEP/",""
"PERNOD RICARD","Pernod Ricard SA","RI","Euronext Paris","RI.PA","https://finance.yahoo.com/quote/RI.PA/","EUR","Consumer Defensive","Beverages - Wineries & Distilleries",15244793856,"EUR","2026-09-16","quote date shown by market-cap source","provider raw value","2026-09-16","Biens de consommation courants","company matched to selected lookup listing","","","https://finance.yahoo.com/quote/RI.PA/","https://finance.yahoo.com/quote/RI.PA/","https://finance.yahoo.com/quote/RI.PA/",""
"PERSHING SQUARE HOLDINGS LTD.","Pershing Square Holdings, Ltd.","PSH","London Stock Exchange","PSH.L","https://finance.yahoo.com/quote/PSH.L/","GBp","Financial Services","Asset Management",6570000000,"GBP","2026-09-16","quote date shown by market-cap source","rounded source display","2026-09-16","Finance","company matched to selected lookup listing","London listing selected. Quote currency is pence; market capitalization is in pounds (GBP).","","https://finance.yahoo.com/quote/PSH.L/","https://finance.yahoo.com/quote/PSH.L/","https://stockanalysis.com/quote/lon/PSH/",""
"PEUGEOT INVEST","Peugeot Invest Société anonyme","PEUG","Euronext Paris","PEUG.PA","https://stockanalysis.com/quote/epa/PEUG/","EUR","Financial Services","Asset Management",1340000000,"EUR","2026-09-16","quote date shown by market-cap source","rounded source display","2026-09-16","Finance","company matched to selected lookup listing","","","https://query2.finance.yahoo.com/v8/finance/chart/PEUG.PA?interval=1d&range=1d","https://query2.finance.yahoo.com/v1/finance/search?q=PEUGEOT+INVEST&quotesCount=8&newsCount=0","https://stockanalysis.com/quote/epa/PEUG/",""
"Pfizer","Pfizer Inc.","PFE","NYSE","PFE","https://finance.yahoo.com/quote/PFE/","USD","Healthcare","Drug Manufacturers - General",156513026048,"USD","2026-09-16","quote date shown by market-cap source","provider raw value","2026-09-16","Soins de santé","company matched to selected lookup listing","","","https://finance.yahoo.com/quote/PFE/","https://finance.yahoo.com/quote/PFE/","https://finance.yahoo.com/quote/PFE/",""
"PHARMING GROUP","Pharming Group N.V.","PHARM","Euronext Amsterdam","PHARM.AS","https://stockanalysis.com/quote/ams/PHARM/","EUR","Healthcare","Biotechnology",650030000,"EUR","2026-09-16","retrieval date of daily exchange list","rounded source display","2026-09-16","Soins de santé","company matched to selected lookup listing","","","https://query2.finance.yahoo.com/v8/finance/chart/PHARM.AS?interval=1d&range=1d","https://query2.finance.yahoo.com/v1/finance/search?q=PHARMING+GROUP&quotesCount=8&newsCount=0","https://stockanalysis.com/list/euronext-amsterdam/",""
"Philip Morris International","Philip Morris International Inc.","PM","NYSE","PM","https://finance.yahoo.com/quote/PM/","USD","Consumer Defensive","Tobacco",298801790976,"USD","2026-09-16","quote date shown by market-cap source","provider raw value","2026-09-16","Biens de consommation courants","company matched to selected lookup listing","","","https://finance.yahoo.com/quote/PM/","https://finance.yahoo.com/quote/PM/","https://finance.yahoo.com/quote/PM/",""
"PNC Financial Services Group","The PNC Financial Services Group, Inc.","PNC","NYSE","PNC","https://finance.yahoo.com/quote/PNC/","USD","Financial Services","Banks—Regional",92351471616,"USD","2026-09-16","quote date shown by market-cap source","provider raw value","2026-09-16","Finance","company matched to selected lookup listing","","","https://finance.yahoo.com/quote/PNC/","https://query2.finance.yahoo.com/v1/finance/search?q=PNC+Financial+Services+Group&quotesCount=8&newsCount=0","https://finance.yahoo.com/quote/PNC/",""
"PORSCHE AUTOMOBIL HOLDING SE","Porsche Automobil Holding SE","PAH3","Xetra","PAH3.DE","https://finance.yahoo.com/quote/PAH3.DE/","EUR","Consumer Cyclical","Auto Manufacturers",8798562304,"EUR","2026-09-16","quote date shown by market-cap source","provider raw value","2026-09-16","Consommation discrétionnaire","company matched to selected lookup listing","","","https://finance.yahoo.com/quote/PAH3.DE/","https://finance.yahoo.com/quote/PAH3.DE/","https://finance.yahoo.com/quote/PAH3.DE/",""
"POSTNL","PostNL N.V.","PNL","Euronext Amsterdam","PNL.AS","https://stockanalysis.com/quote/ams/PNL/","EUR","Industrials","Integrated Freight & Logistics",448910000,"EUR","2026-09-16","retrieval date of daily exchange list","rounded source display","2026-09-16","Industrie","company matched to selected lookup listing","","","https://query2.finance.yahoo.com/v8/finance/chart/PNL.AS?interval=1d&range=1d","https://query2.finance.yahoo.com/v1/finance/search?q=POSTNL&quotesCount=8&newsCount=0","https://stockanalysis.com/list/euronext-amsterdam/",""
"PPG Industries","PPG Industries, Inc.","PPG","NYSE","PPG","https://finance.yahoo.com/quote/PPG/","USD","Basic Materials","Specialty Chemicals",23337054208,"USD","2026-09-16","quote date shown by market-cap source","provider raw value","2026-09-16","Matériaux","company matched to selected lookup listing","","","https://finance.yahoo.com/quote/PPG/","https://finance.yahoo.com/quote/PPG/","https://finance.yahoo.com/quote/PPG/",""
"Procter & Gamble Company","The Procter & Gamble Company","PG","NYSE","PG","https://finance.yahoo.com/quote/PG/","USD","Consumer Defensive","Household & Personal Products",341479292928,"USD","2026-09-16","quote date shown by market-cap source","provider raw value","2026-09-16","Biens de consommation courants","company matched to selected lookup listing","","","https://finance.yahoo.com/quote/PG/","https://finance.yahoo.com/quote/PG/","https://finance.yahoo.com/quote/PG/",""
"Progressive Corp","The Progressive Corporation","PGR","NYSE","PGR","https://finance.yahoo.com/quote/PGR/","USD","Financial Services","Insurance - Property & Casualty",126092902400,"USD","2026-09-16","quote date shown by market-cap source","provider raw value","2026-09-16","Finance","company matched to selected lookup listing","","","https://finance.yahoo.com/quote/PGR/","https://finance.yahoo.com/quote/PGR/","https://finance.yahoo.com/quote/PGR/",""
"PROLOGIS","Prologis, Inc.","PLD","NYSE","PLD","https://finance.yahoo.com/quote/PLD/","USD","Real Estate","REIT—Industrial",130007506944,"USD","2026-09-16","quote date shown by market-cap source","provider raw value","2026-09-16","Immobilier","company matched to selected lookup listing","","","https://finance.yahoo.com/quote/PLD/","https://query2.finance.yahoo.com/v1/finance/search?q=PROLOGIS&quotesCount=8&newsCount=0","https://finance.yahoo.com/quote/PLD/",""
"PROSUS","Prosus N.V.","PRX","Euronext Amsterdam","PRX.AS","https://finance.yahoo.com/quote/PRX.AS/","EUR","Consumer Cyclical","Internet Retail",74471948288,"EUR","2026-09-16","quote date shown by market-cap source","provider raw value","2026-09-16","Industrie","company matched to selected lookup listing","","","https://finance.yahoo.com/quote/PRX.AS/","https://finance.yahoo.com/quote/PRX.AS/","https://finance.yahoo.com/quote/PRX.AS/",""
"PROXIMUS","Proximus PLC","PROX","Euronext Brussels","PROX.BR","https://stockanalysis.com/quote/ebr/PROX/","EUR","Communication Services","Telecom Services",2060000000,"EUR","2026-09-16","retrieval date of daily exchange list","rounded source display","2026-09-16","Services publics","company matched to selected lookup listing","","","https://query2.finance.yahoo.com/v8/finance/chart/PROX.BR?interval=1d&range=1d","https://query2.finance.yahoo.com/v1/finance/search?q=PROXIMUS&quotesCount=8&newsCount=0","https://stockanalysis.com/list/euronext-brussels/",""
"PUBLICIS GROUPE SA","Publicis Groupe S.A.","PUB","Euronext Paris","PUB.PA","https://finance.yahoo.com/quote/PUB.PA/","EUR","Communication Services","Advertising Agencies",24670000000,"EUR","2026-09-16","quote date shown by market-cap source","rounded source display","2026-09-16","Consommation discrétionnaire","company matched to selected lookup listing","","","https://finance.yahoo.com/quote/PUB.PA/","https://query2.finance.yahoo.com/v1/finance/search?q=PUBLICIS+GROUPE+SA&quotesCount=8&newsCount=0","https://stockanalysis.com/quote/epa/PUB/",""
"PUMA SE","PUMA SE","PUM","Xetra","PUM.DE","https://finance.yahoo.com/quote/PUM.DE/","EUR","Consumer Cyclical","Footwear & Accessories",3210000000,"EUR","2026-09-16","quote date shown by market-cap source","rounded source display","2026-09-16","Consommation discrétionnaire","company matched to selected lookup listing","","","https://finance.yahoo.com/quote/PUM.DE/","https://finance.yahoo.com/quote/PUM.DE/","https://stockanalysis.com/quote/etr/PUM/",""
"QUALCOMM","QUALCOMM Incorporated","QCOM","Nasdaq Global Select Market","QCOM","https://finance.yahoo.com/quote/QCOM/","USD","Technology","Semiconductors",197420302336,"USD","2026-09-16","quote date shown by market-cap source","provider raw value","2026-09-16","IT","company matched to selected lookup listing","","","https://finance.yahoo.com/quote/QCOM/","https://finance.yahoo.com/quote/QCOM/","https://finance.yahoo.com/quote/QCOM/",""
"QUESTFOR GR-PRICAF","Quest for Growth NV","QFG","Euronext Brussels","QFG.BR","https://stockanalysis.com/quote/ebr/QFG/","EUR","Financial Services","Asset Management",,"","","unavailable","","2026-09-16","Autres","company matched to selected lookup listing","Closed-end investment company. A sufficiently current market-cap figure was not available from the collected sources.","","https://query2.finance.yahoo.com/v8/finance/chart/QFG.BR?interval=1d&range=1d","https://query2.finance.yahoo.com/v1/finance/search?q=QUESTFOR+GR-PRICAF&quotesCount=8&newsCount=0","",""
"Ralph Lauren Corp","Ralph Lauren Corporation","RL","NYSE","RL","https://finance.yahoo.com/quote/RL/","USD","Consumer Cyclical","Apparel Manufacturing",20160245760,"USD","2026-09-16","quote date shown by market-cap source","provider raw value","2026-09-16","Consommation discrétionnaire","company matched to selected lookup listing","","","https://finance.yahoo.com/quote/RL/","https://finance.yahoo.com/quote/RL/","https://finance.yahoo.com/quote/RL/",""
"RAMBUS","Rambus Inc.","RMBS","Nasdaq Global Select Market","RMBS","https://finance.yahoo.com/quote/RMBS/","USD","Technology","Semiconductors",8829858816,"USD","2026-09-16","quote date shown by market-cap source","provider raw value","2026-09-16","IT","company matched to selected lookup listing","","","https://finance.yahoo.com/quote/RMBS/","https://finance.yahoo.com/quote/RMBS/","https://finance.yahoo.com/quote/RMBS/",""
"Randstad N.V.","Randstad N.V.","RAND","Euronext Amsterdam","RAND.AS","https://stockanalysis.com/quote/ams/RAND/","EUR","Industrials","Staffing & Employment Services",6460000000,"EUR","2026-09-16","retrieval date of daily exchange list","rounded source display","2026-09-16","Industrie","company matched to selected lookup listing","","","https://query2.finance.yahoo.com/v8/finance/chart/RAND.AS?interval=1d&range=1d","https://query2.finance.yahoo.com/v1/finance/search?q=Randstad+N.V.&quotesCount=8&newsCount=0","https://stockanalysis.com/list/euronext-amsterdam/",""
"Realty Income Corp","Realty Income Corporation","O","NYSE","O","https://finance.yahoo.com/quote/O/","USD","Real Estate","REIT - Retail",54076362752,"USD","2026-09-16","quote date shown by market-cap source","provider raw value","2026-09-16","Immobilier","company matched to selected lookup listing","","","https://finance.yahoo.com/quote/O/","https://finance.yahoo.com/quote/O/","https://finance.yahoo.com/quote/O/",""
"RECTICEL","Recticel SA/NV","RECT","Euronext Brussels","RECT.BR","https://stockanalysis.com/quote/ebr/RECT/","EUR","Industrials","Building Products & Equipment",709700000,"EUR","2026-09-16","retrieval date of daily exchange list","rounded source display","2026-09-16","Matériaux","company matched to selected lookup listing","","","https://query2.finance.yahoo.com/v8/finance/chart/RECT.BR?interval=1d&range=1d","https://query2.finance.yahoo.com/v1/finance/search?q=RECTICEL&quotesCount=8&newsCount=0","https://stockanalysis.com/list/euronext-brussels/",""
"Regeneron Pharmaceuticals","Regeneron Pharmaceuticals, Inc.","REGN","Nasdaq Global Select Market","REGN","https://finance.yahoo.com/quote/REGN/","USD","Healthcare","Biotechnology",79749963776,"USD","2026-09-16","quote date shown by market-cap source","provider raw value","2026-09-16","Soins de santé","company matched to selected lookup listing","","","https://finance.yahoo.com/quote/REGN/","https://finance.yahoo.com/quote/REGN/","https://finance.yahoo.com/quote/REGN/",""
"RELX","RELX PLC","REN","Euronext Amsterdam","REN.AS","https://stockanalysis.com/quote/ams/REN/","EUR","Industrials","Specialty Business Services",51740000000,"EUR","2026-09-16","retrieval date of daily exchange list","rounded source display","2026-09-16","Autres","company matched to selected lookup listing","","","https://query2.finance.yahoo.com/v8/finance/chart/REN.AS?interval=1d&range=1d","https://query2.finance.yahoo.com/v1/finance/search?q=RELX&quotesCount=8&newsCount=0","https://stockanalysis.com/list/euronext-amsterdam/",""
"RENAULT","Renault SA","RNO","Euronext Paris","RNO.PA","https://finance.yahoo.com/quote/RNO.PA/","EUR","Consumer Cyclical","Auto Manufacturers",8180586496,"EUR","2026-09-16","quote date shown by market-cap source","provider raw value","2026-09-16","Consommation discrétionnaire","company matched to selected lookup listing","","","https://finance.yahoo.com/quote/RNO.PA/","https://finance.yahoo.com/quote/RNO.PA/","https://finance.yahoo.com/quote/RNO.PA/",""
"Republic Services","Republic Services, Inc.","RSG","NYSE","RSG","https://finance.yahoo.com/quote/RSG/","USD","Industrials","Waste Management",67305615360,"USD","2026-09-16","quote date shown by market-cap source","provider raw value","2026-09-16","Industrie","company matched to selected lookup listing","","","https://finance.yahoo.com/quote/RSG/","https://finance.yahoo.com/quote/RSG/","https://finance.yahoo.com/quote/RSG/",""
"RETAIL ESTATES","Retail Estates N.V.","RET","Euronext Brussels","RET.BR","https://stockanalysis.com/quote/ebr/RET/","EUR","Real Estate","REIT—Retail",957180000,"EUR","2026-09-16","retrieval date of daily exchange list","rounded source display","2026-09-16","Immobilier","company matched to selected lookup listing","","","https://query2.finance.yahoo.com/v8/finance/chart/RET.BR?interval=1d&range=1d","https://query2.finance.yahoo.com/v1/finance/search?q=RETAIL+ESTATES&quotesCount=8&newsCount=0","https://stockanalysis.com/list/euronext-brussels/",""
"RHEINMETALL AG","Rheinmetall AG","RHM","Xetra","RHM.DE","https://finance.yahoo.com/quote/RHM.DE/","EUR","Industrials","Aerospace & Defense",47274749952,"EUR","2026-09-16","quote date shown by market-cap source","provider raw value","2026-09-16","Autres","company matched to selected lookup listing","","","https://finance.yahoo.com/quote/RHM.DE/","https://finance.yahoo.com/quote/RHM.DE/","https://finance.yahoo.com/quote/RHM.DE/",""
"RIETER HOLDING AG","Rieter Holding AG","RIEN","SIX Swiss Exchange","RIEN.SW","https://stockanalysis.com/quote/swx/RIEN/","CHF","Industrials","Specialty Industrial Machinery",419450000,"CHF","2026-09-04","quote date shown by market-cap source","rounded source display","2026-09-16","Industrie","company matched to selected lookup listing","Market-cap source snapshot is over five calendar days old; see source date.","","https://query2.finance.yahoo.com/v8/finance/chart/RIEN.SW?interval=1d&range=1d","https://query2.finance.yahoo.com/v1/finance/search?q=RIETER+HOLDING+AG&quotesCount=8&newsCount=0","https://stockanalysis.com/quote/swx/RIEN/",""
"RIO TINTO PLC","Rio Tinto Group","RIO","London Stock Exchange","RIO.L","https://finance.yahoo.com/quote/RIO.L/","GBp","Basic Materials","Other Industrial Metals & Mining",117130403840,"GBP","2026-09-16","quote date shown by market-cap source","provider raw value","2026-09-16","Autres","company matched to selected lookup listing","Quote currency is pence; market capitalization is in pounds (GBP).","","https://finance.yahoo.com/quote/RIO.L/","https://finance.yahoo.com/quote/RIO.L/","https://finance.yahoo.com/quote/RIO.L/",""
"Robinhood Markets","Robinhood Markets, Inc.","HOOD","Nasdaq Global Select Market","HOOD","https://finance.yahoo.com/quote/HOOD/","USD","Financial Services","Capital Markets",93882171392,"USD","2026-09-16","quote date shown by market-cap source","provider raw value","2026-09-16","Finance","company matched to selected lookup listing","","","https://finance.yahoo.com/quote/HOOD/","https://finance.yahoo.com/quote/HOOD/","https://finance.yahoo.com/quote/HOOD/",""
"ROCHE HOLDING AG","Roche Holding AG","ROP","SIX Swiss Exchange","ROP.SW","https://finance.yahoo.com/quote/ROP.SW/","CHF","Healthcare","Drug Manufacturers - General",288827637760,"CHF","2026-09-16","quote date shown by market-cap source","provider raw value","2026-09-16","Autres","share class not confirmed","Non-voting participation certificates ROP selected; bearer shares RO also exist. ROP replaced ROG on 2026-03-17. Challenge share class not confirmed.","RO.SW","https://finance.yahoo.com/quote/ROP.SW/","https://finance.yahoo.com/quote/ROP.SW/","https://finance.yahoo.com/quote/ROP.SW/","https://www.roche.com/investors/updates/inv-update-2026-03-16"
"ROLLS ROYCE HOLDINGS PLC","Rolls-Royce Holdings plc","RR","London Stock Exchange","RR.L","https://finance.yahoo.com/quote/RR.L/","GBp","Industrials","Aerospace & Defense",118724427776,"GBP","2026-09-16","quote date shown by market-cap source","provider raw value","2026-09-16","Industrie","company matched to selected lookup listing","Quote currency is pence; market capitalization is in pounds (GBP).","","https://finance.yahoo.com/quote/RR.L/","https://finance.yahoo.com/quote/RR.L/","https://finance.yahoo.com/quote/RR.L/",""
"Roper Technologies","Roper Technologies, Inc.","ROP","Nasdaq Global Select Market","ROP","https://finance.yahoo.com/quote/ROP/","USD","Technology","Software - Application",37168926720,"USD","2026-09-16","quote date shown by market-cap source","provider raw value","2026-09-16","IT","company matched to selected lookup listing","","","https://finance.yahoo.com/quote/ROP/","https://finance.yahoo.com/quote/ROP/","https://finance.yahoo.com/quote/ROP/",""
"Ross Stores","Ross Stores, Inc.","ROST","Nasdaq Global Select Market","ROST","https://finance.yahoo.com/quote/ROST/","USD","Consumer Cyclical","Apparel Retail",72111587328,"USD","2026-09-16","quote date shown by market-cap source","provider raw value","2026-09-16","Consommation discrétionnaire","company matched to selected lookup listing","","","https://finance.yahoo.com/quote/ROST/","https://finance.yahoo.com/quote/ROST/","https://finance.yahoo.com/quote/ROST/",""
"ROULARTA","Roularta Media Group NV","ROU","Euronext Brussels","ROU.BR","https://stockanalysis.com/quote/ebr/ROU/","EUR","Communication Services","Publishing",152410000,"EUR","2026-09-16","retrieval date of daily exchange list","rounded source display","2026-09-16","Consommation discrétionnaire","company matched to selected lookup listing","","","https://query2.finance.yahoo.com/v8/finance/chart/ROU.BR?interval=1d&range=1d","https://query2.finance.yahoo.com/v1/finance/search?q=ROULARTA&quotesCount=8&newsCount=0","https://stockanalysis.com/list/euronext-brussels/",""
"Royal Caribbean Group","Royal Caribbean Cruises Ltd.","RCL","NYSE","RCL","https://finance.yahoo.com/quote/RCL/","USD","Consumer Cyclical","Travel Services",67911430144,"USD","2026-09-16","quote date shown by market-cap source","provider raw value","2026-09-16","Consommation discrétionnaire","company matched to selected lookup listing","","","https://finance.yahoo.com/quote/RCL/","https://finance.yahoo.com/quote/RCL/","https://finance.yahoo.com/quote/RCL/",""
"RTX Corp","RTX Corporation","RTX","NYSE","RTX","https://finance.yahoo.com/quote/RTX/","USD","Industrials","Aerospace & Defense",265279225856,"USD","2026-09-16","quote date shown by market-cap source","provider raw value","2026-09-16","Industrie","company matched to selected lookup listing","","","https://finance.yahoo.com/quote/RTX/","https://finance.yahoo.com/quote/RTX/","https://finance.yahoo.com/quote/RTX/",""
"RWE AG","RWE Aktiengesellschaft","RWE","Xetra","RWE.DE","https://finance.yahoo.com/quote/RWE.DE/","EUR","Utilities","Utilities - Diversified",46736707584,"EUR","2026-09-16","quote date shown by market-cap source","provider raw value","2026-09-16","Services publics","company matched to selected lookup listing","","","https://finance.yahoo.com/quote/RWE.DE/","https://finance.yahoo.com/quote/RWE.DE/","https://finance.yahoo.com/quote/RWE.DE/",""
"S&P Global","S&P Global Inc.","SPGI","NYSE","SPGI","https://finance.yahoo.com/quote/SPGI/","USD","Financial Services","Financial Data & Stock Exchanges",119912849408,"USD","2026-09-16","quote date shown by market-cap source","provider raw value","2026-09-16","Finance","company matched to selected lookup listing","","","https://finance.yahoo.com/quote/SPGI/","https://finance.yahoo.com/quote/SPGI/","https://finance.yahoo.com/quote/SPGI/",""
"S.E.B.","SEB SA","SK","Euronext Paris","SK.PA","https://finance.yahoo.com/quote/SK.PA/","EUR","Consumer Cyclical","Furnishings, Fixtures & Appliances",3059263488,"EUR","2026-09-15","quote date shown by market-cap source","provider raw value","2026-09-16","Consommation discrétionnaire","company matched to selected lookup listing","","","https://finance.yahoo.com/quote/SK.PA/","https://finance.yahoo.com/quote/SK.PA/","https://finance.yahoo.com/quote/SK.PA/",""
"SAFRAN","Safran SA","SAF","Euronext Paris","SAF.PA","https://finance.yahoo.com/quote/SAF.PA/","EUR","Industrials","Aerospace & Defense",135211065344,"EUR","2026-09-16","quote date shown by market-cap source","provider raw value","2026-09-16","Industrie","company matched to selected lookup listing","","","https://finance.yahoo.com/quote/SAF.PA/","https://finance.yahoo.com/quote/SAF.PA/","https://finance.yahoo.com/quote/SAF.PA/",""
"SAINT GOBAIN","Compagnie de Saint-Gobain S.A.","SGO","Euronext Paris","SGO.PA","https://finance.yahoo.com/quote/SGO.PA/","EUR","Industrials","Building Products & Equipment",34068877312,"EUR","2026-09-16","quote date shown by market-cap source","provider raw value","2026-09-16","Matériaux","company matched to selected lookup listing","","","https://finance.yahoo.com/quote/SGO.PA/","https://finance.yahoo.com/quote/SGO.PA/","https://finance.yahoo.com/quote/SGO.PA/",""
"Salesforce","Salesforce, Inc.","CRM","NYSE","CRM","https://finance.yahoo.com/quote/CRM/","USD","Technology","Software - Application",206194409472,"USD","2026-09-16","quote date shown by market-cap source","provider raw value","2026-09-16","IT","company matched to selected lookup listing","","","https://finance.yahoo.com/quote/CRM/","https://finance.yahoo.com/quote/CRM/","https://finance.yahoo.com/quote/CRM/",""
"SANDISK","Sandisk Corporation","SNDK","Nasdaq Global Select Market","SNDK","https://finance.yahoo.com/quote/SNDK/","USD","Technology","Computer Hardware",222552489984,"USD","2026-09-16","quote date shown by market-cap source","provider raw value","2026-09-16","IT","company matched to selected lookup listing","","","https://finance.yahoo.com/quote/SNDK/","https://finance.yahoo.com/quote/SNDK/","https://finance.yahoo.com/quote/SNDK/",""
"SANOFI","Sanofi","SAN","Euronext Paris","SAN.PA","https://finance.yahoo.com/quote/SAN.PA/","EUR","Healthcare","Drug Manufacturers - General",89076408320,"EUR","2026-09-16","quote date shown by market-cap source","provider raw value","2026-09-16","Soins de santé","company matched to selected lookup listing","","","https://finance.yahoo.com/quote/SAN.PA/","https://finance.yahoo.com/quote/SAN.PA/","https://finance.yahoo.com/quote/SAN.PA/",""
"SAP SE","SAP SE","SAP","Xetra","SAP.DE","https://finance.yahoo.com/quote/SAP.DE/","EUR","Technology","Software - Application",215328342016,"EUR","2026-09-16","quote date shown by market-cap source","provider raw value","2026-09-16","IT","company matched to selected lookup listing","","","https://finance.yahoo.com/quote/SAP.DE/","https://finance.yahoo.com/quote/SAP.DE/","https://finance.yahoo.com/quote/SAP.DE/",""
"SBM OFFSHORE","SBM Offshore N.V.","SBMO","Euronext Amsterdam","SBMO.AS","https://stockanalysis.com/quote/ams/SBMO/","EUR","Energy","Oil & Gas Equipment & Services",5980000000,"EUR","2026-09-16","retrieval date of daily exchange list","rounded source display","2026-09-16","Autres","company matched to selected lookup listing","","","https://query2.finance.yahoo.com/v8/finance/chart/SBMO.AS?interval=1d&range=1d","https://query2.finance.yahoo.com/v1/finance/search?q=SBM+OFFSHORE&quotesCount=8&newsCount=0","https://stockanalysis.com/list/euronext-amsterdam/",""
"Schlumberger Limited","SLB N.V.","SLB","NYSE","SLB","https://finance.yahoo.com/quote/SLB/","USD","Energy","Oil & Gas Equipment & Services",77620690944,"USD","2026-09-16","quote date shown by market-cap source","provider raw value","2026-09-16","Énergie","company matched to selected lookup listing","Challenge uses Schlumberger; current quoted name is SLB.","","https://finance.yahoo.com/quote/SLB/","https://finance.yahoo.com/quote/SLB/","https://finance.yahoo.com/quote/SLB/",""
"SCHNEIDER ELECTRIC SE","Schneider Electric S.E.","SU","Euronext Paris","SU.PA","https://finance.yahoo.com/quote/SU.PA/","EUR","Industrials","Specialty Industrial Machinery",157401497600,"EUR","2026-09-16","quote date shown by market-cap source","provider raw value","2026-09-16","Industrie","company matched to selected lookup listing","","","https://finance.yahoo.com/quote/SU.PA/","https://finance.yahoo.com/quote/SU.PA/","https://finance.yahoo.com/quote/SU.PA/",""
"SERVICENOW","ServiceNow, Inc.","NOW","NYSE","NOW","https://finance.yahoo.com/quote/NOW/","USD","Technology","Software - Application",144554590208,"USD","2026-09-16","quote date shown by market-cap source","provider raw value","2026-09-16","IT","company matched to selected lookup listing","","","https://finance.yahoo.com/quote/NOW/","https://finance.yahoo.com/quote/NOW/","https://finance.yahoo.com/quote/NOW/",""
"SHELL PLC","Shell plc","SHELL","Euronext Amsterdam","SHELL.AS","https://finance.yahoo.com/quote/SHELL.AS/","EUR","Energy","Oil & Gas Integrated",239088828416,"EUR","2026-09-16","quote date shown by market-cap source","provider raw value","2026-09-16","Énergie","company matched to selected lookup listing","","","https://finance.yahoo.com/quote/SHELL.AS/","https://finance.yahoo.com/quote/SHELL.AS/","https://finance.yahoo.com/quote/SHELL.AS/",""
"Sherwin-Williams Company (The)","The Sherwin-Williams Company","SHW","NYSE","SHW","https://finance.yahoo.com/quote/SHW/","USD","Basic Materials","Specialty Chemicals",78037032960,"USD","2026-09-16","quote date shown by market-cap source","provider raw value","2026-09-16","Matériaux","company matched to selected lookup listing","","","https://finance.yahoo.com/quote/SHW/","https://finance.yahoo.com/quote/SHW/","https://finance.yahoo.com/quote/SHW/",""
"SHURGARD","Shurgard Self Storage Ltd","SHUR","Euronext Brussels","SHUR.BR","https://finance.yahoo.com/quote/SHUR.BR/","EUR","Real Estate","REIT - Specialty",2342557952,"EUR","2026-09-16","quote date shown by market-cap source","provider raw value","2026-09-16","Immobilier","company matched to selected lookup listing","","","https://finance.yahoo.com/quote/SHUR.BR/","https://finance.yahoo.com/quote/SHUR.BR/","https://finance.yahoo.com/quote/SHUR.BR/",""
"SIEMENS AG","Siemens Aktiengesellschaft","SIE","Xetra","SIE.DE","https://finance.yahoo.com/quote/SIE.DE/","EUR","Industrials","Specialty Industrial Machinery",198760000000,"EUR","2026-09-16","quote date shown by market-cap source","rounded source display","2026-09-16","Industrie","company matched to selected lookup listing","","","https://finance.yahoo.com/quote/SIE.DE/","https://finance.yahoo.com/quote/SIE.DE/","https://stockanalysis.com/quote/etr/SIE/",""
"SIEMENS ENERGY AG","Siemens Energy AG","ENR","Xetra","ENR.DE","https://finance.yahoo.com/quote/ENR.DE/","EUR","Industrials","Specialty Industrial Machinery",116668350464,"EUR","2026-09-16","quote date shown by market-cap source","provider raw value","2026-09-16","Énergie","company matched to selected lookup listing","","","https://finance.yahoo.com/quote/ENR.DE/","https://finance.yahoo.com/quote/ENR.DE/","https://finance.yahoo.com/quote/ENR.DE/",""
"SIEMENS HEALTHINEERS AG","Siemens Healthineers AG","SHL","Xetra","SHL.DE","https://finance.yahoo.com/quote/SHL.DE/","EUR","Healthcare","Medical Devices",42700000000,"EUR","2026-09-16","quote date shown by market-cap source","rounded source display","2026-09-16","Soins de santé","company matched to selected lookup listing","","","https://finance.yahoo.com/quote/SHL.DE/","https://finance.yahoo.com/quote/SHL.DE/","https://stockanalysis.com/quote/etr/SHL/",""
"SIF HOLDING","Sif Holding N.V.","SIFG","Euronext Amsterdam","SIFG.AS","https://finance.yahoo.com/quote/SIFG.AS/","EUR","Industrials","Metal Fabrication",95793000,"EUR","2026-09-16","quote date shown by market-cap source","provider raw value","2026-09-16","Industrie","company matched to selected lookup listing","","","https://finance.yahoo.com/quote/SIFG.AS/","https://query2.finance.yahoo.com/v1/finance/search?q=SIF+HOLDING&quotesCount=8&newsCount=0","https://finance.yahoo.com/quote/SIFG.AS/",""
"SIGNIFY NV","Signify N.V.","LIGHT","Euronext Amsterdam","LIGHT.AS","https://stockanalysis.com/quote/ams/LIGHT/","EUR","Industrials","Electrical Equipment & Parts",1740000000,"EUR","2026-09-16","retrieval date of daily exchange list","rounded source display","2026-09-16","Industrie","company matched to selected lookup listing","","","https://query2.finance.yahoo.com/v8/finance/chart/LIGHT.AS?interval=1d&range=1d","https://query2.finance.yahoo.com/v1/finance/search?q=SIGNIFY+NV&quotesCount=8&newsCount=0","https://stockanalysis.com/list/euronext-amsterdam/",""
"SIPEF","Sipef NV","SIP","Euronext Brussels","SIP.BR","https://stockanalysis.com/quote/ebr/SIP/","EUR","Consumer Defensive","Farm Products",1130000000,"EUR","2026-09-16","retrieval date of daily exchange list","rounded source display","2026-09-16","Biens de consommation courants","company matched to selected lookup listing","","","https://query2.finance.yahoo.com/v8/finance/chart/SIP.BR?interval=1d&range=1d","https://query2.finance.yahoo.com/v1/finance/search?q=SIPEF&quotesCount=8&newsCount=0","https://stockanalysis.com/list/euronext-brussels/",""
"SK HYNIX","SK hynix Inc.","000660","Korea Exchange (KOSPI)","000660.KS","https://finance.yahoo.com/quote/000660.KS/","KRW","Technology","Semiconductors",1248634771341312,"KRW","2026-09-16","quote date shown by market-cap source","provider raw value","2026-09-16","IT","company matched to selected lookup listing","","","https://finance.yahoo.com/quote/000660.KS/","https://finance.yahoo.com/quote/000660.KS/","https://finance.yahoo.com/quote/000660.KS/",""
"Sligro Food Group N.V.","Sligro Food Group N.V.","SLIGR","Euronext Amsterdam","SLIGR.AS","https://stockanalysis.com/quote/ams/SLIGR/","EUR","Consumer Defensive","Food Distribution",449850000,"EUR","2026-09-16","retrieval date of daily exchange list","rounded source display","2026-09-16","Biens de consommation courants","company matched to selected lookup listing","","","https://query2.finance.yahoo.com/v8/finance/chart/SLIGR.AS?interval=1d&range=1d","https://query2.finance.yahoo.com/v1/finance/search?q=Sligro+Food+Group+N.V.&quotesCount=8&newsCount=0","https://stockanalysis.com/list/euronext-amsterdam/",""
"SOCIETE GENERALE","Société Générale Société anonyme","GLE","Euronext Paris","GLE.PA","https://finance.yahoo.com/quote/GLE.PA/","EUR","Financial Services","Banks - Regional",53819355136,"EUR","2026-09-16","quote date shown by market-cap source","provider raw value","2026-09-16","Finance","company matched to selected lookup listing","","","https://finance.yahoo.com/quote/GLE.PA/","https://finance.yahoo.com/quote/GLE.PA/","https://finance.yahoo.com/quote/GLE.PA/",""
"SODEXO","Sodexo S.A.","SW","Euronext Paris","SW.PA","https://finance.yahoo.com/quote/SW.PA/","EUR","Industrials","Specialty Business Services",8250000000,"EUR","2026-09-16","quote date shown by market-cap source","rounded source display","2026-09-16","Industrie","company matched to selected lookup listing","","","https://finance.yahoo.com/quote/SW.PA/","https://finance.yahoo.com/quote/SW.PA/","https://stockanalysis.com/quote/epa/SW/",""
"SOFINA","Sofina Société Anonyme","SOF","Euronext Brussels","SOF.BR","https://stockanalysis.com/quote/ebr/SOF/","EUR","Financial Services","Asset Management",9020000000,"EUR","2026-09-16","retrieval date of daily exchange list","rounded source display","2026-09-16","Finance","company matched to selected lookup listing","","","https://query2.finance.yahoo.com/v8/finance/chart/SOF.BR?interval=1d&range=1d","https://query2.finance.yahoo.com/v1/finance/search?q=SOFINA&quotesCount=8&newsCount=0","https://stockanalysis.com/list/euronext-brussels/",""
"SOLVAY","Solvay SA","SOLB","Euronext Brussels","SOLB.BR","https://finance.yahoo.com/quote/SOLB.BR/","EUR","Basic Materials","Chemicals",2705979648,"EUR","2026-09-16","quote date shown by market-cap source","provider raw value","2026-09-16","Matériaux","company matched to selected lookup listing","","","https://finance.yahoo.com/quote/SOLB.BR/","https://query2.finance.yahoo.com/v1/finance/search?q=SOLVAY&quotesCount=8&newsCount=0","https://finance.yahoo.com/quote/SOLB.BR/",""
"Southern Company (The)","The Southern Company","SO","NYSE","SO","https://finance.yahoo.com/quote/SO/","USD","Utilities","Utilities - Regulated Electric",99195805696,"USD","2026-09-16","quote date shown by market-cap source","provider raw value","2026-09-16","Services publics","company matched to selected lookup listing","","","https://finance.yahoo.com/quote/SO/","https://finance.yahoo.com/quote/SO/","https://finance.yahoo.com/quote/SO/",""
"SPACE-X","Space Exploration Technologies Corp.","SPCX","Nasdaq Global Select Market","SPCX","https://finance.yahoo.com/quote/SPCX/","USD","Industrials","Aerospace & Defense",1988866998272,"USD","2026-09-16","quote date shown by market-cap source","provider raw value","2026-09-16","Industrie","company matched to selected lookup listing","SpaceX began Nasdaq trading as SPCX in June 2026.","","https://finance.yahoo.com/quote/SPCX/","https://finance.yahoo.com/quote/SPCX/","https://finance.yahoo.com/quote/SPCX/","https://ir.spacex.com/updates/releases-details/2026/Space-Exploration-Technologies-Corp--Announces-Pricing-of-Initial-Public-Offering/default.aspx"
"ST DUPONT","S.T. Dupont S.A.","DPT","Euronext Paris","DPT.PA","https://stockanalysis.com/quote/epa/DPT/","EUR","Consumer Cyclical","Luxury Goods",84560000,"EUR","2026-09-03","quote date shown by market-cap source","rounded source display","2026-09-16","Autres","company matched to selected lookup listing","Market-cap source snapshot is over five calendar days old; see source date.","","https://query2.finance.yahoo.com/v8/finance/chart/DPT.PA?interval=1d&range=1d","https://query2.finance.yahoo.com/v1/finance/search?q=ST+DUPONT&quotesCount=8&newsCount=0","https://stockanalysis.com/quote/epa/DPT/",""
"Starbucks Corp","Starbucks Corporation","SBUX","Nasdaq Global Select Market","SBUX","https://finance.yahoo.com/quote/SBUX/","USD","Consumer Cyclical","Restaurants",110967595008,"USD","2026-09-16","quote date shown by market-cap source","provider raw value","2026-09-16","Consommation discrétionnaire","company matched to selected lookup listing","","","https://finance.yahoo.com/quote/SBUX/","https://finance.yahoo.com/quote/SBUX/","https://finance.yahoo.com/quote/SBUX/",""
"STELLANTIS NV","Stellantis N.V.","STLAP","Euronext Paris","STLAP.PA","https://finance.yahoo.com/quote/STLAP.PA/","EUR","Consumer Cyclical","Auto Manufacturers",16327582720,"EUR","2026-09-16","quote date shown by market-cap source","provider raw value","2026-09-16","Consommation discrétionnaire","company matched to selected lookup listing","","","https://finance.yahoo.com/quote/STLAP.PA/","https://query2.finance.yahoo.com/v1/finance/search?q=STELLANTIS+NV&quotesCount=8&newsCount=0","https://finance.yahoo.com/quote/STLAP.PA/",""
"STMICROELECTRONICS","STMicroelectronics N.V.","STMPA","Euronext Paris","STMPA.PA","https://finance.yahoo.com/quote/STMPA.PA/","EUR","Technology","Semiconductors",38000599040,"EUR","2026-09-16","quote date shown by market-cap source","provider raw value","2026-09-16","IT","company matched to selected lookup listing","","","https://finance.yahoo.com/quote/STMPA.PA/","https://query2.finance.yahoo.com/v1/finance/search?q=STMICROELECTRONICS&quotesCount=8&newsCount=0","https://finance.yahoo.com/quote/STMPA.PA/",""
"Stryker Corp","Stryker Corporation","SYK","NYSE","SYK","https://finance.yahoo.com/quote/SYK/","USD","Healthcare","Medical Devices",109226270720,"USD","2026-09-16","quote date shown by market-cap source","provider raw value","2026-09-16","Soins de santé","company matched to selected lookup listing","","","https://finance.yahoo.com/quote/SYK/","https://finance.yahoo.com/quote/SYK/","https://finance.yahoo.com/quote/SYK/",""
"Super Micro Computer","Super Micro Computer, Inc.","SMCI","Nasdaq Global Select Market","SMCI","https://finance.yahoo.com/quote/SMCI/","USD","Technology","Computer Hardware",24209172480,"USD","2026-09-16","quote date shown by market-cap source","provider raw value","2026-09-16","IT","company matched to selected lookup listing","","","https://finance.yahoo.com/quote/SMCI/","https://finance.yahoo.com/quote/SMCI/","https://finance.yahoo.com/quote/SMCI/",""
"SVENSKA HANDELSBANKEN AB","Svenska Handelsbanken AB (publ)","SHB A","Nasdaq Stockholm","SHB-A.ST","https://finance.yahoo.com/quote/SHB-A.ST/","SEK","Financial Services","Banks - Diversified",297607528448,"SEK","2026-08-31","quote date shown by market-cap source","provider raw value","2026-09-16","Finance","share class not confirmed","Class A selected; Class B SHB-B also exists. Challenge share class not confirmed. Market-cap source snapshot is over five calendar days old; see source date.","SHB-B.ST","https://finance.yahoo.com/quote/SHB-A.ST/","https://finance.yahoo.com/quote/SHB-A.ST/","https://finance.yahoo.com/quote/SHB-A.ST/",""
"SWATCH GROUP AG, THE","The Swatch Group AG","UHR","SIX Swiss Exchange","UHR.SW","https://finance.yahoo.com/quote/UHR.SW/","CHF","Consumer Cyclical","Luxury Goods",9081105408,"CHF","2026-09-16","quote date shown by market-cap source","provider raw value","2026-09-16","Consommation discrétionnaire","share class not confirmed","Bearer shares UHR selected; challenge share class not confirmed.","","https://finance.yahoo.com/quote/UHR.SW/","https://finance.yahoo.com/quote/UHR.SW/","https://finance.yahoo.com/quote/UHR.SW/",""
"SWISSCOM AG","Swisscom AG","SCMN","SIX Swiss Exchange","SCMN.SW","https://finance.yahoo.com/quote/SCMN.SW/","CHF","Communication Services","Telecom Services",34862706688,"CHF","2026-09-16","quote date shown by market-cap source","provider raw value","2026-09-16","Services publics","company matched to selected lookup listing","","","https://finance.yahoo.com/quote/SCMN.SW/","https://finance.yahoo.com/quote/SCMN.SW/","https://finance.yahoo.com/quote/SCMN.SW/",""
"SYENSQO","Syensqo SA/NV","SYENS","Euronext Brussels","SYENS.BR","https://finance.yahoo.com/quote/SYENS.BR/","EUR","Basic Materials","Chemicals",7907504640,"EUR","2026-09-16","quote date shown by market-cap source","provider raw value","2026-09-16","Matériaux","company matched to selected lookup listing","","","https://finance.yahoo.com/quote/SYENS.BR/","https://finance.yahoo.com/quote/SYENS.BR/","https://finance.yahoo.com/quote/SYENS.BR/",""
"SYMRISE AG","Symrise AG","SY1","Xetra","SY1.DE","https://stockanalysis.com/quote/etr/SY1/","EUR","Basic Materials","Specialty Chemicals",12230000000,"EUR","2026-09-16","quote date shown by market-cap source","rounded source display","2026-09-16","Matériaux","company matched to selected lookup listing","","","https://query2.finance.yahoo.com/v8/finance/chart/SY1.DE?interval=1d&range=1d","https://query2.finance.yahoo.com/v1/finance/search?q=SYMRISE+AG&quotesCount=8&newsCount=0","https://stockanalysis.com/quote/etr/SY1/",""
"Synopsys","Synopsys, Inc.","SNPS","Nasdaq Global Select Market","SNPS","https://finance.yahoo.com/quote/SNPS/","USD","Technology","Software - Infrastructure",72528715776,"USD","2026-09-16","quote date shown by market-cap source","provider raw value","2026-09-16","IT","company matched to selected lookup listing","","","https://finance.yahoo.com/quote/SNPS/","https://finance.yahoo.com/quote/SNPS/","https://finance.yahoo.com/quote/SNPS/",""
"T-Mobile US","T-Mobile US, Inc.","TMUS","Nasdaq Global Select Market","TMUS","https://finance.yahoo.com/quote/TMUS/","USD","Communication Services","Telecom Services",189069099008,"USD","2026-09-16","quote date shown by market-cap source","provider raw value","2026-09-16","Services publics","company matched to selected lookup listing","","","https://finance.yahoo.com/quote/TMUS/","https://finance.yahoo.com/quote/TMUS/","https://finance.yahoo.com/quote/TMUS/",""
"Take-Two Interactive Software","Take-Two Interactive Software, Inc.","TTWO","Nasdaq Global Select Market","TTWO","https://finance.yahoo.com/quote/TTWO/","USD","Communication Services","Electronic Gaming & Multimedia",39604326400,"USD","2026-09-16","quote date shown by market-cap source","provider raw value","2026-09-16","Consommation discrétionnaire","company matched to selected lookup listing","","","https://finance.yahoo.com/quote/TTWO/","https://finance.yahoo.com/quote/TTWO/","https://finance.yahoo.com/quote/TTWO/",""
"Target Corp","Target Corporation","TGT","NYSE","TGT","https://finance.yahoo.com/quote/TGT/","USD","Consumer Defensive","Discount Stores",70270615552,"USD","2026-09-16","quote date shown by market-cap source","provider raw value","2026-09-16","Consommation discrétionnaire","company matched to selected lookup listing","","","https://finance.yahoo.com/quote/TGT/","https://finance.yahoo.com/quote/TGT/","https://finance.yahoo.com/quote/TGT/",""
"TELEFONICA S.A.","Telefónica, S.A.","TEF","Bolsa de Madrid","TEF.MC","https://finance.yahoo.com/quote/TEF.MC/","EUR","Communication Services","Telecom Services",20863938560,"EUR","2026-09-16","quote date shown by market-cap source","provider raw value","2026-09-16","Services publics","company matched to selected lookup listing","","","https://finance.yahoo.com/quote/TEF.MC/","https://finance.yahoo.com/quote/TEF.MC/","https://finance.yahoo.com/quote/TEF.MC/",""
"TELEPERFORMANCE","Teleperformance SE","TEP","Euronext Paris","TEP.PA","https://finance.yahoo.com/quote/TEP.PA/","EUR","Industrials","Specialty Business Services",4191940096,"EUR","2026-09-16","quote date shown by market-cap source","provider raw value","2026-09-16","Industrie","company matched to selected lookup listing","","","https://finance.yahoo.com/quote/TEP.PA/","https://finance.yahoo.com/quote/TEP.PA/","https://finance.yahoo.com/quote/TEP.PA/",""
"TELIA COMPANY AB","Telia Company AB (publ)","TELIA","Nasdaq Stockholm","TELIA.ST","https://stockanalysis.com/quote/sto/TELIA/","SEK","Communication Services","Telecom Services",183900000000,"SEK","2026-09-15","quote date shown by market-cap source","rounded source display","2026-09-16","Services publics","company matched to selected lookup listing","","","https://query2.finance.yahoo.com/v8/finance/chart/TELIA.ST?interval=1d&range=1d","https://query2.finance.yahoo.com/v1/finance/search?q=TELIA+COMPANY+AB&quotesCount=8&newsCount=0","https://stockanalysis.com/quote/sto/TELIA/",""
"TERADYNE","Teradyne, Inc.","TER","Nasdaq Global Select Market","TER","https://finance.yahoo.com/quote/TER/","USD","Technology","Semiconductor Equipment & Materials",53335646208,"USD","2026-09-16","quote date shown by market-cap source","provider raw value","2026-09-16","IT","company matched to selected lookup listing","","","https://finance.yahoo.com/quote/TER/","https://finance.yahoo.com/quote/TER/","https://finance.yahoo.com/quote/TER/",""
"TeraWulf","TeraWulf Inc.","WULF","Nasdaq Capital Market","WULF","https://finance.yahoo.com/quote/WULF/","USD","Financial Services","Capital Markets",7679128064,"USD","2026-09-16","quote date shown by market-cap source","provider raw value","2026-09-16","Autres","company matched to selected lookup listing","","","https://finance.yahoo.com/quote/WULF/","https://finance.yahoo.com/quote/WULF/","https://finance.yahoo.com/quote/WULF/",""
"Tesla","Tesla, Inc.","TSLA","Nasdaq Global Select Market","TSLA","https://finance.yahoo.com/quote/TSLA/","USD","Consumer Cyclical","Auto Manufacturers",1414253903872,"USD","2026-09-16","quote date shown by market-cap source","provider raw value","2026-09-16","Consommation discrétionnaire","company matched to selected lookup listing","","","https://finance.yahoo.com/quote/TSLA/","https://finance.yahoo.com/quote/TSLA/","https://finance.yahoo.com/quote/TSLA/",""
"TESSENDERLO GROUP","Tessenderlo Group NV","TESB","Euronext Brussels","TESB.BR","https://finance.yahoo.com/quote/TESB.BR/","EUR","Basic Materials","Agricultural Inputs",1240000000,"EUR","2026-09-16","retrieval date of daily exchange list","rounded source display","2026-09-16","Matériaux","company matched to selected lookup listing","","","https://finance.yahoo.com/quote/TESB.BR/","https://finance.yahoo.com/quote/TESB.BR/","https://stockanalysis.com/list/euronext-brussels/",""
"TETRAGON FINANCIAL GROUP","Tetragon Financial Group Limited","TFG","Euronext Amsterdam","TFG.AS","https://finance.yahoo.com/quote/TFG.AS/","USD","Financial Services","Asset Management",1143800064,"USD","2026-09-04","quote date shown by market-cap source","provider raw value","2026-09-16","Finance","company matched to selected lookup listing","Market-cap source snapshot is over five calendar days old; see source date.","","https://finance.yahoo.com/quote/TFG.AS/","https://finance.yahoo.com/quote/TFG.AS/","https://finance.yahoo.com/quote/TFG.AS/",""
"TEXAF","Texaf S.A.","TEXF","Euronext Brussels","TEXF.BR","https://stockanalysis.com/quote/ebr/TEXF/","EUR","Real Estate","Real Estate Services",137860000,"EUR","2026-09-16","retrieval date of daily exchange list","rounded source display","2026-09-16","Finance","company matched to selected lookup listing","","","https://query2.finance.yahoo.com/v8/finance/chart/TEXF.BR?interval=1d&range=1d","https://query2.finance.yahoo.com/v1/finance/search?q=TEXAF&quotesCount=8&newsCount=0","https://stockanalysis.com/list/euronext-brussels/",""
"Texas Instruments","Texas Instruments Incorporated","TXN","Nasdaq Global Select Market","TXN","https://finance.yahoo.com/quote/TXN/","USD","Technology","Semiconductors",238056292352,"USD","2026-09-16","quote date shown by market-cap source","provider raw value","2026-09-16","IT","company matched to selected lookup listing","","","https://finance.yahoo.com/quote/TXN/","https://finance.yahoo.com/quote/TXN/","https://finance.yahoo.com/quote/TXN/",""
"THALES","Thales S.A.","HO","Euronext Paris","HO.PA","https://stockanalysis.com/quote/epa/HO/","EUR","Industrials","Aerospace & Defense",49290000000,"EUR","2026-09-16","quote date shown by market-cap source","rounded source display","2026-09-16","Industrie","company matched to selected lookup listing","","","https://query2.finance.yahoo.com/v8/finance/chart/HO.PA?interval=1d&range=1d","https://query2.finance.yahoo.com/v1/finance/search?q=THALES&quotesCount=8&newsCount=0","https://stockanalysis.com/quote/epa/HO/",""
"THEON INTERNATIONAL PLC","Theon International Plc","THEON","Euronext Amsterdam","THEON.AS","https://finance.yahoo.com/quote/THEON.AS/","EUR","Industrials","Aerospace & Defense",2385164288,"EUR","2026-09-16","quote date shown by market-cap source","provider raw value","2026-09-16","Industrie","company matched to selected lookup listing","","","https://finance.yahoo.com/quote/THEON.AS/","https://finance.yahoo.com/quote/THEON.AS/","https://finance.yahoo.com/quote/THEON.AS/",""
"Thermo Fisher Scientific","Thermo Fisher Scientific Inc.","TMO","NYSE","TMO","https://finance.yahoo.com/quote/TMO/","USD","Healthcare","Diagnostics & Research",239755231232,"USD","2026-09-16","quote date shown by market-cap source","provider raw value","2026-09-16","Soins de santé","company matched to selected lookup listing","","","https://finance.yahoo.com/quote/TMO/","https://finance.yahoo.com/quote/TMO/","https://finance.yahoo.com/quote/TMO/",""
"TINC","TINC NV","TINC","Euronext Brussels","TINC.BR","https://stockanalysis.com/quote/ebr/TINC/","EUR","Financial Services","Asset Management",527520000,"EUR","2026-09-16","retrieval date of daily exchange list","rounded source display","2026-09-16","Finance","company matched to selected lookup listing","","","https://query2.finance.yahoo.com/v8/finance/chart/TINC.BR?interval=1d&range=1d","https://query2.finance.yahoo.com/v1/finance/search?q=TINC&quotesCount=8&newsCount=0","https://stockanalysis.com/list/euronext-brussels/",""
"TITAN CEMENT","Titan S.A.","TITC","Euronext Brussels","TITC.BR","https://stockanalysis.com/quote/ebr/TITC/","EUR","Basic Materials","Building Materials",3720000000,"EUR","2026-09-16","retrieval date of daily exchange list","rounded source display","2026-09-16","Matériaux","company matched to selected lookup listing","","","https://query2.finance.yahoo.com/v8/finance/chart/TITC.BR?interval=1d&range=1d","https://query2.finance.yahoo.com/v1/finance/search?q=TITC.BR&quotesCount=3&newsCount=0","https://stockanalysis.com/list/euronext-brussels/",""
"TJX Companies","The TJX Companies, Inc.","TJX","NYSE","TJX","https://finance.yahoo.com/quote/TJX/","USD","Consumer Cyclical","Apparel Retail",135120805888,"USD","2026-09-16","quote date shown by market-cap source","provider raw value","2026-09-16","Consommation discrétionnaire","company matched to selected lookup listing","","","https://finance.yahoo.com/quote/TJX/","https://finance.yahoo.com/quote/TJX/","https://finance.yahoo.com/quote/TJX/",""
"TKH GROUP N.V.","TKH Group N.V.","TWEKA","Euronext Amsterdam","TWEKA.AS","https://stockanalysis.com/quote/ams/TWEKA/","EUR","Technology","Communication Equipment",2020000000,"EUR","2026-09-16","retrieval date of daily exchange list","rounded source display","2026-09-16","Industrie","company matched to selected lookup listing","","","https://query2.finance.yahoo.com/v8/finance/chart/TWEKA.AS?interval=1d&range=1d","https://query2.finance.yahoo.com/v1/finance/search?q=TKH+GROUP+N.V.&quotesCount=8&newsCount=0","https://stockanalysis.com/list/euronext-amsterdam/",""
"TOMTOM","TomTom N.V.","TOM2","Euronext Amsterdam","TOM2.AS","https://finance.yahoo.com/quote/TOM2.AS/","EUR","Technology","Software - Application",483208832,"EUR","2026-09-16","quote date shown by market-cap source","provider raw value","2026-09-16","IT","company matched to selected lookup listing","","","https://finance.yahoo.com/quote/TOM2.AS/","https://finance.yahoo.com/quote/TOM2.AS/","https://finance.yahoo.com/quote/TOM2.AS/",""
"TOTALENERGIES","TotalEnergies SE","TTE","Euronext Paris","TTE.PA","https://stockanalysis.com/quote/epa/TTE/","EUR","Energy","Oil & Gas Integrated",177880000000,"EUR","2026-09-16","quote date shown by market-cap source","rounded source display","2026-09-16","Énergie","company matched to selected lookup listing","","","https://query2.finance.yahoo.com/v8/finance/chart/TTE.PA?interval=1d&range=1d","https://query2.finance.yahoo.com/v1/finance/search?q=TOTALENERGIES&quotesCount=8&newsCount=0","https://stockanalysis.com/quote/epa/TTE/",""
"Trade Desk (The)","The Trade Desk, Inc.","TTD","Nasdaq Global Market","TTD","https://finance.yahoo.com/quote/TTD/","USD","Communication Services","Advertising Agencies",6808563712,"USD","2026-09-16","quote date shown by market-cap source","provider raw value","2026-09-16","IT","company matched to selected lookup listing","","","https://finance.yahoo.com/quote/TTD/","https://finance.yahoo.com/quote/TTD/","https://finance.yahoo.com/quote/TTD/",""
"Trane Technologies plc","Trane Technologies plc","TT","NYSE","TT","https://finance.yahoo.com/quote/TT/","USD","Industrials","Building Products & Equipment",92779372544,"USD","2026-09-16","quote date shown by market-cap source","provider raw value","2026-09-16","Industrie","company matched to selected lookup listing","","","https://finance.yahoo.com/quote/TT/","https://query2.finance.yahoo.com/v1/finance/search?q=Trane+Technologies+plc&quotesCount=8&newsCount=0","https://finance.yahoo.com/quote/TT/",""
"TRIODOS BANK N.V.","Triodos Bank N.V.","TRIO","Euronext Amsterdam","TRIO.AS","https://stockanalysis.com/quote/ams/TRIO/","EUR","Financial Services","Banks—Regional",575070000,"EUR","2026-09-16","retrieval date of daily exchange list","rounded source display","2026-09-16","Autres","company matched to selected lookup listing","","","https://query2.finance.yahoo.com/v8/finance/chart/TRIO.AS?interval=1d&range=1d","https://query2.finance.yahoo.com/v1/finance/search?q=TRIODOS+BANK+N.V.&quotesCount=8&newsCount=0","https://stockanalysis.com/list/euronext-amsterdam/",""
"Truist Financial Corp","Truist Financial Corporation","TFC","NYSE","TFC","https://finance.yahoo.com/quote/TFC/","USD","Financial Services","Banks - Regional",59175571456,"USD","2026-09-16","quote date shown by market-cap source","provider raw value","2026-09-16","Finance","company matched to selected lookup listing","","","https://finance.yahoo.com/quote/TFC/","https://finance.yahoo.com/quote/TFC/","https://finance.yahoo.com/quote/TFC/",""
"TSMC","Taiwan Semiconductor Manufacturing Company Limited","TSM","NYSE","TSM","https://finance.yahoo.com/quote/TSM/","USD","Technology","Semiconductors",2166493937664,"USD","2026-09-16","quote date shown by market-cap source","provider raw value","2026-09-16","IT","company matched to selected lookup listing","US-listed American depositary shares selected, rather than Taiwan ordinary shares.","","https://finance.yahoo.com/quote/TSM/","https://finance.yahoo.com/quote/TSM/","https://finance.yahoo.com/quote/TSM/",""
"TUBIZE-FIN","Financière de Tubize SA","TUB","Euronext Brussels","TUB.BR","https://stockanalysis.com/quote/ebr/TUB/","EUR","Healthcare","Biotechnology",7900000000,"EUR","2026-09-16","retrieval date of daily exchange list","rounded source display","2026-09-16","Finance","company matched to selected lookup listing","","","https://query2.finance.yahoo.com/v8/finance/chart/TUB.BR?interval=1d&range=1d","https://query2.finance.yahoo.com/v1/finance/search?q=TUBIZE-FIN&quotesCount=8&newsCount=0","https://stockanalysis.com/list/euronext-brussels/",""
"Uber Technologies","Uber Technologies, Inc.","UBER","NYSE","UBER","https://finance.yahoo.com/quote/UBER/","USD","Technology","Software - Application",144960487424,"USD","2026-09-16","quote date shown by market-cap source","provider raw value","2026-09-16","Industrie","company matched to selected lookup listing","","","https://finance.yahoo.com/quote/UBER/","https://finance.yahoo.com/quote/UBER/","https://finance.yahoo.com/quote/UBER/",""
"UBS GROUP AG","UBS Group AG","UBSG","SIX Swiss Exchange","UBSG.SW","https://finance.yahoo.com/quote/UBSG.SW/","CHF","Financial Services","Banks - Diversified",127858343936,"CHF","2026-09-16","quote date shown by market-cap source","provider raw value","2026-09-16","Finance","company matched to selected lookup listing","","","https://finance.yahoo.com/quote/UBSG.SW/","https://finance.yahoo.com/quote/UBSG.SW/","https://finance.yahoo.com/quote/UBSG.SW/",""
"UCB","UCB SA","UCB","Euronext Brussels","UCB.BR","https://finance.yahoo.com/quote/UCB.BR/","EUR","Healthcare","Biotechnology",40020000000,"EUR","2026-09-16","retrieval date of daily exchange list","rounded source display","2026-09-16","Soins de santé","company matched to selected lookup listing","","","https://finance.yahoo.com/quote/UCB.BR/","https://finance.yahoo.com/quote/UCB.BR/","https://stockanalysis.com/list/euronext-brussels/",""
"UMICORE","Umicore SA","UMI","Euronext Brussels","UMI.BR","https://stockanalysis.com/quote/ebr/UMI/","EUR","Industrials","Waste Management",5200000000,"EUR","2026-09-16","retrieval date of daily exchange list","rounded source display","2026-09-16","Matériaux","company matched to selected lookup listing","","","https://query2.finance.yahoo.com/v8/finance/chart/UMI.BR?interval=1d&range=1d","https://query2.finance.yahoo.com/v1/finance/search?q=UMICORE&quotesCount=8&newsCount=0","https://stockanalysis.com/list/euronext-brussels/",""
"Under Armour","Under Armour, Inc.","UA","NYSE","UA","https://finance.yahoo.com/quote/UA/","USD","Consumer Cyclical","Apparel Manufacturing",2091886720,"USD","2026-09-16","quote date shown by market-cap source","provider raw value","2026-09-16","Consommation discrétionnaire","share class not confirmed","Class C UA selected; Class A UAA also exists. Challenge share class not confirmed.","UAA","https://finance.yahoo.com/quote/UA/","https://finance.yahoo.com/quote/UA/","https://finance.yahoo.com/quote/UA/",""
"UNIBAIL-RODAMCO-WESTFIELD","Unibail-Rodamco-Westfield SE","URW","Euronext Paris","URW.PA","https://stockanalysis.com/quote/epa/URW/","EUR","Real Estate","REIT—Retail",13610000000,"EUR","2026-09-16","quote date shown by market-cap source","rounded source display","2026-09-16","Immobilier","company matched to selected lookup listing","","","https://query2.finance.yahoo.com/v8/finance/chart/URW.PA?interval=1d&range=1d","https://query2.finance.yahoo.com/v1/finance/search?q=UNIBAIL-RODAMCO-WESTFIELD&quotesCount=8&newsCount=0","https://stockanalysis.com/quote/epa/URW/",""
"UNICREDIT S.P.A.","UniCredit S.p.A.","UCG","Borsa Italiana (Euronext Milan)","UCG.MI","https://stockanalysis.com/quote/bit/UCG/","EUR","Financial Services","Banks—Regional",123730000000,"EUR","2026-09-16","quote date shown by market-cap source","rounded source display","2026-09-16","Finance","company matched to selected lookup listing","","","https://query2.finance.yahoo.com/v8/finance/chart/UCG.MI?interval=1d&range=1d","https://query2.finance.yahoo.com/v1/finance/search?q=UNICREDIT+S.P.A.&quotesCount=8&newsCount=0","https://stockanalysis.com/quote/bit/UCG/",""
"UNILEVER PLC","Unilever PLC","UNA","Euronext Amsterdam","UNA.AS","https://stockanalysis.com/quote/ams/UNA/","EUR","Consumer Defensive","Household & Personal Products",116750000000,"EUR","2026-09-16","retrieval date of daily exchange list","rounded source display","2026-09-16","Consommation discrétionnaire","company matched to selected lookup listing","","","https://query2.finance.yahoo.com/v8/finance/chart/UNA.AS?interval=1d&range=1d","https://query2.finance.yahoo.com/v1/finance/search?q=UNILEVER+PLC&quotesCount=8&newsCount=0","https://stockanalysis.com/list/euronext-amsterdam/",""
"Union Pacific Corp","Union Pacific Corporation","UNP","NYSE","UNP","https://finance.yahoo.com/quote/UNP/","USD","Industrials","Railroads",166887702528,"USD","2026-09-16","quote date shown by market-cap source","provider raw value","2026-09-16","Industrie","company matched to selected lookup listing","","","https://finance.yahoo.com/quote/UNP/","https://finance.yahoo.com/quote/UNP/","https://finance.yahoo.com/quote/UNP/",""
"United Parcel Service","United Parcel Service, Inc.","UPS","NYSE","UPS","https://finance.yahoo.com/quote/UPS/","USD","Industrials","Integrated Freight & Logistics",84031692800,"USD","2026-09-16","quote date shown by market-cap source","provider raw value","2026-09-16","Industrie","company matched to selected lookup listing","","","https://finance.yahoo.com/quote/UPS/","https://finance.yahoo.com/quote/UPS/","https://finance.yahoo.com/quote/UPS/",""
"United Rentals","United Rentals, Inc.","URI","NYSE","URI","https://finance.yahoo.com/quote/URI/","USD","Industrials","Rental & Leasing Services",62631501824,"USD","2026-09-16","quote date shown by market-cap source","provider raw value","2026-09-16","Industrie","company matched to selected lookup listing","","","https://finance.yahoo.com/quote/URI/","https://query2.finance.yahoo.com/v1/finance/search?q=United+Rentals&quotesCount=8&newsCount=0","https://finance.yahoo.com/quote/URI/",""
"UNIVERSAL MUSIC GROUP","Universal Music Group N.V.","UMG","Euronext Amsterdam","UMG.AS","https://finance.yahoo.com/quote/UMG.AS/","EUR","Communication Services","Entertainment",26840000000,"EUR","2026-09-16","retrieval date of daily exchange list","rounded source display","2026-09-16","Consommation discrétionnaire","company matched to selected lookup listing","","","https://finance.yahoo.com/quote/UMG.AS/","https://finance.yahoo.com/quote/UMG.AS/","https://stockanalysis.com/list/euronext-amsterdam/",""
"V LANSCHOT KEMPEN","Van Lanschot Kempen NV","VLK","Euronext Amsterdam","VLK.AS","https://finance.yahoo.com/quote/VLK.AS/","EUR","Financial Services","Banks - Regional",2890000000,"EUR","2026-09-16","retrieval date of daily exchange list","rounded source display","2026-09-16","Finance","company matched to selected lookup listing","","","https://finance.yahoo.com/quote/VLK.AS/","https://finance.yahoo.com/quote/VLK.AS/","https://stockanalysis.com/list/euronext-amsterdam/",""
"Valmont Industries","Valmont Industries, Inc.","VMI","NYSE","VMI","https://finance.yahoo.com/quote/VMI/","USD","Industrials","Conglomerates",9176564736,"USD","2026-09-16","quote date shown by market-cap source","provider raw value","2026-09-16","Matériaux","company matched to selected lookup listing","","","https://finance.yahoo.com/quote/VMI/","https://query2.finance.yahoo.com/v1/finance/search?q=Valmont+Industries&quotesCount=8&newsCount=0","https://finance.yahoo.com/quote/VMI/",""
"VALUE8","Value8 N.V.","VALUE","Euronext Amsterdam","VALUE.AS","https://finance.yahoo.com/quote/VALUE.AS/","EUR","Financial Services","Asset Management",63870000,"EUR","2026-09-16","retrieval date of daily exchange list","rounded source display","2026-09-16","Autres","company matched to selected lookup listing","","","https://finance.yahoo.com/quote/VALUE.AS/","https://finance.yahoo.com/quote/VALUE.AS/","https://stockanalysis.com/list/euronext-amsterdam/",""
"VAN DE VELDE","Van de Velde NV","VAN","Euronext Brussels","VAN.BR","https://stockanalysis.com/quote/ebr/VAN/","EUR","Consumer Cyclical","Apparel Manufacturing",373150000,"EUR","2026-09-16","retrieval date of daily exchange list","rounded source display","2026-09-16","Consommation discrétionnaire","company matched to selected lookup listing","","","https://query2.finance.yahoo.com/v8/finance/chart/VAN.BR?interval=1d&range=1d","https://query2.finance.yahoo.com/v1/finance/search?q=VAN+DE+VELDE&quotesCount=8&newsCount=0","https://stockanalysis.com/list/euronext-brussels/",""
"VASTNED NV","Vastned","VASTB","Euronext Brussels","VASTB.BR","https://stockanalysis.com/quote/ebr/VASTB/","EUR","Real Estate","REIT—Retail",469120000,"EUR","2026-09-16","retrieval date of daily exchange list","rounded source display","2026-09-16","Immobilier","company matched to selected lookup listing","","","https://query2.finance.yahoo.com/v8/finance/chart/VASTB.BR?interval=1d&range=1d","https://query2.finance.yahoo.com/v1/finance/search?q=VASTNED+NV&quotesCount=8&newsCount=0","https://stockanalysis.com/list/euronext-brussels/",""
"VEOLIA ENVIRON.","Veolia Environnement SA","VIE","Euronext Paris","VIE.PA","https://finance.yahoo.com/quote/VIE.PA/","EUR","Industrials","Waste Management",23323553792,"EUR","2026-09-16","quote date shown by market-cap source","provider raw value","2026-09-16","Services publics","company matched to selected lookup listing","","","https://finance.yahoo.com/quote/VIE.PA/","https://finance.yahoo.com/quote/VIE.PA/","https://finance.yahoo.com/quote/VIE.PA/",""
"Verisk Analytics","Verisk Analytics, Inc.","VRSK","Nasdaq Global Select Market","VRSK","https://finance.yahoo.com/quote/VRSK/","USD","Industrials","Consulting Services",23655856128,"USD","2026-09-16","quote date shown by market-cap source","provider raw value","2026-09-16","IT","company matched to selected lookup listing","","","https://finance.yahoo.com/quote/VRSK/","https://finance.yahoo.com/quote/VRSK/","https://finance.yahoo.com/quote/VRSK/",""
"Verizon Communications","Verizon Communications Inc.","VZ","NYSE","VZ","https://finance.yahoo.com/quote/VZ/","USD","Communication Services","Telecom Services",206741618688,"USD","2026-09-16","quote date shown by market-cap source","provider raw value","2026-09-16","Services publics","company matched to selected lookup listing","","","https://finance.yahoo.com/quote/VZ/","https://finance.yahoo.com/quote/VZ/","https://finance.yahoo.com/quote/VZ/",""
"Vertex Pharmaceuticals","Vertex Pharmaceuticals Incorporated","VRTX","Nasdaq Global Select Market","VRTX","https://finance.yahoo.com/quote/VRTX/","USD","Healthcare","Biotechnology",130091360256,"USD","2026-09-16","quote date shown by market-cap source","provider raw value","2026-09-16","Soins de santé","company matched to selected lookup listing","","","https://finance.yahoo.com/quote/VRTX/","https://finance.yahoo.com/quote/VRTX/","https://finance.yahoo.com/quote/VRTX/",""
"VGP","VGP NV","VGP","Euronext Brussels","VGP.BR","https://finance.yahoo.com/quote/VGP.BR/","EUR","Real Estate","Real Estate Services",2150000000,"EUR","2026-09-16","retrieval date of daily exchange list","rounded source display","2026-09-16","Immobilier","company matched to selected lookup listing","","","https://finance.yahoo.com/quote/VGP.BR/","https://finance.yahoo.com/quote/VGP.BR/","https://stockanalysis.com/list/euronext-brussels/",""
"VINCI","Vinci SA","DG","Euronext Paris","DG.PA","https://finance.yahoo.com/quote/DG.PA/","EUR","Industrials","Engineering & Construction",61926055936,"EUR","2026-09-16","quote date shown by market-cap source","provider raw value","2026-09-16","Industrie","company matched to selected lookup listing","","","https://finance.yahoo.com/quote/DG.PA/","https://finance.yahoo.com/quote/DG.PA/","https://finance.yahoo.com/quote/DG.PA/",""
"VIVENDI SE","Vivendi SE","VIV","Euronext Paris","VIV.PA","https://stockanalysis.com/quote/epa/VIV/","EUR","Communication Services","Electronic Gaming & Multimedia",1520000000,"EUR","2026-09-16","quote date shown by market-cap source","rounded source display","2026-09-16","Consommation discrétionnaire","company matched to selected lookup listing","","","https://query2.finance.yahoo.com/v8/finance/chart/VIV.PA?interval=1d&range=1d","https://query2.finance.yahoo.com/v1/finance/search?q=VIVENDI+SE&quotesCount=8&newsCount=0","https://stockanalysis.com/quote/epa/VIV/",""
"VIVORYON THERAPEUTICS N.V.","Vivoryon Therapeutics N.V.","VVY","Euronext Amsterdam","VVY.AS","https://stockanalysis.com/quote/ams/VVY/","EUR","Healthcare","Biotechnology",33020000,"EUR","2026-09-16","retrieval date of daily exchange list","rounded source display","2026-09-16","Soins de santé","company matched to selected lookup listing","","","https://query2.finance.yahoo.com/v8/finance/chart/VVY.AS?interval=1d&range=1d","https://query2.finance.yahoo.com/v1/finance/search?q=VIVORYON+THERAPEUTICS+N.V.&quotesCount=8&newsCount=0","https://stockanalysis.com/list/euronext-amsterdam/",""
"VOLKSWAGEN AG","Volkswagen AG","VOW3","Xetra","VOW3.DE","https://finance.yahoo.com/quote/VOW3.DE/","EUR","Consumer Cyclical","Auto Manufacturers",39542169600,"EUR","2026-09-16","quote date shown by market-cap source","provider raw value","2026-09-16","Consommation discrétionnaire","share class not confirmed","Preferred shares VOW3 selected; ordinary shares VOW also exist. Challenge share class not confirmed.","VOW.DE","https://finance.yahoo.com/quote/VOW3.DE/","https://finance.yahoo.com/quote/VOW3.DE/","https://finance.yahoo.com/quote/VOW3.DE/",""
"Volta Finance Limited","Volta Finance Limited","VTA","Euronext Amsterdam","VTA.AS","https://stockanalysis.com/quote/ams/VTA/","EUR","Financial Services","Asset Management",,"","","unavailable","","2026-09-16","Finance","company matched to selected lookup listing","Closed-end investment company. A sufficiently current market-cap figure for the selected Amsterdam listing was not available from the collected sources.","","https://query2.finance.yahoo.com/v8/finance/chart/VTA.AS?interval=1d&range=1d","https://query2.finance.yahoo.com/v1/finance/search?q=Volta+Finance+Limited&quotesCount=8&newsCount=0","",""
"VONOVIA SE","Vonovia SE","VNA","Xetra","VNA.DE","https://stockanalysis.com/quote/etr/VNA/","EUR","Real Estate","Real Estate Services",15280000000,"EUR","2026-09-16","quote date shown by market-cap source","rounded source display","2026-09-16","Immobilier","company matched to selected lookup listing","","","https://query2.finance.yahoo.com/v8/finance/chart/VNA.DE?interval=1d&range=1d","https://query2.finance.yahoo.com/v1/finance/search?q=VONOVIA+SE&quotesCount=8&newsCount=0","https://stockanalysis.com/quote/etr/VNA/",""
"VONTOBEL HOLDING AG","Vontobel Holding AG","VONN","SIX Swiss Exchange","VONN.SW","https://stockanalysis.com/quote/swx/VONN/","CHF","Financial Services","Asset Management",5130000000,"CHF","2026-09-11","quote date shown by market-cap source","rounded source display","2026-09-16","Finance","company matched to selected lookup listing","","","https://query2.finance.yahoo.com/v8/finance/chart/VONN.SW?interval=1d&range=1d","https://query2.finance.yahoo.com/v1/finance/search?q=VONTOBEL+HOLDING+AG&quotesCount=8&newsCount=0","https://stockanalysis.com/quote/swx/VONN/",""
"VOPAK","Koninklijke Vopak N.V.","VPK","Euronext Amsterdam","VPK.AS","https://stockanalysis.com/quote/ams/VPK/","EUR","Energy","Oil & Gas Midstream",5490000000,"EUR","2026-09-16","retrieval date of daily exchange list","rounded source display","2026-09-16","Énergie","company matched to selected lookup listing","","","https://query2.finance.yahoo.com/v8/finance/chart/VPK.AS?interval=1d&range=1d","https://query2.finance.yahoo.com/v1/finance/search?q=VOPAK&quotesCount=8&newsCount=0","https://stockanalysis.com/list/euronext-amsterdam/",""
"Voya Financial","Voya Financial, Inc.","VOYA","NYSE","VOYA","https://finance.yahoo.com/quote/VOYA/","USD","Financial Services","Financial Conglomerates",9085001728,"USD","2026-09-16","quote date shown by market-cap source","provider raw value","2026-09-16","Autres","company matched to selected lookup listing","","","https://finance.yahoo.com/quote/VOYA/","https://query2.finance.yahoo.com/v1/finance/search?q=Voya+Financial&quotesCount=8&newsCount=0","https://finance.yahoo.com/quote/VOYA/",""
"Walmart","Walmart Inc.","WMT","Nasdaq Global Select Market","WMT","https://finance.yahoo.com/quote/WMT/","USD","Consumer Defensive","Discount Stores",855493509120,"USD","2026-09-16","quote date shown by market-cap source","provider raw value","2026-09-16","Consommation discrétionnaire","company matched to selected lookup listing","","","https://finance.yahoo.com/quote/WMT/","https://finance.yahoo.com/quote/WMT/","https://finance.yahoo.com/quote/WMT/",""
"Walt Disney Company (The)","The Walt Disney Company","DIS","NYSE","DIS","https://finance.yahoo.com/quote/DIS/","USD","Communication Services","Entertainment",184738217984,"USD","2026-09-16","quote date shown by market-cap source","provider raw value","2026-09-16","Consommation discrétionnaire","company matched to selected lookup listing","","","https://finance.yahoo.com/quote/DIS/","https://finance.yahoo.com/quote/DIS/","https://finance.yahoo.com/quote/DIS/",""
"WAREHOUSES DE PAUW","Warehouses De Pauw SA","WDP","Euronext Brussels","WDP.BR","https://stockanalysis.com/quote/ebr/WDP/","EUR","Real Estate","REIT—Industrial",5000000000,"EUR","2026-09-16","retrieval date of daily exchange list","rounded source display","2026-09-16","Immobilier","company matched to selected lookup listing","","","https://query2.finance.yahoo.com/v8/finance/chart/WDP.BR?interval=1d&range=1d","https://query2.finance.yahoo.com/v1/finance/search?q=WAREHOUSES+DE+PAUW&quotesCount=8&newsCount=0","https://stockanalysis.com/list/euronext-brussels/",""
"WAREHOUSES ESTATES BELGIUM - W.E.B.","Warehouses Estates Belgium S.C.A.","WEB","Euronext Brussels","WEB.BR","https://stockanalysis.com/quote/ebr/WEB/","EUR","Real Estate","REIT—Diversified",129960000,"EUR","2026-09-16","retrieval date of daily exchange list","rounded source display","2026-09-16","Immobilier","company matched to selected lookup listing","","","https://query2.finance.yahoo.com/v8/finance/chart/WEB.BR?interval=1d&range=1d","https://query2.finance.yahoo.com/v1/finance/search?q=WEB.BR&quotesCount=3&newsCount=0","https://stockanalysis.com/list/euronext-brussels/",""
"Warner Bros Discovery","Warner Bros. Discovery, Inc.","WBD","Nasdaq Global Select Market","WBD","https://finance.yahoo.com/quote/WBD/","USD","Communication Services","Entertainment",70375325696,"USD","2026-09-16","quote date shown by market-cap source","provider raw value","2026-09-16","Consommation discrétionnaire","company matched to selected lookup listing","","","https://finance.yahoo.com/quote/WBD/","https://finance.yahoo.com/quote/WBD/","https://finance.yahoo.com/quote/WBD/",""
"Waste Management","Waste Management, Inc.","WM","NYSE","WM","https://finance.yahoo.com/quote/WM/","USD","Industrials","Waste Management",85539053568,"USD","2026-09-16","quote date shown by market-cap source","provider raw value","2026-09-16","Industrie","company matched to selected lookup listing","","","https://finance.yahoo.com/quote/WM/","https://finance.yahoo.com/quote/WM/","https://finance.yahoo.com/quote/WM/",""
"Wells Fargo & Co","Wells Fargo & Company","WFC","NYSE","WFC","https://finance.yahoo.com/quote/WFC/","USD","Financial Services","Banks - Diversified",263239139328,"USD","2026-09-16","quote date shown by market-cap source","provider raw value","2026-09-16","Finance","company matched to selected lookup listing","","","https://finance.yahoo.com/quote/WFC/","https://finance.yahoo.com/quote/WFC/","https://finance.yahoo.com/quote/WFC/",""
"Welltower","Welltower Inc.","WELL","NYSE","WELL","https://finance.yahoo.com/quote/WELL/","USD","Real Estate","REIT - Healthcare Facilities",168974139392,"USD","2026-09-16","quote date shown by market-cap source","provider raw value","2026-09-16","Immobilier","company matched to selected lookup listing","","","https://finance.yahoo.com/quote/WELL/","https://finance.yahoo.com/quote/WELL/","https://finance.yahoo.com/quote/WELL/",""
"WERELDHAVE BELGIUM","Wereldhave Belgium","WEHB","Euronext Brussels","WEHB.BR","https://stockanalysis.com/quote/ebr/WEHB/","EUR","Real Estate","REIT—Retail",569420000,"EUR","2026-09-16","retrieval date of daily exchange list","rounded source display","2026-09-16","Immobilier","company matched to selected lookup listing","","","https://query2.finance.yahoo.com/v8/finance/chart/WEHB.BR?interval=1d&range=1d","https://query2.finance.yahoo.com/v1/finance/search?q=WERELDHAVE+BELGIUM&quotesCount=8&newsCount=0","https://stockanalysis.com/list/euronext-brussels/",""
"WERELDHAVE Gewone aandelen","Wereldhave N.V.","WHA","Euronext Amsterdam","WHA.AS","https://stockanalysis.com/quote/ams/WHA/","EUR","Real Estate","REIT—Retail",841420000,"EUR","2026-09-16","retrieval date of daily exchange list","rounded source display","2026-09-16","Immobilier","company matched to selected lookup listing","","","https://query2.finance.yahoo.com/v8/finance/chart/WHA.AS?interval=1d&range=1d","https://query2.finance.yahoo.com/v1/finance/search?q=WERELDHAVE+Gewone+aandelen&quotesCount=8&newsCount=0","https://stockanalysis.com/list/euronext-amsterdam/",""
"Whirlpool Corp","Whirlpool Corporation","WHR","NYSE","WHR","https://finance.yahoo.com/quote/WHR/","USD","Consumer Cyclical","Furnishings, Fixtures & Appliances",2113763712,"USD","2026-09-16","quote date shown by market-cap source","provider raw value","2026-09-16","Consommation discrétionnaire","company matched to selected lookup listing","","","https://finance.yahoo.com/quote/WHR/","https://finance.yahoo.com/quote/WHR/","https://finance.yahoo.com/quote/WHR/",""
"Williams Companies","The Williams Companies, Inc.","WMB","NYSE","WMB","https://finance.yahoo.com/quote/WMB/","USD","Energy","Oil & Gas Midstream",86722576384,"USD","2026-09-16","quote date shown by market-cap source","provider raw value","2026-09-16","Services publics","company matched to selected lookup listing","","","https://finance.yahoo.com/quote/WMB/","https://finance.yahoo.com/quote/WMB/","https://finance.yahoo.com/quote/WMB/",""
"WOLTERS KLUWER","Wolters Kluwer N.V.","WKL","Euronext Amsterdam","WKL.AS","https://stockanalysis.com/quote/ams/WKL/","EUR","Industrials","Specialty Business Services",15340000000,"EUR","2026-09-16","retrieval date of daily exchange list","rounded source display","2026-09-16","IT","company matched to selected lookup listing","","","https://query2.finance.yahoo.com/v8/finance/chart/WKL.AS?interval=1d&range=1d","https://query2.finance.yahoo.com/v1/finance/search?q=WOLTERS+KLUWER&quotesCount=8&newsCount=0","https://stockanalysis.com/list/euronext-amsterdam/",""
"Workday","Workday, Inc.","WDAY","Nasdaq Global Select Market","WDAY","https://finance.yahoo.com/quote/WDAY/","USD","Technology","Software - Application",45250158592,"USD","2026-09-16","quote date shown by market-cap source","provider raw value","2026-09-16","IT","company matched to selected lookup listing","","","https://finance.yahoo.com/quote/WDAY/","https://finance.yahoo.com/quote/WDAY/","https://finance.yahoo.com/quote/WDAY/",""
"Xcel Energy","Xcel Energy Inc.","XEL","Nasdaq Global Select Market","XEL","https://finance.yahoo.com/quote/XEL/","USD","Utilities","Utilities - Regulated Electric",45417160704,"USD","2026-09-16","quote date shown by market-cap source","provider raw value","2026-09-16","Services publics","company matched to selected lookup listing","","","https://finance.yahoo.com/quote/XEL/","https://finance.yahoo.com/quote/XEL/","https://finance.yahoo.com/quote/XEL/",""
"XIOR","Xior Student Housing NV","XIOR","Euronext Brussels","XIOR.BR","https://stockanalysis.com/quote/ebr/XIOR/","EUR","Real Estate","REIT—Residential",1190000000,"EUR","2026-09-16","retrieval date of daily exchange list","rounded source display","2026-09-16","Immobilier","company matched to selected lookup listing","","","https://query2.finance.yahoo.com/v8/finance/chart/XIOR.BR?interval=1d&range=1d","https://query2.finance.yahoo.com/v1/finance/search?q=XIOR&quotesCount=8&newsCount=0","https://stockanalysis.com/list/euronext-brussels/",""
"ZALANDO SE","Zalando SE","ZAL","Xetra","ZAL.DE","https://finance.yahoo.com/quote/ZAL.DE/","EUR","Consumer Cyclical","Internet Retail",5245902336,"EUR","2026-09-16","quote date shown by market-cap source","provider raw value","2026-09-16","Consommation discrétionnaire","company matched to selected lookup listing","","","https://finance.yahoo.com/quote/ZAL.DE/","https://finance.yahoo.com/quote/ZAL.DE/","https://finance.yahoo.com/quote/ZAL.DE/",""
"Zscaler","Zscaler, Inc.","ZS","Nasdaq Global Select Market","ZS","https://finance.yahoo.com/quote/ZS/","USD","Technology","Software - Infrastructure",31238021120,"USD","2026-09-16","quote date shown by market-cap source","provider raw value","2026-09-16","IT","company matched to selected lookup listing","","","https://finance.yahoo.com/quote/ZS/","https://finance.yahoo.com/quote/ZS/","https://finance.yahoo.com/quote/ZS/",""
