"symbol","company_name","challenge_name","ticker","exchange","quote_currency","currency","quote_scale","sector","industry","challenge_sector","market_cap","market_cap_currency","market_cap_date","market_cap_date_basis","market_cap_precision","retrieved_date","listing_status","flags","notes","alternative_symbols","source_row","quote_url","listing_source_url","classification_source_url","market_cap_source_url","supplemental_source_url"
"MMM","3M Company","3M Company","MMM","NYSE","USD","USD","1","Industrials","Conglomerates","Industrie","83882254336","USD","2026-09-16","quote date shown by market-cap source","provider raw value","2026-09-16","company matched to selected lookup listing","","","","2","https://finance.yahoo.com/quote/MMM/","https://finance.yahoo.com/quote/MMM/","https://finance.yahoo.com/quote/MMM/","https://finance.yahoo.com/quote/MMM/",""
"AOS","A. O. Smith Corporation","AO Smith Corp","AOS","NYSE","USD","USD","1","Industrials","Specialty Industrial Machinery","Matériaux","7731838976","USD","2026-09-16","quote date shown by market-cap source","provider raw value","2026-09-16","company matched to selected lookup listing","","","","52","https://finance.yahoo.com/quote/AOS/","https://finance.yahoo.com/quote/AOS/","https://query2.finance.yahoo.com/v1/finance/search?q=AOS&quotesCount=3&newsCount=0","https://finance.yahoo.com/quote/AOS/",""
"MAERSK-B.CO","A.P. Møller - Mærsk A/S","A.P.MOLLER-MAERSK A/S","MAERSK B","Nasdaq Copenhagen","DKK","DKK","1","Industrials","Marine Shipping","Industrie","323612246016","DKK","2026-09-16","quote date shown by market-cap source","provider raw value","2026-09-16","share class not confirmed","share-class","B shares selected; challenge share class not confirmed.","","3","https://finance.yahoo.com/quote/MAERSK-B.CO/","https://finance.yahoo.com/quote/MAERSK-B.CO/","https://finance.yahoo.com/quote/MAERSK-B.CO/","https://finance.yahoo.com/quote/MAERSK-B.CO/",""
"AALB.AS","Aalberts N.V.","AALBERTS N.V.","AALB","Euronext Amsterdam","EUR","EUR","1","Industrials","Specialty Industrial Machinery","Industrie","4305856000","EUR","2026-09-16","quote date shown by market-cap source","provider raw value","2026-09-16","company matched to selected lookup listing","","","","4","https://finance.yahoo.com/quote/AALB.AS/","https://finance.yahoo.com/quote/AALB.AS/","https://query2.finance.yahoo.com/v1/finance/search?q=AALBERTS+N.V.&quotesCount=8&newsCount=0","https://finance.yahoo.com/quote/AALB.AS/",""
"ABBN.SW","ABB Ltd","ABB LTD.","ABBN","SIX Swiss Exchange","CHF","CHF","1","Industrials","Electrical Equipment & Parts","Industrie","141749518336","CHF","2026-09-16","quote date shown by market-cap source","provider raw value","2026-09-16","company matched to selected lookup listing","","","","6","https://finance.yahoo.com/quote/ABBN.SW/","https://finance.yahoo.com/quote/ABBN.SW/","https://finance.yahoo.com/quote/ABBN.SW/","https://finance.yahoo.com/quote/ABBN.SW/",""
"ABT","Abbott Laboratories","Abbott Laboratories","ABT","NYSE","USD","USD","1","Healthcare","Medical Devices","Soins de santé","177122033664","USD","2026-09-16","quote date shown by market-cap source","provider raw value","2026-09-16","company matched to selected lookup listing","","","","7","https://finance.yahoo.com/quote/ABT/","https://finance.yahoo.com/quote/ABT/","https://finance.yahoo.com/quote/ABT/","https://finance.yahoo.com/quote/ABT/",""
"ABBV","AbbVie Inc.","ABBVIE","ABBV","NYSE","USD","USD","1","Healthcare","Drug Manufacturers - General","Soins de santé","463885991936","USD","2026-09-16","quote date shown by market-cap source","provider raw value","2026-09-16","company matched to selected lookup listing","","","","8","https://finance.yahoo.com/quote/ABBV/","https://finance.yahoo.com/quote/ABBV/","https://finance.yahoo.com/quote/ABBV/","https://finance.yahoo.com/quote/ABBV/",""
"ABN.AS","ABN AMRO Bank N.V.","ABN AMRO BANK N.V.","ABN","Euronext Amsterdam","EUR","EUR","1","Financial Services","Banks — Diversified","Finance","35343761408","EUR","2026-09-16","quote date shown by market-cap source","provider raw value","2026-09-16","company matched to selected lookup listing","","","","9","https://finance.yahoo.com/quote/ABN.AS/","https://finance.yahoo.com/quote/ABN.AS/","https://query2.finance.yahoo.com/v1/finance/search?q=ABN+AMRO+BANK+N.V.&quotesCount=8&newsCount=0","https://finance.yahoo.com/quote/ABN.AS/",""
"ACN","Accenture plc","Accenture PLC","ACN","NYSE","USD","USD","1","Technology","Information Technology Services","IT","116048699392","USD","2026-09-16","quote date shown by market-cap source","provider raw value","2026-09-16","company matched to selected lookup listing","","","","10","https://finance.yahoo.com/quote/ACN/","https://finance.yahoo.com/quote/ACN/","https://finance.yahoo.com/quote/ACN/","https://finance.yahoo.com/quote/ACN/",""
"AC.PA","Accor SA","ACCOR","AC","Euronext Paris","EUR","EUR","1","Consumer Cyclical","Lodging","Consommation discrétionnaire","10460667904","EUR","2026-09-16","quote date shown by market-cap source","provider raw value","2026-09-16","company matched to selected lookup listing","","","","11","https://finance.yahoo.com/quote/AC.PA/","https://finance.yahoo.com/quote/AC.PA/","https://finance.yahoo.com/quote/AC.PA/","https://finance.yahoo.com/quote/AC.PA/",""
"AXS.AS","Accsys Technologies PLC","ACCSYS TECHNOLOGIES PLC","AXS","Euronext Amsterdam","EUR","EUR","1","Basic Materials","Lumber & Wood Production","Matériaux","193020000","EUR","2026-09-16","retrieval date of daily exchange list","rounded source display","2026-09-16","company matched to selected lookup listing","rounded-cap","","","12","https://stockanalysis.com/quote/ams/AXS/","https://query2.finance.yahoo.com/v8/finance/chart/AXS.AS?interval=1d&range=1d","https://query2.finance.yahoo.com/v1/finance/search?q=ACCSYS+TECHNOLOGIES+PLC&quotesCount=8&newsCount=0","https://stockanalysis.com/list/euronext-amsterdam/",""
"ACKB.BR","Ackermans & Van Haaren NV","ACKERMANS V.HAAREN","ACKB","Euronext Brussels","EUR","EUR","1","Industrials","Engineering & Construction","Finance","8923883520","EUR","2026-09-16","quote date shown by market-cap source","provider raw value","2026-09-16","company matched to selected lookup listing","","","","13","https://finance.yahoo.com/quote/ACKB.BR/","https://finance.yahoo.com/quote/ACKB.BR/","https://finance.yahoo.com/quote/ACKB.BR/","https://finance.yahoo.com/quote/ACKB.BR/",""
"ACOMO.AS","Acomo N.V.","ACOMO N.V.","ACOMO","Euronext Amsterdam","EUR","EUR","1","Consumer Defensive","Food Distribution","Biens de consommation courants","692085632","EUR","2026-09-16","quote date shown by market-cap source","provider raw value","2026-09-16","company matched to selected lookup listing","","","","14","https://finance.yahoo.com/quote/ACOMO.AS/","https://finance.yahoo.com/quote/ACOMO.AS/","https://query2.finance.yahoo.com/v1/finance/search?q=ACOMO+N.V.&quotesCount=8&newsCount=0","https://finance.yahoo.com/quote/ACOMO.AS/",""
"ADEN.SW","Adecco Group AG","ADECCO GROUP AG","ADEN","SIX Swiss Exchange","CHF","CHF","1","Industrials","Staffing & Employment Services","Industrie","4107730432","CHF","2026-09-16","quote date shown by market-cap source","provider raw value","2026-09-16","company matched to selected lookup listing","","","","15","https://finance.yahoo.com/quote/ADEN.SW/","https://finance.yahoo.com/quote/ADEN.SW/","https://query2.finance.yahoo.com/v1/finance/search?q=ADECCO+GROUP+AG&quotesCount=8&newsCount=0","https://finance.yahoo.com/quote/ADEN.SW/",""
"ADS.DE","adidas AG","ADIDAS AG","ADS","Xetra","EUR","EUR","1","Consumer Cyclical","Footwear & Accessories","Consommation discrétionnaire","25322844160","EUR","2026-09-16","quote date shown by market-cap source","provider raw value","2026-09-16","company matched to selected lookup listing","","","","16","https://finance.yahoo.com/quote/ADS.DE/","https://finance.yahoo.com/quote/ADS.DE/","https://finance.yahoo.com/quote/ADS.DE/","https://finance.yahoo.com/quote/ADS.DE/",""
"ADBE","Adobe Inc.","Adobe","ADBE","Nasdaq Global Select Market","USD","USD","1","Technology","Software - Application","IT","99573751808","USD","2026-09-16","quote date shown by market-cap source","provider raw value","2026-09-16","company matched to selected lookup listing","","","","17","https://finance.yahoo.com/quote/ADBE/","https://finance.yahoo.com/quote/ADBE/","https://finance.yahoo.com/quote/ADBE/","https://finance.yahoo.com/quote/ADBE/",""
"AMD","Advanced Micro Devices, Inc.","Advanced Micro Devices","AMD","Nasdaq Global Select Market","USD","USD","1","Technology","Semiconductors","IT","836643454976","USD","2026-09-16","quote date shown by market-cap source","provider raw value","2026-09-16","company matched to selected lookup listing","","","","18","https://finance.yahoo.com/quote/AMD/","https://finance.yahoo.com/quote/AMD/","https://finance.yahoo.com/quote/AMD/","https://finance.yahoo.com/quote/AMD/",""
"ADYEN.AS","Adyen N.V.","ADYEN","ADYEN","Euronext Amsterdam","EUR","EUR","1","Technology","Software - Infrastructure","IT","28874039296","EUR","2026-09-16","quote date shown by market-cap source","provider raw value","2026-09-16","company matched to selected lookup listing","","","","19","https://finance.yahoo.com/quote/ADYEN.AS/","https://finance.yahoo.com/quote/ADYEN.AS/","https://finance.yahoo.com/quote/ADYEN.AS/","https://finance.yahoo.com/quote/ADYEN.AS/",""
"AED.BR","Aedifica NV/SA","AEDIFICA","AED","Euronext Brussels","EUR","EUR","1","Real Estate","REIT — Healthcare Facilities","Immobilier","5513172992","EUR","2026-09-16","quote date shown by market-cap source","provider raw value","2026-09-16","company matched to selected lookup listing","","","","20","https://finance.yahoo.com/quote/AED.BR/","https://finance.yahoo.com/quote/AED.BR/","https://query2.finance.yahoo.com/v1/finance/search?q=AEDIFICA&quotesCount=8&newsCount=0","https://finance.yahoo.com/quote/AED.BR/",""
"AGN.AS","Aegon Ltd.","AEGON","AGN","Euronext Amsterdam","EUR","EUR","1","Financial Services","Insurance - Diversified","Finance","11660000000","EUR","2026-09-16","retrieval date of daily exchange list","rounded source display","2026-09-16","company matched to selected lookup listing","rounded-cap","","","21","https://finance.yahoo.com/quote/AGN.AS/","https://finance.yahoo.com/quote/AGN.AS/","https://finance.yahoo.com/quote/AGN.AS/","https://stockanalysis.com/list/euronext-amsterdam/",""
"AJAX.AS","AFC Ajax NV","AJAX","AJAX","Euronext Amsterdam","EUR","EUR","1","Communication Services","Entertainment","Autres","155833328","EUR","2026-09-16","quote date shown by market-cap source","provider raw value","2026-09-16","company matched to selected lookup listing","","","","32","https://finance.yahoo.com/quote/AJAX.AS/","https://finance.yahoo.com/quote/AJAX.AS/","https://query2.finance.yahoo.com/v1/finance/search?q=AJAX&quotesCount=8&newsCount=0","https://finance.yahoo.com/quote/AJAX.AS/",""
"AMG","Affiliated Managers Group, Inc.","Affiliated Managers Group","AMG","NYSE","USD","USD","1","Financial Services","Asset Management","Finance","8865302528","USD","2026-09-16","quote date shown by market-cap source","provider raw value","2026-09-16","company matched to selected lookup listing","","","","22","https://finance.yahoo.com/quote/AMG/","https://finance.yahoo.com/quote/AMG/","https://query2.finance.yahoo.com/v1/finance/search?q=Affiliated+Managers+Group&quotesCount=8&newsCount=0","https://finance.yahoo.com/quote/AMG/",""
"AGS.BR","ageas SA/NV","AGEAS","AGS","Euronext Brussels","EUR","EUR","1","Financial Services","Insurance — Diversified","Finance","15800000000","EUR","2026-09-16","retrieval date of daily exchange list","rounded source display","2026-09-16","company matched to selected lookup listing","rounded-cap","","","23","https://stockanalysis.com/quote/ebr/AGS/","https://query2.finance.yahoo.com/v8/finance/chart/AGS.BR?interval=1d&range=1d","https://query2.finance.yahoo.com/v1/finance/search?q=AGEAS&quotesCount=8&newsCount=0","https://stockanalysis.com/list/euronext-brussels/",""
"AGFB.BR","Agfa-Gevaert NV","AGFA-GEVAERT","AGFB","Euronext Brussels","EUR","EUR","1","Industrials","Specialty Industrial Machinery","Industrie","59760724","EUR","2026-09-16","quote date shown by market-cap source","provider raw value","2026-09-16","company matched to selected lookup listing","","","","24","https://finance.yahoo.com/quote/AGFB.BR/","https://finance.yahoo.com/quote/AGFB.BR/","https://finance.yahoo.com/quote/AGFB.BR/","https://finance.yahoo.com/quote/AGFB.BR/",""
"AEM","Agnico Eagle Mines Limited","Agnico Eagle Mines Ltd","AEM","NYSE","USD","USD","1","Basic Materials","Gold","Matériaux","99029778432","USD","2026-09-16","quote date shown by market-cap source","provider raw value","2026-09-16","company matched to selected lookup listing","","","","25","https://finance.yahoo.com/quote/AEM/","https://finance.yahoo.com/quote/AEM/","https://finance.yahoo.com/quote/AEM/","https://finance.yahoo.com/quote/AEM/",""
"AF.PA","Air France-KLM SA","AIR FRANCE -KLM","AF","Euronext Paris","EUR","EUR","1","Industrials","Airlines","Autres","2997064960","EUR","2026-09-16","quote date shown by market-cap source","provider raw value","2026-09-16","company matched to selected lookup listing","","","","26","https://finance.yahoo.com/quote/AF.PA/","https://finance.yahoo.com/quote/AF.PA/","https://query2.finance.yahoo.com/v1/finance/search?q=AIR+FRANCE+-KLM&quotesCount=8&newsCount=0","https://finance.yahoo.com/quote/AF.PA/",""
"APD","Air Products and Chemicals, Inc.","Air Products & Chemicals","APD","NYSE","USD","USD","1","Basic Materials","Specialty Chemicals","Matériaux","63928561664","USD","2026-09-16","quote date shown by market-cap source","provider raw value","2026-09-16","company matched to selected lookup listing","","","","28","https://finance.yahoo.com/quote/APD/","https://finance.yahoo.com/quote/APD/","https://query2.finance.yahoo.com/v1/finance/search?q=APD&quotesCount=3&newsCount=0","https://finance.yahoo.com/quote/APD/",""
"ABNB","Airbnb, Inc.","Airbnb","ABNB","Nasdaq Global Select Market","USD","USD","1","Consumer Cyclical","Travel Services","Consommation discrétionnaire","100302585856","USD","2026-09-16","quote date shown by market-cap source","provider raw value","2026-09-16","company matched to selected lookup listing","","","","29","https://finance.yahoo.com/quote/ABNB/","https://finance.yahoo.com/quote/ABNB/","https://finance.yahoo.com/quote/ABNB/","https://finance.yahoo.com/quote/ABNB/",""
"AIR.PA","Airbus SE","AIRBUS SE","AIR","Euronext Paris","EUR","EUR","1","Industrials","Aerospace & Defense","Industrie","155351793664","EUR","2026-09-16","quote date shown by market-cap source","provider raw value","2026-09-16","company matched to selected lookup listing","","","","30","https://finance.yahoo.com/quote/AIR.PA/","https://finance.yahoo.com/quote/AIR.PA/","https://finance.yahoo.com/quote/AIR.PA/","https://finance.yahoo.com/quote/AIR.PA/",""
"AAF.L","Airtel Africa Plc","AIRTEL AFRICA PLC","AAF","London Stock Exchange","GBp","GBP","0.01","Communication Services","Telecom Services","Services publics","12565797888","GBP","2026-09-16","quote date shown by market-cap source","provider raw value","2026-09-16","company matched to selected lookup listing","","Quote currency is pence; market capitalization is in pounds (GBP).","","31","https://finance.yahoo.com/quote/AAF.L/","https://finance.yahoo.com/quote/AAF.L/","https://finance.yahoo.com/quote/AAF.L/","https://finance.yahoo.com/quote/AAF.L/",""
"AKZA.AS","Akzo Nobel N.V.","AKZO NOBEL","AKZA","Euronext Amsterdam","EUR","EUR","1","Basic Materials","Specialty Chemicals","Matériaux","9862355968","EUR","2026-09-16","quote date shown by market-cap source","provider raw value","2026-09-16","company matched to selected lookup listing","","","","33","https://finance.yahoo.com/quote/AKZA.AS/","https://finance.yahoo.com/quote/AKZA.AS/","https://finance.yahoo.com/quote/AKZA.AS/","https://finance.yahoo.com/quote/AKZA.AS/",""
"ALB","Albemarle Corporation","Albemarle Corp","ALB","NYSE","USD","USD","1","Basic Materials","Specialty Chemicals","Matériaux","12918013952","USD","2026-09-16","quote date shown by market-cap source","provider raw value","2026-09-16","company matched to selected lookup listing","","","","34","https://finance.yahoo.com/quote/ALB/","https://finance.yahoo.com/quote/ALB/","https://finance.yahoo.com/quote/ALB/","https://finance.yahoo.com/quote/ALB/",""
"ALC.SW","Alcon Inc.","Alcon","ALC","SIX Swiss Exchange","CHF","CHF","1","Healthcare","Medical Instruments & Supplies","Soins de santé","26635339776","CHF","2026-09-16","quote date shown by market-cap source","provider raw value","2026-09-16","company matched to selected lookup listing","","Swiss-listed ordinary shares selected.","","35","https://finance.yahoo.com/quote/ALC.SW/","https://finance.yahoo.com/quote/ALC.SW/","https://query2.finance.yahoo.com/v1/finance/search?q=Alcon&quotesCount=8&newsCount=0","https://finance.yahoo.com/quote/ALC.SW/",""
"ALFEN.AS","Alfen N.V.","ALFEN","ALFEN","Euronext Amsterdam","EUR","EUR","1","Industrials","Electrical Equipment & Parts","Industrie","241191264","EUR","2026-09-16","quote date shown by market-cap source","provider raw value","2026-09-16","company matched to selected lookup listing","","","","36","https://finance.yahoo.com/quote/ALFEN.AS/","https://finance.yahoo.com/quote/ALFEN.AS/","https://finance.yahoo.com/quote/ALFEN.AS/","https://finance.yahoo.com/quote/ALFEN.AS/",""
"ALLE","Allegion plc","Allegion Public Limited","ALLE","NYSE","USD","USD","1","Industrials","Security & Protection Services","IT","12994470912","USD","2026-09-16","quote date shown by market-cap source","provider raw value","2026-09-16","company matched to selected lookup listing","","","","37","https://finance.yahoo.com/quote/ALLE/","https://finance.yahoo.com/quote/ALLE/","https://query2.finance.yahoo.com/v1/finance/search?q=ALLE&quotesCount=3&newsCount=0","https://finance.yahoo.com/quote/ALLE/",""
"ALLFG.AS","Allfunds Group plc","ALLFUNDS GROUP PLC","ALLFG","Euronext Amsterdam","EUR","EUR","1","Financial Services","Asset Management","Finance","5406991872","EUR","2026-09-16","quote date shown by market-cap source","provider raw value","2026-09-16","company matched to selected lookup listing","","","","38","https://finance.yahoo.com/quote/ALLFG.AS/","https://finance.yahoo.com/quote/ALLFG.AS/","https://query2.finance.yahoo.com/v1/finance/search?q=ALLFUNDS+GROUP+PLC&quotesCount=8&newsCount=0","https://finance.yahoo.com/quote/ALLFG.AS/",""
"ALV.DE","Allianz SE","ALLIANZ SE","ALV","Xetra","EUR","EUR","1","Financial Services","Insurance - Diversified","Finance","168140000000","EUR","2026-09-16","quote date shown by market-cap source","rounded source display","2026-09-16","company matched to selected lookup listing","rounded-cap","","","39","https://finance.yahoo.com/quote/ALV.DE/","https://finance.yahoo.com/quote/ALV.DE/","https://finance.yahoo.com/quote/ALV.DE/","https://stockanalysis.com/quote/etr/ALV/",""
"GOOG","Alphabet Inc.","Alphabet","GOOG","Nasdaq Global Select Market","USD","USD","1","Communication Services","Internet Content & Information","IT","4150350577664","USD","2026-09-16","quote date shown by market-cap source","provider raw value","2026-09-16","share class not confirmed","share-class","Class C shares (GOOG) selected; Class A GOOGL also exists. Challenge share class not confirmed.","GOOGL","41","https://finance.yahoo.com/quote/GOOG/","https://finance.yahoo.com/quote/GOOG/","https://finance.yahoo.com/quote/GOOG/","https://finance.yahoo.com/quote/GOOG/",""
"MO","Altria Group, Inc.","Altria Group","MO","NYSE","USD","USD","1","Consumer Defensive","Tobacco","Biens de consommation courants","117049040896","USD","2026-09-16","quote date shown by market-cap source","provider raw value","2026-09-16","company matched to selected lookup listing","","","","42","https://finance.yahoo.com/quote/MO/","https://finance.yahoo.com/quote/MO/","https://finance.yahoo.com/quote/MO/","https://finance.yahoo.com/quote/MO/",""
"ALX.AS","Alumexx N.V.","ALUMEXX N.V.","ALX","Euronext Amsterdam","EUR","EUR","1","Consumer Cyclical","Internet Retail","Autres","20240000","EUR","2026-09-16","retrieval date of daily exchange list","rounded source display","2026-09-16","company matched to selected lookup listing","rounded-cap","","","43","https://stockanalysis.com/quote/ams/ALX/","https://query2.finance.yahoo.com/v8/finance/chart/ALX.AS?interval=1d&range=1d","https://query2.finance.yahoo.com/v1/finance/search?q=ALUMEXX+N.V.&quotesCount=8&newsCount=0","https://stockanalysis.com/list/euronext-amsterdam/",""
"AMZN","Amazon.com, Inc.","Amazon.com","AMZN","Nasdaq Global Select Market","USD","USD","1","Consumer Cyclical","Internet Retail","Consommation discrétionnaire","2653001613312","USD","2026-09-16","quote date shown by market-cap source","provider raw value","2026-09-16","company matched to selected lookup listing","","","","44","https://finance.yahoo.com/quote/AMZN/","https://finance.yahoo.com/quote/AMZN/","https://finance.yahoo.com/quote/AMZN/","https://finance.yahoo.com/quote/AMZN/",""
"AEP","American Electric Power Company, Inc.","American Electric Power Company","AEP","Nasdaq Global Select Market","USD","USD","1","Utilities","Utilities - Regulated Electric","Services publics","65703321600","USD","2026-09-16","quote date shown by market-cap source","provider raw value","2026-09-16","company matched to selected lookup listing","","","","45","https://finance.yahoo.com/quote/AEP/","https://finance.yahoo.com/quote/AEP/","https://finance.yahoo.com/quote/AEP/","https://finance.yahoo.com/quote/AEP/",""
"AFG","American Financial Group, Inc.","American Financial Group","AFG","NYSE","USD","USD","1","Financial Services","Insurance - Property & Casualty","Finance","11940000000","USD","2026-09-16","quote date shown by market-cap source","rounded source display","2026-09-16","company matched to selected lookup listing","rounded-cap","","","46","https://finance.yahoo.com/quote/AFG/","https://finance.yahoo.com/quote/AFG/","https://finance.yahoo.com/quote/AFG/","https://stockanalysis.com/stocks/afg/",""
"AMT","American Tower Corporation","American Tower Corp","AMT","NYSE","USD","USD","1","Real Estate","REIT - Specialty","Immobilier","82190696448","USD","2026-09-16","quote date shown by market-cap source","provider raw value","2026-09-16","company matched to selected lookup listing","","","","47","https://finance.yahoo.com/quote/AMT/","https://finance.yahoo.com/quote/AMT/","https://finance.yahoo.com/quote/AMT/","https://finance.yahoo.com/quote/AMT/",""
"AMG.AS","AMG Critical Materials N.V.","AMG Critical Materials N.V.","AMG","Euronext Amsterdam","EUR","EUR","1","Basic Materials","Other Industrial Metals & Mining","Matériaux","1038402432","EUR","2026-09-16","quote date shown by market-cap source","provider raw value","2026-09-16","company matched to selected lookup listing","","","","48","https://finance.yahoo.com/quote/AMG.AS/","https://finance.yahoo.com/quote/AMG.AS/","https://query2.finance.yahoo.com/v1/finance/search?q=AMG+Critical+Materials+N.V.&quotesCount=8&newsCount=0","https://finance.yahoo.com/quote/AMG.AS/",""
"AMGN","Amgen Inc.","Amgen","AMGN","Nasdaq Global Select Market","USD","USD","1","Healthcare","Drug Manufacturers - General","Soins de santé","203466850304","USD","2026-09-16","quote date shown by market-cap source","provider raw value","2026-09-16","company matched to selected lookup listing","","","","49","https://finance.yahoo.com/quote/AMGN/","https://finance.yahoo.com/quote/AMGN/","https://finance.yahoo.com/quote/AMGN/","https://finance.yahoo.com/quote/AMGN/",""
"APH","Amphenol Corporation","Amphenol Corp","APH","NYSE","USD","USD","1","Technology","Electronic Components","Industrie","190520606720","USD","2026-09-16","quote date shown by market-cap source","provider raw value","2026-09-16","company matched to selected lookup listing","","","","50","https://finance.yahoo.com/quote/APH/","https://finance.yahoo.com/quote/APH/","https://finance.yahoo.com/quote/APH/","https://finance.yahoo.com/quote/APH/",""
"ADI","Analog Devices, Inc.","Analog Devices","ADI","Nasdaq Global Select Market","USD","USD","1","Technology","Semiconductors","IT","175432089600","USD","2026-09-16","quote date shown by market-cap source","provider raw value","2026-09-16","company matched to selected lookup listing","","","","51","https://finance.yahoo.com/quote/ADI/","https://finance.yahoo.com/quote/ADI/","https://finance.yahoo.com/quote/ADI/","https://finance.yahoo.com/quote/ADI/",""
"ABI.BR","Anheuser-Busch InBev SA/NV","AB INBEV","ABI","Euronext Brussels","EUR","EUR","1","Consumer Defensive","Beverages - Brewers","Biens de consommation courants","135948656640","EUR","2026-09-16","quote date shown by market-cap source","provider raw value","2026-09-16","company matched to selected lookup listing","","","","5","https://finance.yahoo.com/quote/ABI.BR/","https://finance.yahoo.com/quote/ABI.BR/","https://finance.yahoo.com/quote/ABI.BR/","https://finance.yahoo.com/quote/ABI.BR/",""
"AON","Aon plc","Aon plc","AON","NYSE","USD","USD","1","Financial Services","Insurance Brokers","Finance","63758544896","USD","2026-09-16","quote date shown by market-cap source","provider raw value","2026-09-16","company matched to selected lookup listing","","","","53","https://finance.yahoo.com/quote/AON/","https://finance.yahoo.com/quote/AON/","https://finance.yahoo.com/quote/AON/","https://finance.yahoo.com/quote/AON/",""
"APAM.AS","Aperam S.A.","APERAM","APAM","Euronext Amsterdam","EUR","EUR","1","Basic Materials","Steel","Matériaux","3350000000","EUR","2026-09-16","retrieval date of daily exchange list","rounded source display","2026-09-16","company matched to selected lookup listing","rounded-cap","","","54","https://finance.yahoo.com/quote/APAM.AS/","https://finance.yahoo.com/quote/APAM.AS/","https://finance.yahoo.com/quote/APAM.AS/","https://stockanalysis.com/list/euronext-amsterdam/",""
"AAPL","Apple Inc.","Apple","AAPL","Nasdaq Global Select Market","USD","USD","1","Technology","Consumer Electronics","IT","4851251544064","USD","2026-09-16","quote date shown by market-cap source","provider raw value","2026-09-16","company matched to selected lookup listing","","","","55","https://finance.yahoo.com/quote/AAPL/","https://finance.yahoo.com/quote/AAPL/","https://finance.yahoo.com/quote/AAPL/","https://finance.yahoo.com/quote/AAPL/",""
"AMAT","Applied Materials, Inc.","Applied Materials","AMAT","Nasdaq Global Select Market","USD","USD","1","Technology","Semiconductor Equipment & Materials","IT","329644507136","USD","2026-09-16","quote date shown by market-cap source","provider raw value","2026-09-16","company matched to selected lookup listing","","","","56","https://finance.yahoo.com/quote/AMAT/","https://finance.yahoo.com/quote/AMAT/","https://finance.yahoo.com/quote/AMAT/","https://finance.yahoo.com/quote/AMAT/",""
"APP","AppLovin Corporation","Applovin Corp","APP","Nasdaq Global Select Market","USD","USD","1","Communication Services","Advertising Agencies","Autres","109704404992","USD","2026-09-16","quote date shown by market-cap source","provider raw value","2026-09-16","company matched to selected lookup listing","","","","57","https://finance.yahoo.com/quote/APP/","https://finance.yahoo.com/quote/APP/","https://finance.yahoo.com/quote/APP/","https://finance.yahoo.com/quote/APP/",""
"ARCAD.AS","Arcadis NV","ARCADIS","ARCAD","Euronext Amsterdam","EUR","EUR","1","Industrials","Engineering & Construction","Industrie","3624671744","EUR","2026-09-16","quote date shown by market-cap source","provider raw value","2026-09-16","company matched to selected lookup listing","","","","58","https://finance.yahoo.com/quote/ARCAD.AS/","https://finance.yahoo.com/quote/ARCAD.AS/","https://query2.finance.yahoo.com/v1/finance/search?q=ARCADIS&quotesCount=8&newsCount=0","https://finance.yahoo.com/quote/ARCAD.AS/",""
"MT.AS","ArcelorMittal S.A.","ARCELORMITTAL SA","MT","Euronext Amsterdam","EUR","EUR","1","Basic Materials","Steel","Matériaux","48667918336","EUR","2026-09-16","quote date shown by market-cap source","provider raw value","2026-09-16","company matched to selected lookup listing","","","","59","https://finance.yahoo.com/quote/MT.AS/","https://finance.yahoo.com/quote/MT.AS/","https://finance.yahoo.com/quote/MT.AS/","https://finance.yahoo.com/quote/MT.AS/",""
"ARGX.BR","argenx SE","ARGENX SE","ARGX","Euronext Brussels","EUR","EUR","1","Healthcare","Biotechnology","Soins de santé","53710000000","EUR","2026-09-16","retrieval date of daily exchange list","rounded source display","2026-09-16","company matched to selected lookup listing","rounded-cap","","","60","https://stockanalysis.com/quote/ebr/ARGX/","https://query2.finance.yahoo.com/v8/finance/chart/ARGX.BR?interval=1d&range=1d","https://query2.finance.yahoo.com/v1/finance/search?q=ARGENX+SE&quotesCount=8&newsCount=0","https://stockanalysis.com/list/euronext-brussels/",""
"AKE.PA","Arkema S.A.","ARKEMA","AKE","Euronext Paris","EUR","EUR","1","Basic Materials","Specialty Chemicals","Matériaux","4215031040","EUR","2026-09-15","quote date shown by market-cap source","provider raw value","2026-09-16","company matched to selected lookup listing","","","","61","https://finance.yahoo.com/quote/AKE.PA/","https://finance.yahoo.com/quote/AKE.PA/","https://finance.yahoo.com/quote/AKE.PA/","https://finance.yahoo.com/quote/AKE.PA/",""
"ARM","Arm Holdings plc","Arm Holdings plc","ARM","Nasdaq Global Select Market","USD","USD","1","Technology","Semiconductors","Autres","260570284032","USD","2026-09-16","quote date shown by market-cap source","provider raw value","2026-09-16","company matched to selected lookup listing","","US-listed American depositary shares selected.","","62","https://finance.yahoo.com/quote/ARM/","https://finance.yahoo.com/quote/ARM/","https://finance.yahoo.com/quote/ARM/","https://finance.yahoo.com/quote/ARM/",""
"ASCE.BR","Ascencio SA","ASCENCIO","ASCE","Euronext Brussels","EUR","EUR","1","Real Estate","REIT - Retail","Immobilier","363318080","EUR","2026-09-16","quote date shown by market-cap source","provider raw value","2026-09-16","company matched to selected lookup listing","","","","63","https://finance.yahoo.com/quote/ASCE.BR/","https://finance.yahoo.com/quote/ASCE.BR/","https://finance.yahoo.com/quote/ASCE.BR/","https://finance.yahoo.com/quote/ASCE.BR/",""
"ASM.AS","ASM International NV","ASM International N.V.","ASM","Euronext Amsterdam","EUR","EUR","1","Technology","Semiconductor Equipment & Materials","IT","37690073088","EUR","2026-09-16","quote date shown by market-cap source","provider raw value","2026-09-16","company matched to selected lookup listing","","","","64","https://finance.yahoo.com/quote/ASM.AS/","https://finance.yahoo.com/quote/ASM.AS/","https://finance.yahoo.com/quote/ASM.AS/","https://finance.yahoo.com/quote/ASM.AS/",""
"ASML.AS","ASML Holding N.V.","ASML HOLDING","ASML","Euronext Amsterdam","EUR","EUR","1","Technology","Semiconductor Equipment & Materials","IT","536280399872","EUR","2026-09-16","quote date shown by market-cap source","provider raw value","2026-09-16","company matched to selected lookup listing","","","","65","https://finance.yahoo.com/quote/ASML.AS/","https://finance.yahoo.com/quote/ASML.AS/","https://finance.yahoo.com/quote/ASML.AS/","https://finance.yahoo.com/quote/ASML.AS/",""
"ASRNL.AS","ASR Nederland N.V.","ASR NEDERLAND","ASRNL","Euronext Amsterdam","EUR","EUR","1","Financial Services","Insurance — Diversified","Finance","15007380480","EUR","2026-09-16","quote date shown by market-cap source","provider raw value","2026-09-16","company matched to selected lookup listing","","","","66","https://finance.yahoo.com/quote/ASRNL.AS/","https://finance.yahoo.com/quote/ASRNL.AS/","https://query2.finance.yahoo.com/v1/finance/search?q=ASR+NEDERLAND&quotesCount=8&newsCount=0","https://finance.yahoo.com/quote/ASRNL.AS/",""
"G.MI","Assicurazioni Generali S.p.A.","GENERALI S.P.A.","G","Borsa Italiana (Euronext Milan)","EUR","EUR","1","Financial Services","Insurance - Diversified","Finance","69221974016","EUR","2026-09-16","quote date shown by market-cap source","provider raw value","2026-09-16","company matched to selected lookup listing","","","","244","https://finance.yahoo.com/quote/G.MI/","https://finance.yahoo.com/quote/G.MI/","https://finance.yahoo.com/quote/G.MI/","https://finance.yahoo.com/quote/G.MI/",""
"AZN.L","AstraZeneca PLC","AstraZeneca Plc","AZN","London Stock Exchange","GBp","GBP","0.01","Healthcare","Drug Manufacturers - General","Soins de santé","188216721408","GBP","2026-09-16","quote date shown by market-cap source","provider raw value","2026-09-16","company matched to selected lookup listing","","Quote currency is pence; market capitalization is in pounds (GBP).","","67","https://finance.yahoo.com/quote/AZN.L/","https://finance.yahoo.com/quote/AZN.L/","https://finance.yahoo.com/quote/AZN.L/","https://finance.yahoo.com/quote/AZN.L/",""
"ATEB.BR","Atenor SA","ATENOR","ATEB","Euronext Brussels","EUR","EUR","1","Real Estate","Real Estate - Development","Immobilier","60069600","EUR","2026-09-16","quote date shown by market-cap source","provider raw value","2026-09-16","company matched to selected lookup listing","","","","68","https://finance.yahoo.com/quote/ATEB.BR/","https://finance.yahoo.com/quote/ATEB.BR/","https://finance.yahoo.com/quote/ATEB.BR/","https://finance.yahoo.com/quote/ATEB.BR/",""
"TEAM","Atlassian Corporation","Atlassian Corp","TEAM","Nasdaq Global Select Market","USD","USD","1","Technology","Software - Application","IT","48167251968","USD","2026-09-16","quote date shown by market-cap source","provider raw value","2026-09-16","company matched to selected lookup listing","","","","69","https://finance.yahoo.com/quote/TEAM/","https://finance.yahoo.com/quote/TEAM/","https://finance.yahoo.com/quote/TEAM/","https://finance.yahoo.com/quote/TEAM/",""
"ADSK","Autodesk, Inc.","Autodesk","ADSK","Nasdaq Global Select Market","USD","USD","1","Technology","Software - Application","IT","46044790784","USD","2026-09-16","quote date shown by market-cap source","provider raw value","2026-09-16","company matched to selected lookup listing","","","","71","https://finance.yahoo.com/quote/ADSK/","https://finance.yahoo.com/quote/ADSK/","https://finance.yahoo.com/quote/ADSK/","https://finance.yahoo.com/quote/ADSK/",""
"ADP","Automatic Data Processing, Inc.","Automatic Data Processing","ADP","Nasdaq Global Select Market","USD","USD","1","Technology","Software - Application","Industrie","108528214016","USD","2026-09-16","quote date shown by market-cap source","provider raw value","2026-09-16","company matched to selected lookup listing","","","","72","https://finance.yahoo.com/quote/ADP/","https://finance.yahoo.com/quote/ADP/","https://finance.yahoo.com/quote/ADP/","https://finance.yahoo.com/quote/ADP/",""
"AUTO.L","Autotrader Group plc","AUTO TRADER GROUP PLC","AUTO","London Stock Exchange","GBp","GBP","0.01","Communication Services","Internet Content & Information","IT","3910000000","GBP","2026-09-16","quote date shown by market-cap source","rounded source display","2026-09-16","company matched to selected lookup listing","rounded-cap","Quote currency is pence; market capitalization is in pounds (GBP).","","70","https://stockanalysis.com/quote/lon/AUTO/","https://query2.finance.yahoo.com/v8/finance/chart/AUTO.L?interval=1d&range=1d","https://query2.finance.yahoo.com/v1/finance/search?q=AUTO.L&quotesCount=3&newsCount=0","https://stockanalysis.com/quote/lon/AUTO/",""
"AVTX.AS","Avantium N.V.","AVANTIUM","AVTX","Euronext Amsterdam","EUR","EUR","1","Basic Materials","Specialty Chemicals","Matériaux","123638968","EUR","2026-09-16","quote date shown by market-cap source","provider raw value","2026-09-16","company matched to selected lookup listing","","","","73","https://finance.yahoo.com/quote/AVTX.AS/","https://finance.yahoo.com/quote/AVTX.AS/","https://finance.yahoo.com/quote/AVTX.AS/","https://finance.yahoo.com/quote/AVTX.AS/",""
"CS.PA","AXA SA","AXA","CS","Euronext Paris","EUR","EUR","1","Financial Services","Insurance - Diversified","Finance","92438765568","EUR","2026-09-16","quote date shown by market-cap source","provider raw value","2026-09-16","company matched to selected lookup listing","","","","74","https://finance.yahoo.com/quote/CS.PA/","https://finance.yahoo.com/quote/CS.PA/","https://finance.yahoo.com/quote/CS.PA/","https://finance.yahoo.com/quote/CS.PA/",""
"AZE.BR","Azelis Group NV","AZELIS GROUP NV","AZE","Euronext Brussels","EUR","EUR","1","Basic Materials","Specialty Chemicals","Matériaux","2915686400","EUR","2026-09-16","quote date shown by market-cap source","provider raw value","2026-09-16","company matched to selected lookup listing","","","","75","https://finance.yahoo.com/quote/AZE.BR/","https://finance.yahoo.com/quote/AZE.BR/","https://finance.yahoo.com/quote/AZE.BR/","https://finance.yahoo.com/quote/AZE.BR/",""
"AZRN.AS","Azerion Group N.V.","AZERION GROUP N.V.","AZRN","Euronext Amsterdam","EUR","EUR","1","Communication Services","Electronic Gaming & Multimedia","Consommation discrétionnaire","110070000","EUR","2026-09-16","retrieval date of daily exchange list","rounded source display","2026-09-16","company matched to selected lookup listing","rounded-cap","","","76","https://stockanalysis.com/quote/ams/AZRN/","https://query2.finance.yahoo.com/v8/finance/chart/AZRN.AS?interval=1d&range=1d","https://query2.finance.yahoo.com/v1/finance/search?q=AZERION+GROUP+N.V.&quotesCount=8&newsCount=0","https://stockanalysis.com/list/euronext-amsterdam/",""
"PORF.AS","B.V. Delftsch Aardewerkfabriek ""De Porceleyne Fles Anno 1653""","KONINKLIJKE PORCELEYNE FLES","PORF","Euronext Amsterdam","EUR","EUR","1","Consumer Defensive","Household & Personal Products","Autres","15160000","EUR","2026-09-16","retrieval date of daily exchange list","rounded source display","2026-09-16","company matched to selected lookup listing","rounded-cap","","","313","https://stockanalysis.com/quote/ams/PORF/","https://query2.finance.yahoo.com/v8/finance/chart/PORF.AS?interval=1d&range=1d","https://query2.finance.yahoo.com/v1/finance/search?q=KONINKLIJKE+PORCELEYNE+FLES&quotesCount=8&newsCount=0","https://stockanalysis.com/list/euronext-amsterdam/",""
"BA.L","BAE Systems plc","BAE SYSTEMS PLC","BA","London Stock Exchange","GBp","GBP","0.01","Industrials","Aerospace & Defense","Autres","59403952128","GBP","2026-09-16","quote date shown by market-cap source","provider raw value","2026-09-16","company matched to selected lookup listing","","Quote currency is pence; market capitalization is in pounds (GBP).","","77","https://finance.yahoo.com/quote/BA.L/","https://finance.yahoo.com/quote/BA.L/","https://finance.yahoo.com/quote/BA.L/","https://finance.yahoo.com/quote/BA.L/",""
"BKR","Baker Hughes Company","Baker Hughes Company","BKR","Nasdaq Global Select Market","USD","USD","1","Energy","Oil & Gas Equipment & Services","Énergie","55907401728","USD","2026-09-16","quote date shown by market-cap source","provider raw value","2026-09-16","company matched to selected lookup listing","","","","78","https://finance.yahoo.com/quote/BKR/","https://finance.yahoo.com/quote/BKR/","https://finance.yahoo.com/quote/BKR/","https://finance.yahoo.com/quote/BKR/",""
"BAMI.MI","Banco BPM S.p.A.","BANCO BPM S.P.A.","BAMI","Borsa Italiana (Euronext Milan)","EUR","EUR","1","Financial Services","Banks — Regional","Finance","24236509184","EUR","2026-09-16","quote date shown by market-cap source","provider raw value","2026-09-16","company matched to selected lookup listing","","","","79","https://finance.yahoo.com/quote/BAMI.MI/","https://finance.yahoo.com/quote/BAMI.MI/","https://query2.finance.yahoo.com/v1/finance/search?q=BANCO+BPM+S.P.A.&quotesCount=8&newsCount=0","https://finance.yahoo.com/quote/BAMI.MI/",""
"BNJ.AS","Banijay Group N.V.","BANIJAY GROUP N.V.","BNJ","Euronext Amsterdam","EUR","EUR","1","Communication Services","Entertainment","Consommation discrétionnaire","3639715584","EUR","2026-09-14","quote date shown by market-cap source","provider raw value","2026-09-16","company matched to selected lookup listing","","","","80","https://finance.yahoo.com/quote/BNJ.AS/","https://finance.yahoo.com/quote/BNJ.AS/","https://finance.yahoo.com/quote/BNJ.AS/","https://finance.yahoo.com/quote/BNJ.AS/",""
"BAC","Bank of America Corporation","Bank of America Corp","BAC","NYSE","USD","USD","1","Financial Services","Banks - Diversified","Finance","404880162816","USD","2026-09-16","quote date shown by market-cap source","provider raw value","2026-09-16","company matched to selected lookup listing","","","","81","https://finance.yahoo.com/quote/BAC/","https://finance.yahoo.com/quote/BAC/","https://finance.yahoo.com/quote/BAC/","https://finance.yahoo.com/quote/BAC/",""
"BNB.BR","Banque nationale de Belgique SA","BQUE NAT. BELGIQUE","BNB","Euronext Brussels","EUR","EUR","1","Financial Services","Banks — Regional","Finance","144400000","EUR","2026-09-16","retrieval date of daily exchange list","rounded source display","2026-09-16","company matched to selected lookup listing","rounded-cap","","","107","https://stockanalysis.com/quote/ebr/BNB/","https://query2.finance.yahoo.com/v8/finance/chart/BNB.BR?interval=1d&range=1d","https://query2.finance.yahoo.com/v1/finance/search?q=BQUE+NAT.+BELGIQUE&quotesCount=8&newsCount=0","https://stockanalysis.com/list/euronext-brussels/",""
"BAR.BR","Barco NV","BARCO","BAR","Euronext Brussels","EUR","EUR","1","Technology","Electronic Components","IT","599830000","EUR","2026-09-16","retrieval date of daily exchange list","rounded source display","2026-09-16","company matched to selected lookup listing","rounded-cap","","","82","https://stockanalysis.com/quote/ebr/BAR/","https://query2.finance.yahoo.com/v8/finance/chart/BAR.BR?interval=1d&range=1d","https://query2.finance.yahoo.com/v1/finance/search?q=BARCO&quotesCount=8&newsCount=0","https://stockanalysis.com/list/euronext-brussels/",""
"BARN.SW","Barry Callebaut AG","BARRY CALLEBAUT AG","BARN","SIX Swiss Exchange","CHF","CHF","1","Consumer Defensive","Confectioners","Biens de consommation courants","6074832896","CHF","2026-09-16","quote date shown by market-cap source","provider raw value","2026-09-16","company matched to selected lookup listing","","","","83","https://finance.yahoo.com/quote/BARN.SW/","https://finance.yahoo.com/quote/BARN.SW/","https://finance.yahoo.com/quote/BARN.SW/","https://finance.yahoo.com/quote/BARN.SW/",""
"BAS.DE","BASF SE","BASF SE","BAS","Xetra","EUR","EUR","1","Basic Materials","Chemicals","Matériaux","44879859712","EUR","2026-09-16","quote date shown by market-cap source","provider raw value","2026-09-16","company matched to selected lookup listing","","","","84","https://finance.yahoo.com/quote/BAS.DE/","https://finance.yahoo.com/quote/BAS.DE/","https://finance.yahoo.com/quote/BAS.DE/","https://finance.yahoo.com/quote/BAS.DE/",""
"BFIT.AS","Basic-Fit N.V.","BASIC-FIT","BFIT","Euronext Amsterdam","EUR","EUR","1","Consumer Cyclical","Leisure","Consommation discrétionnaire","2124289792","EUR","2026-09-16","quote date shown by market-cap source","provider raw value","2026-09-16","company matched to selected lookup listing","","","","85","https://finance.yahoo.com/quote/BFIT.AS/","https://finance.yahoo.com/quote/BFIT.AS/","https://finance.yahoo.com/quote/BFIT.AS/","https://finance.yahoo.com/quote/BFIT.AS/",""
"BAYN.DE","Bayer Aktiengesellschaft","BAYER AG","BAYN","Xetra","EUR","EUR","1","Healthcare","Drug Manufacturers - General","Soins de santé","48119132160","EUR","2026-09-16","quote date shown by market-cap source","provider raw value","2026-09-16","company matched to selected lookup listing","","","","86","https://finance.yahoo.com/quote/BAYN.DE/","https://finance.yahoo.com/quote/BAYN.DE/","https://finance.yahoo.com/quote/BAYN.DE/","https://finance.yahoo.com/quote/BAYN.DE/",""
"BESI.AS","BE Semiconductor Industries N.V.","BE Semiconductor Industries N.V.","BESI","Euronext Amsterdam","EUR","EUR","1","Technology","Semiconductor Equipment & Materials","IT","14153600000","EUR","2026-09-16","quote date shown by market-cap source","provider raw value","2026-09-16","company matched to selected lookup listing","","","","87","https://finance.yahoo.com/quote/BESI.AS/","https://finance.yahoo.com/quote/BESI.AS/","https://finance.yahoo.com/quote/BESI.AS/","https://finance.yahoo.com/quote/BESI.AS/",""
"BEZ.L","Beazley plc","BEAZLEY PLC","BEZ","London Stock Exchange","GBp","GBP","0.01","Financial Services","Insurance - Specialty","Finance","7766420480","GBP","2026-09-16","quote date shown by market-cap source","provider raw value","2026-09-16","company matched to selected lookup listing","","Quote currency is pence; market capitalization is in pounds (GBP).","","88","https://finance.yahoo.com/quote/BEZ.L/","https://finance.yahoo.com/quote/BEZ.L/","https://finance.yahoo.com/quote/BEZ.L/","https://finance.yahoo.com/quote/BEZ.L/",""
"BDX","Becton, Dickinson and Company","Becton Dickinson and Co","BDX","NYSE","USD","USD","1","Healthcare","Medical Instruments & Supplies","Soins de santé","49533542400","USD","2026-09-16","quote date shown by market-cap source","provider raw value","2026-09-16","company matched to selected lookup listing","","","","89","https://finance.yahoo.com/quote/BDX/","https://finance.yahoo.com/quote/BDX/","https://finance.yahoo.com/quote/BDX/","https://finance.yahoo.com/quote/BDX/",""
"BRK-B","Berkshire Hathaway Inc.","Berkshire Hathaway","BRK.B","NYSE","USD","USD","1","Financial Services","Insurance - Diversified","Finance","1112740855808","USD","2026-09-16","quote date shown by market-cap source","provider raw value","2026-09-16","share class not confirmed","share-class","Class B shares selected; Class A BRK-A also exists. Challenge share class not confirmed.","BRK-A","92","https://finance.yahoo.com/quote/BRK-B/","https://finance.yahoo.com/quote/BRK-B/","https://finance.yahoo.com/quote/BRK-B/","https://finance.yahoo.com/quote/BRK-B/",""
"BHP.AX","BHP Group Limited","BHP GROUP LTD.","BHP","Australian Securities Exchange","AUD","AUD","1","Basic Materials","Other Industrial Metals & Mining","Matériaux","305993809920","AUD","2026-09-16","quote date shown by market-cap source","provider raw value","2026-09-16","company matched to selected lookup listing","","Australian listing selected; the company also has UK and US listings.","","93","https://finance.yahoo.com/quote/BHP.AX/","https://finance.yahoo.com/quote/BHP.AX/","https://finance.yahoo.com/quote/BHP.AX/","https://finance.yahoo.com/quote/BHP.AX/",""
"TECH","Bio-Techne Corporation","Bio-Techne Corp","TECH","Nasdaq Global Select Market","USD","USD","1","Healthcare","Biotechnology","Soins de santé","11342663680","USD","2026-09-16","quote date shown by market-cap source","provider raw value","2026-09-16","company matched to selected lookup listing","","","","94","https://finance.yahoo.com/quote/TECH/","https://finance.yahoo.com/quote/TECH/","https://query2.finance.yahoo.com/v1/finance/search?q=Bio-Techne+Corp&quotesCount=8&newsCount=0","https://finance.yahoo.com/quote/TECH/",""
"BIIB","Biogen Inc.","Biogen","BIIB","Nasdaq Global Select Market","USD","USD","1","Healthcare","Drug Manufacturers - General","Soins de santé","31916341248","USD","2026-09-16","quote date shown by market-cap source","provider raw value","2026-09-16","company matched to selected lookup listing","","","","95","https://finance.yahoo.com/quote/BIIB/","https://finance.yahoo.com/quote/BIIB/","https://finance.yahoo.com/quote/BIIB/","https://finance.yahoo.com/quote/BIIB/",""
"BTLS.BR","Biotalys NV","BIOTALYS NV","BTLS","Euronext Brussels","EUR","EUR","1","Basic Materials","Agricultural Inputs","Biens de consommation courants","88253136","EUR","2026-09-16","quote date shown by market-cap source","provider raw value","2026-09-16","company matched to selected lookup listing","","","","96","https://finance.yahoo.com/quote/BTLS.BR/","https://finance.yahoo.com/quote/BTLS.BR/","https://finance.yahoo.com/quote/BTLS.BR/","https://finance.yahoo.com/quote/BTLS.BR/",""
"BTBT","Bit Digital, Inc.","Bit Digital","BTBT","Nasdaq Capital Market","USD","USD","1","Financial Services","Capital Markets","IT","515705888","USD","2026-09-16","quote date shown by market-cap source","provider raw value","2026-09-16","company matched to selected lookup listing","","","","97","https://finance.yahoo.com/quote/BTBT/","https://finance.yahoo.com/quote/BTBT/","https://finance.yahoo.com/quote/BTBT/","https://finance.yahoo.com/quote/BTBT/",""
"BTDR","Bitdeer Technologies Group","Bitdeer Technologies Group","BTDR","Nasdaq Capital Market","USD","USD","1","Technology","Software - Application","Autres","2997757952","USD","2026-09-16","quote date shown by market-cap source","provider raw value","2026-09-16","company matched to selected lookup listing","","","","98","https://finance.yahoo.com/quote/BTDR/","https://finance.yahoo.com/quote/BTDR/","https://finance.yahoo.com/quote/BTDR/","https://finance.yahoo.com/quote/BTDR/",""
"BNP.PA","BNP Paribas SA","BNP PARIBAS ACT.A","BNP","Euronext Paris","EUR","EUR","1","Financial Services","Banks - Regional","Finance","112142721024","EUR","2026-09-16","quote date shown by market-cap source","provider raw value","2026-09-16","company matched to selected lookup listing","","","","99","https://finance.yahoo.com/quote/BNP.PA/","https://finance.yahoo.com/quote/BNP.PA/","https://finance.yahoo.com/quote/BNP.PA/","https://finance.yahoo.com/quote/BNP.PA/",""
"BKNG","Booking Holdings Inc.","Booking Holdings","BKNG","Nasdaq Global Select Market","USD","USD","1","Consumer Cyclical","Travel Services","Consommation discrétionnaire","128786612224","USD","2026-09-16","quote date shown by market-cap source","provider raw value","2026-09-16","company matched to selected lookup listing","","","","101","https://finance.yahoo.com/quote/BKNG/","https://finance.yahoo.com/quote/BKNG/","https://finance.yahoo.com/quote/BKNG/","https://finance.yahoo.com/quote/BKNG/",""
"BWA","BorgWarner Inc.","BorgWarner","BWA","NYSE","USD","USD","1","Consumer Cyclical","Auto Parts","Consommation discrétionnaire","12682303488","USD","2026-09-16","quote date shown by market-cap source","provider raw value","2026-09-16","company matched to selected lookup listing","","","","102","https://finance.yahoo.com/quote/BWA/","https://finance.yahoo.com/quote/BWA/","https://finance.yahoo.com/quote/BWA/","https://finance.yahoo.com/quote/BWA/",""
"BSX","Boston Scientific Corporation","Boston Scientific Corp","BSX","NYSE","USD","USD","1","Healthcare","Medical Devices","Soins de santé","63635668992","USD","2026-09-16","quote date shown by market-cap source","provider raw value","2026-09-16","company matched to selected lookup listing","","","","103","https://finance.yahoo.com/quote/BSX/","https://finance.yahoo.com/quote/BSX/","https://finance.yahoo.com/quote/BSX/","https://finance.yahoo.com/quote/BSX/",""
"EN.PA","Bouygues SA","BOUYGUES","EN","Euronext Paris","EUR","EUR","1","Industrials","Engineering & Construction","Industrie","17178089472","EUR","2026-09-16","quote date shown by market-cap source","provider raw value","2026-09-16","company matched to selected lookup listing","","","","104","https://finance.yahoo.com/quote/EN.PA/","https://finance.yahoo.com/quote/EN.PA/","https://finance.yahoo.com/quote/EN.PA/","https://finance.yahoo.com/quote/EN.PA/",""
"BP","BP p.l.c.","BP PLC","BP","NYSE","USD","USD","1","Energy","Oil & Gas Integrated","Autres","116871864320","USD","2026-09-16","quote date shown by market-cap source","provider raw value","2026-09-16","company matched to selected lookup listing","","US-listed depositary receipts selected. London ordinary shares use BP.L.","","105","https://finance.yahoo.com/quote/BP/","https://finance.yahoo.com/quote/BP/","https://finance.yahoo.com/quote/BP/","https://finance.yahoo.com/quote/BP/",""
"BPOST.BR","bpost NV/SA","BPOST","BPOST","Euronext Brussels","EUR","EUR","1","Industrials","Integrated Freight & Logistics","Industrie","242801136","EUR","2026-09-16","quote date shown by market-cap source","provider raw value","2026-09-16","company matched to selected lookup listing","","","","106","https://finance.yahoo.com/quote/BPOST.BR/","https://finance.yahoo.com/quote/BPOST.BR/","https://finance.yahoo.com/quote/BPOST.BR/","https://finance.yahoo.com/quote/BPOST.BR/",""
"BREB.BR","Brederode SA","BREDERODE","BREB","Euronext Brussels","EUR","EUR","1","Financial Services","Asset Management","Finance","3090000000","EUR","2026-09-16","retrieval date of daily exchange list","rounded source display","2026-09-16","company matched to selected lookup listing","rounded-cap","","","108","https://stockanalysis.com/quote/ebr/BREB/","https://query2.finance.yahoo.com/v8/finance/chart/BREB.BR?interval=1d&range=1d","https://query2.finance.yahoo.com/v1/finance/search?q=BREDERODE&quotesCount=8&newsCount=0","https://stockanalysis.com/list/euronext-brussels/",""
"BNR.DE","Brenntag SE","BRENNTAG SE","BNR","Xetra","EUR","EUR","1","Basic Materials","Specialty Chemicals","Matériaux","8760000000","EUR","2026-09-16","quote date shown by market-cap source","rounded source display","2026-09-16","company matched to selected lookup listing","rounded-cap","","","109","https://stockanalysis.com/quote/etr/BNR/","https://query2.finance.yahoo.com/v8/finance/chart/BNR.DE?interval=1d&range=1d","https://query2.finance.yahoo.com/v1/finance/search?q=BRENNTAG+SE&quotesCount=8&newsCount=0","https://stockanalysis.com/quote/etr/BNR/",""
"BMY","Bristol-Myers Squibb Company","Bristol-Myers Squibb Co","BMY","NYSE","USD","USD","1","Healthcare","Drug Manufacturers - General","Soins de santé","129916649472","USD","2026-09-16","quote date shown by market-cap source","provider raw value","2026-09-16","company matched to selected lookup listing","","","","110","https://finance.yahoo.com/quote/BMY/","https://finance.yahoo.com/quote/BMY/","https://finance.yahoo.com/quote/BMY/","https://finance.yahoo.com/quote/BMY/",""
"AVGO","Broadcom Inc.","Broadcom Inc.","AVGO","Nasdaq Global Select Market","USD","USD","1","Technology","Semiconductors","IT","1620695187456","USD","2026-09-16","quote date shown by market-cap source","provider raw value","2026-09-16","company matched to selected lookup listing","","","","111","https://finance.yahoo.com/quote/AVGO/","https://finance.yahoo.com/quote/AVGO/","https://finance.yahoo.com/quote/AVGO/","https://finance.yahoo.com/quote/AVGO/",""
"BRNL.AS","Brunel International N.V.","BRUNEL INTERNAT","BRNL","Euronext Amsterdam","EUR","EUR","1","Industrials","Staffing & Employment Services","Industrie","368310000","EUR","2026-09-16","retrieval date of daily exchange list","rounded source display","2026-09-16","company matched to selected lookup listing","rounded-cap","","","112","https://stockanalysis.com/quote/ams/BRNL/","https://query2.finance.yahoo.com/v8/finance/chart/BRNL.AS?interval=1d&range=1d","https://query2.finance.yahoo.com/v1/finance/search?q=BRUNEL+INTERNAT&quotesCount=8&newsCount=0","https://stockanalysis.com/list/euronext-amsterdam/",""
"CDNS","Cadence Design Systems, Inc.","Cadence Design Systems","CDNS","Nasdaq Global Select Market","USD","USD","1","Technology","Software - Application","IT","77082492928","USD","2026-09-16","quote date shown by market-cap source","provider raw value","2026-09-16","company matched to selected lookup listing","","","","113","https://finance.yahoo.com/quote/CDNS/","https://finance.yahoo.com/quote/CDNS/","https://finance.yahoo.com/quote/CDNS/","https://finance.yahoo.com/quote/CDNS/",""
"CABK.MC","CaixaBank, S.A.","CAIXABANK S.A.","CABK","Bolsa de Madrid","EUR","EUR","1","Financial Services","Banks - Regional","Finance","91580000000","EUR","2026-09-16","quote date shown by market-cap source","rounded source display","2026-09-16","company matched to selected lookup listing","rounded-cap","","","114","https://finance.yahoo.com/quote/CABK.MC/","https://finance.yahoo.com/quote/CABK.MC/","https://finance.yahoo.com/quote/CABK.MC/","https://stockanalysis.com/quote/bme/CABK/",""
"CAMB.BR","Campine NV","CAMPINE","CAMB","Euronext Brussels","EUR","EUR","1","Industrials","Waste Management","Matériaux","279750000","EUR","2026-09-16","retrieval date of daily exchange list","rounded source display","2026-09-16","company matched to selected lookup listing","rounded-cap","","","115","https://stockanalysis.com/quote/ebr/CAMB/","https://query2.finance.yahoo.com/v8/finance/chart/CAMB.BR?interval=1d&range=1d","https://query2.finance.yahoo.com/v1/finance/search?q=CAMPINE&quotesCount=8&newsCount=0","https://stockanalysis.com/list/euronext-brussels/",""
"CAP.PA","Capgemini SE","CAPGEMINI","CAP","Euronext Paris","EUR","EUR","1","Technology","Information Technology Services","IT","17538134016","EUR","2026-09-16","quote date shown by market-cap source","provider raw value","2026-09-16","company matched to selected lookup listing","","","","116","https://finance.yahoo.com/quote/CAP.PA/","https://finance.yahoo.com/quote/CAP.PA/","https://finance.yahoo.com/quote/CAP.PA/","https://finance.yahoo.com/quote/CAP.PA/",""
"CPINV.BR","Care Property Invest NV","CARE PROPERTY INVEST","CPINV","Euronext Brussels","EUR","EUR","1","Real Estate","REIT — Healthcare Facilities","Immobilier","516580000","EUR","2026-09-16","retrieval date of daily exchange list","rounded source display","2026-09-16","company matched to selected lookup listing","rounded-cap","","","117","https://stockanalysis.com/quote/ebr/CPINV/","https://query2.finance.yahoo.com/v8/finance/chart/CPINV.BR?interval=1d&range=1d","https://query2.finance.yahoo.com/v1/finance/search?q=CARE+PROPERTY+INVEST&quotesCount=8&newsCount=0","https://stockanalysis.com/list/euronext-brussels/",""
"CSL","Carlisle Companies Incorporated","Carlisle Companies","CSL","NYSE","USD","USD","1","Industrials","Building Products & Equipment","Industrie","12610826240","USD","2026-09-16","quote date shown by market-cap source","provider raw value","2026-09-16","company matched to selected lookup listing","","","","118","https://finance.yahoo.com/quote/CSL/","https://finance.yahoo.com/quote/CSL/","https://query2.finance.yahoo.com/v1/finance/search?q=Carlisle+Companies&quotesCount=8&newsCount=0","https://finance.yahoo.com/quote/CSL/",""
"CA.PA","Carrefour SA","CARREFOUR","CA","Euronext Paris","EUR","EUR","1","Consumer Defensive","Grocery Stores","Biens de consommation courants","11894978560","EUR","2026-09-16","quote date shown by market-cap source","provider raw value","2026-09-16","company matched to selected lookup listing","","","","119","https://finance.yahoo.com/quote/CA.PA/","https://finance.yahoo.com/quote/CA.PA/","https://query2.finance.yahoo.com/v1/finance/search?q=CARREFOUR&quotesCount=8&newsCount=0","https://finance.yahoo.com/quote/CA.PA/",""
"CARR","Carrier Global Corporation","Carrier Global Corp","CARR","NYSE","USD","USD","1","Industrials","Building Products & Equipment","Industrie","44727877632","USD","2026-09-16","quote date shown by market-cap source","provider raw value","2026-09-16","company matched to selected lookup listing","","","","120","https://finance.yahoo.com/quote/CARR/","https://finance.yahoo.com/quote/CARR/","https://finance.yahoo.com/quote/CARR/","https://finance.yahoo.com/quote/CARR/",""
"CAT","Caterpillar Inc.","Caterpillar","CAT","NYSE","USD","USD","1","Industrials","Farm & Heavy Construction Machinery","Industrie","359796703232","USD","2026-09-16","quote date shown by market-cap source","provider raw value","2026-09-16","company matched to selected lookup listing","","","","121","https://finance.yahoo.com/quote/CAT/","https://finance.yahoo.com/quote/CAT/","https://finance.yahoo.com/quote/CAT/","https://finance.yahoo.com/quote/CAT/",""
"CDW","CDW Corporation","CDW Corp","CDW","Nasdaq Global Select Market","USD","USD","1","Technology","Information Technology Services","Consommation discrétionnaire","18747613184","USD","2026-09-16","quote date shown by market-cap source","provider raw value","2026-09-16","company matched to selected lookup listing","","","","122","https://finance.yahoo.com/quote/CDW/","https://finance.yahoo.com/quote/CDW/","https://finance.yahoo.com/quote/CDW/","https://finance.yahoo.com/quote/CDW/",""
"COR","Cencora, Inc.","Cencora","COR","NYSE","USD","USD","1","Healthcare","Medical Distribution","Soins de santé","60778455040","USD","2026-09-16","quote date shown by market-cap source","provider raw value","2026-09-16","company matched to selected lookup listing","","","","123","https://finance.yahoo.com/quote/COR/","https://finance.yahoo.com/quote/COR/","https://query2.finance.yahoo.com/v1/finance/search?q=Cencora&quotesCount=8&newsCount=0","https://finance.yahoo.com/quote/COR/",""
"GIB","CGI Inc.","CGI","GIB","NYSE","USD","USD","1","Technology","Information Technology Services","IT","14681647104","USD","2026-09-16","quote date shown by market-cap source","provider raw value","2026-09-16","company matched to selected lookup listing","","US NYSE listing selected; Canadian GIB-A.TO listing also exists.","","124","https://finance.yahoo.com/quote/GIB/","https://finance.yahoo.com/quote/GIB/","https://finance.yahoo.com/quote/GIB/","https://finance.yahoo.com/quote/GIB/",""
"CHTR","Charter Communications, Inc.","Charter Communications","CHTR","Nasdaq Global Select Market","USD","USD","1","Communication Services","Telecom Services","Consommation discrétionnaire","18194960384","USD","2026-09-16","quote date shown by market-cap source","provider raw value","2026-09-16","company matched to selected lookup listing","","","","125","https://finance.yahoo.com/quote/CHTR/","https://finance.yahoo.com/quote/CHTR/","https://finance.yahoo.com/quote/CHTR/","https://finance.yahoo.com/quote/CHTR/",""
"CVX","Chevron Corporation","Chevron Corp","CVX","NYSE","USD","USD","1","Energy","Oil & Gas Integrated","Énergie","414957568000","USD","2026-09-16","quote date shown by market-cap source","provider raw value","2026-09-16","company matched to selected lookup listing","","","","126","https://finance.yahoo.com/quote/CVX/","https://finance.yahoo.com/quote/CVX/","https://finance.yahoo.com/quote/CVX/","https://finance.yahoo.com/quote/CVX/",""
"CMG","Chipotle Mexican Grill, Inc.","Chipotle Mexican Grill","CMG","NYSE","USD","USD","1","Consumer Cyclical","Restaurants","Consommation discrétionnaire","42619277312","USD","2026-09-16","quote date shown by market-cap source","provider raw value","2026-09-16","company matched to selected lookup listing","","","","127","https://finance.yahoo.com/quote/CMG/","https://finance.yahoo.com/quote/CMG/","https://query2.finance.yahoo.com/v1/finance/search?q=Chipotle+Mexican+Grill&quotesCount=8&newsCount=0","https://finance.yahoo.com/quote/CMG/",""
"CDI.PA","Christian Dior SE","CHRISTIAN DIOR","CDI","Euronext Paris","EUR","EUR","1","Consumer Cyclical","Luxury Goods","Consommation discrétionnaire","67110000000","EUR","2026-09-16","quote date shown by market-cap source","rounded source display","2026-09-16","company matched to selected lookup listing","rounded-cap","","","128","https://finance.yahoo.com/quote/CDI.PA/","https://finance.yahoo.com/quote/CDI.PA/","https://finance.yahoo.com/quote/CDI.PA/","https://stockanalysis.com/quote/epa/CDI/",""
"CB","Chubb Limited","Chubb Limited","CB","NYSE","USD","USD","1","Financial Services","Insurance - Property & Casualty","Finance","131762233344","USD","2026-09-16","quote date shown by market-cap source","provider raw value","2026-09-16","company matched to selected lookup listing","","","","129","https://finance.yahoo.com/quote/CB/","https://finance.yahoo.com/quote/CB/","https://finance.yahoo.com/quote/CB/","https://finance.yahoo.com/quote/CB/",""
"CIEN","Ciena Corporation","CIENA","CIEN","NYSE","USD","USD","1","Technology","Communication Equipment","IT","48285802496","USD","2026-09-16","quote date shown by market-cap source","provider raw value","2026-09-16","company matched to selected lookup listing","","","","131","https://finance.yahoo.com/quote/CIEN/","https://finance.yahoo.com/quote/CIEN/","https://finance.yahoo.com/quote/CIEN/","https://finance.yahoo.com/quote/CIEN/",""
"CTAS","Cintas Corporation","Cintas Corp","CTAS","Nasdaq Global Select Market","USD","USD","1","Industrials","Specialty Business Services","Industrie","79817826304","USD","2026-09-16","quote date shown by market-cap source","provider raw value","2026-09-16","company matched to selected lookup listing","","","","133","https://finance.yahoo.com/quote/CTAS/","https://finance.yahoo.com/quote/CTAS/","https://finance.yahoo.com/quote/CTAS/","https://finance.yahoo.com/quote/CTAS/",""
"CIFR","Cipher Digital Inc.","Cipher Mining","CIFR","Nasdaq Global Select Market","USD","USD","1","Technology","Information Technology Services","Autres","6939313152","USD","2026-09-16","quote date shown by market-cap source","provider raw value","2026-09-16","company matched to selected lookup listing","","Challenge uses the former name Cipher Mining; current quoted name is Cipher Digital.","","134","https://finance.yahoo.com/quote/CIFR/","https://finance.yahoo.com/quote/CIFR/","https://finance.yahoo.com/quote/CIFR/","https://finance.yahoo.com/quote/CIFR/",""
"CSCO","Cisco Systems, Inc.","Cisco Systems","CSCO","Nasdaq Global Select Market","USD","USD","1","Technology","Communication Equipment","IT","424774303744","USD","2026-09-16","quote date shown by market-cap source","provider raw value","2026-09-16","company matched to selected lookup listing","","","","135","https://finance.yahoo.com/quote/CSCO/","https://finance.yahoo.com/quote/CSCO/","https://finance.yahoo.com/quote/CSCO/","https://finance.yahoo.com/quote/CSCO/",""
"C","Citigroup Inc.","Citigroup","C","NYSE","USD","USD","1","Financial Services","Banks - Diversified","Finance","223015223296","USD","2026-09-16","quote date shown by market-cap source","provider raw value","2026-09-16","company matched to selected lookup listing","","","","136","https://finance.yahoo.com/quote/C/","https://finance.yahoo.com/quote/C/","https://finance.yahoo.com/quote/C/","https://finance.yahoo.com/quote/C/",""
"CMCOM.AS","CM.com N.V.","CM.COM","CMCOM","Euronext Amsterdam","EUR","EUR","1","Technology","Software — Application","IT","230880000","EUR","2026-09-16","retrieval date of daily exchange list","rounded source display","2026-09-16","company matched to selected lookup listing","rounded-cap","","","137","https://stockanalysis.com/quote/ams/CMCOM/","https://query2.finance.yahoo.com/v8/finance/chart/CMCOM.AS?interval=1d&range=1d","https://query2.finance.yahoo.com/v1/finance/search?q=CM.COM&quotesCount=8&newsCount=0","https://stockanalysis.com/list/euronext-amsterdam/",""
"CMBT.BR","Cmb.Tech NV","CMB.TECH","CMBT","Euronext Brussels","EUR","EUR","1","Energy","Oil & Gas Midstream","Industrie","4930000000","EUR","2026-09-16","retrieval date of daily exchange list","rounded source display","2026-09-16","company matched to selected lookup listing","rounded-cap","","","138","https://stockanalysis.com/quote/ebr/CMBT/","https://query2.finance.yahoo.com/v8/finance/chart/CMBT.BR?interval=1d&range=1d","https://query2.finance.yahoo.com/v1/finance/search?q=CMB.TECH&quotesCount=8&newsCount=0","https://stockanalysis.com/list/euronext-brussels/",""
"CME","CME Group Inc.","CME Group","CME","Nasdaq Global Select Market","USD","USD","1","Financial Services","Financial Data & Stock Exchanges","Finance","97970962432","USD","2026-09-16","quote date shown by market-cap source","provider raw value","2026-09-16","company matched to selected lookup listing","","","","139","https://finance.yahoo.com/quote/CME/","https://finance.yahoo.com/quote/CME/","https://finance.yahoo.com/quote/CME/","https://finance.yahoo.com/quote/CME/",""
"CCEP.AS","Coca-Cola Europacific Partners PLC","Coca-Cola Europacific Partners plc","CCEP","Euronext Amsterdam","EUR","EUR","1","Consumer Defensive","Beverages — Non-Alcoholic","Biens de consommation courants","39730000000","EUR","2026-09-16","retrieval date of daily exchange list","rounded source display","2026-09-16","company matched to selected lookup listing","rounded-cap","","","141","https://stockanalysis.com/quote/ams/CCEP/","https://query2.finance.yahoo.com/v8/finance/chart/CCEP.AS?interval=1d&range=1d","https://query2.finance.yahoo.com/v1/finance/search?q=Coca-Cola+Europacific+Partners+plc&quotesCount=8&newsCount=0","https://stockanalysis.com/list/euronext-amsterdam/",""
"CTSH","Cognizant Technology Solutions Corporation","Cognizant Technology Solutions Corp","CTSH","Nasdaq Global Select Market","USD","USD","1","Technology","Information Technology Services","IT","27859974144","USD","2026-09-16","quote date shown by market-cap source","provider raw value","2026-09-16","company matched to selected lookup listing","","","","142","https://finance.yahoo.com/quote/CTSH/","https://finance.yahoo.com/quote/CTSH/","https://finance.yahoo.com/quote/CTSH/","https://finance.yahoo.com/quote/CTSH/",""
"COIN","Coinbase Global, Inc.","Coinbase Global","COIN","Nasdaq Global Select Market","USD","USD","1","Financial Services","Financial Data & Stock Exchanges","Finance","43403812864","USD","2026-09-16","quote date shown by market-cap source","provider raw value","2026-09-16","company matched to selected lookup listing","","","","143","https://finance.yahoo.com/quote/COIN/","https://finance.yahoo.com/quote/COIN/","https://finance.yahoo.com/quote/COIN/","https://finance.yahoo.com/quote/COIN/",""
"CL","Colgate-Palmolive Company","Colgate-Palmolive Company","CL","NYSE","USD","USD","1","Consumer Defensive","Household & Personal Products","Biens de consommation courants","69369970688","USD","2026-09-16","quote date shown by market-cap source","provider raw value","2026-09-16","company matched to selected lookup listing","","","","144","https://finance.yahoo.com/quote/CL/","https://finance.yahoo.com/quote/CL/","https://finance.yahoo.com/quote/CL/","https://finance.yahoo.com/quote/CL/",""
"COLR.BR","Colruyt Group N.V.","Colruyt Group N.V.","COLR","Euronext Brussels","EUR","EUR","1","Consumer Defensive","Grocery Stores","Biens de consommation courants","4560000000","EUR","2026-09-16","retrieval date of daily exchange list","rounded source display","2026-09-16","company matched to selected lookup listing","rounded-cap","","","145","https://stockanalysis.com/quote/ebr/COLR/","https://query2.finance.yahoo.com/v8/finance/chart/COLR.BR?interval=1d&range=1d","https://query2.finance.yahoo.com/v1/finance/search?q=Colruyt+Group+N.V.&quotesCount=8&newsCount=0","https://stockanalysis.com/list/euronext-brussels/",""
"CMCSA","Comcast Corporation","Comcast Corp","CMCSA","Nasdaq Global Select Market","USD","USD","1","Communication Services","Telecom Services","Autres","84209147904","USD","2026-09-16","quote date shown by market-cap source","provider raw value","2026-09-16","company matched to selected lookup listing","","","","146","https://finance.yahoo.com/quote/CMCSA/","https://finance.yahoo.com/quote/CMCSA/","https://finance.yahoo.com/quote/CMCSA/","https://finance.yahoo.com/quote/CMCSA/",""
"SGO.PA","Compagnie de Saint-Gobain S.A.","SAINT GOBAIN","SGO","Euronext Paris","EUR","EUR","1","Industrials","Building Products & Equipment","Matériaux","34068877312","EUR","2026-09-16","quote date shown by market-cap source","provider raw value","2026-09-16","company matched to selected lookup listing","","","","453","https://finance.yahoo.com/quote/SGO.PA/","https://finance.yahoo.com/quote/SGO.PA/","https://finance.yahoo.com/quote/SGO.PA/","https://finance.yahoo.com/quote/SGO.PA/",""
"CDA.PA","Compagnie des Alpes SA","ALPES (COMPAGNIE)","CDA","Euronext Paris","EUR","EUR","1","Consumer Cyclical","Leisure","Consommation discrétionnaire","942790000","EUR","2026-09-16","quote date shown by market-cap source","rounded source display","2026-09-16","company matched to selected lookup listing","rounded-cap","","","40","https://stockanalysis.com/quote/epa/CDA/","https://query2.finance.yahoo.com/v8/finance/chart/CDA.PA?interval=1d&range=1d","https://query2.finance.yahoo.com/v1/finance/search?q=ALPES+%28COMPAGNIE%29&quotesCount=8&newsCount=0","https://stockanalysis.com/quote/epa/CDA/",""
"COMB.BR","Compagnie du Bois Sauvage S.A.","CIE BOIS SAUVAGE","COMB","Euronext Brussels","EUR","EUR","1","Consumer Defensive","Confectioners","Finance","479320000","EUR","2026-09-16","retrieval date of daily exchange list","rounded source display","2026-09-16","company matched to selected lookup listing","rounded-cap","","","130","https://stockanalysis.com/quote/ebr/COMB/","https://query2.finance.yahoo.com/v8/finance/chart/COMB.BR?interval=1d&range=1d","https://query2.finance.yahoo.com/v1/finance/search?q=CIE+BOIS+SAUVAGE&quotesCount=8&newsCount=0","https://stockanalysis.com/list/euronext-brussels/",""
"ML.PA","Compagnie Générale des Établissements Michelin Société en commandite par actions","MICHELIN","ML","Euronext Paris","EUR","EUR","1","Consumer Cyclical","Auto Parts","Consommation discrétionnaire","22480000000","EUR","2026-09-16","quote date shown by market-cap source","rounded source display","2026-09-16","company matched to selected lookup listing","rounded-cap","","","347","https://finance.yahoo.com/quote/ML.PA/","https://finance.yahoo.com/quote/ML.PA/","https://query2.finance.yahoo.com/v1/finance/search?q=MICHELIN&quotesCount=8&newsCount=0","https://stockanalysis.com/quote/epa/ML/",""
"COP","ConocoPhillips","ConocoPhillips","COP","NYSE","USD","USD","1","Energy","Oil & Gas E&P","Énergie","159225266176","USD","2026-09-16","quote date shown by market-cap source","provider raw value","2026-09-16","company matched to selected lookup listing","","","","147","https://finance.yahoo.com/quote/COP/","https://finance.yahoo.com/quote/COP/","https://finance.yahoo.com/quote/COP/","https://finance.yahoo.com/quote/COP/",""
"STZ","Constellation Brands, Inc.","Constellation Brands","STZ","NYSE","USD","USD","1","Consumer Defensive","Beverages - Brewers","Biens de consommation courants","21014059008","USD","2026-09-16","quote date shown by market-cap source","provider raw value","2026-09-16","company matched to selected lookup listing","","","","148","https://finance.yahoo.com/quote/STZ/","https://finance.yahoo.com/quote/STZ/","https://finance.yahoo.com/quote/STZ/","https://finance.yahoo.com/quote/STZ/",""
"CEG","Constellation Energy Corporation","Constellation Energy Corp","CEG","Nasdaq Global Select Market","USD","USD","1","Utilities","Utilities - Independent Power Producers","Services publics","91953397760","USD","2026-09-16","quote date shown by market-cap source","provider raw value","2026-09-16","company matched to selected lookup listing","","","","149","https://finance.yahoo.com/quote/CEG/","https://finance.yahoo.com/quote/CEG/","https://finance.yahoo.com/quote/CEG/","https://finance.yahoo.com/quote/CEG/",""
"CON.DE","Continental Aktiengesellschaft","CONTINENTAL AG","CON","Xetra","EUR","EUR","1","Consumer Cyclical","Auto Parts","Consommation discrétionnaire","13970000000","EUR","2026-09-16","quote date shown by market-cap source","rounded source display","2026-09-16","company matched to selected lookup listing","rounded-cap","","","150","https://finance.yahoo.com/quote/CON.DE/","https://finance.yahoo.com/quote/CON.DE/","https://finance.yahoo.com/quote/CON.DE/","https://stockanalysis.com/quote/etr/CON/",""
"CTEC.L","Convatec Group PLC","CONVATEC GROUP PLC","CTEC","London Stock Exchange","GBp","GBP","0.01","Healthcare","Medical Instruments & Supplies","Soins de santé","4270000000","GBP","2026-09-16","quote date shown by market-cap source","rounded source display","2026-09-16","company matched to selected lookup listing","rounded-cap","Quote currency is pence; market capitalization is in pounds (GBP).","","151","https://stockanalysis.com/quote/lon/CTEC/","https://query2.finance.yahoo.com/v8/finance/chart/CTEC.L?interval=1d&range=1d","https://query2.finance.yahoo.com/v1/finance/search?q=CONVATEC+GROUP+PLC&quotesCount=8&newsCount=0","https://stockanalysis.com/quote/lon/CTEC/",""
"CPRT","Copart, Inc.","Copart","CPRT","Nasdaq Global Select Market","USD","USD","1","Industrials","Specialty Business Services","Consommation discrétionnaire","28533508096","USD","2026-09-16","quote date shown by market-cap source","provider raw value","2026-09-16","company matched to selected lookup listing","","","","152","https://finance.yahoo.com/quote/CPRT/","https://finance.yahoo.com/quote/CPRT/","https://finance.yahoo.com/quote/CPRT/","https://finance.yahoo.com/quote/CPRT/",""
"CRBN.AS","Corbion N.V.","CORBION","CRBN","Euronext Amsterdam","EUR","EUR","1","Basic Materials","Specialty Chemicals","Biens de consommation courants","1300000000","EUR","2026-09-16","retrieval date of daily exchange list","rounded source display","2026-09-16","company matched to selected lookup listing","rounded-cap","","","153","https://stockanalysis.com/quote/ams/CRBN/","https://query2.finance.yahoo.com/v8/finance/chart/CRBN.AS?interval=1d&range=1d","https://query2.finance.yahoo.com/v1/finance/search?q=CORBION&quotesCount=8&newsCount=0","https://stockanalysis.com/list/euronext-amsterdam/",""
"CORZ","Core Scientific, Inc.","Core Scientific","CORZ","Nasdaq Global Select Market","USD","USD","1","Technology","Software - Infrastructure","Autres","5424226304","USD","2026-09-16","quote date shown by market-cap source","provider raw value","2026-09-16","company matched to selected lookup listing","","","","154","https://finance.yahoo.com/quote/CORZ/","https://finance.yahoo.com/quote/CORZ/","https://finance.yahoo.com/quote/CORZ/","https://finance.yahoo.com/quote/CORZ/",""
"CRWV","CoreWeave, Inc.","COREWEAVE","CRWV","Nasdaq Global Select Market","USD","USD","1","Technology","Software - Infrastructure","IT","45970571264","USD","2026-09-16","quote date shown by market-cap source","provider raw value","2026-09-16","company matched to selected lookup listing","","","","155","https://finance.yahoo.com/quote/CRWV/","https://finance.yahoo.com/quote/CRWV/","https://finance.yahoo.com/quote/CRWV/","https://finance.yahoo.com/quote/CRWV/",""
"CPAY","Corpay, Inc.","Corpay","CPAY","NYSE","USD","USD","1","Technology","Software — Infrastructure","IT","26412886016","USD","2026-09-16","quote date shown by market-cap source","provider raw value","2026-09-16","company matched to selected lookup listing","","","","156","https://finance.yahoo.com/quote/CPAY/","https://finance.yahoo.com/quote/CPAY/","https://query2.finance.yahoo.com/v1/finance/search?q=Corpay&quotesCount=8&newsCount=0","https://finance.yahoo.com/quote/CPAY/",""
"CSGP","CoStar Group, Inc.","CoStar Group","CSGP","Nasdaq Global Select Market","USD","USD","1","Real Estate","Real Estate Services","Immobilier","12301799424","USD","2026-09-16","quote date shown by market-cap source","provider raw value","2026-09-16","company matched to selected lookup listing","","","","157","https://finance.yahoo.com/quote/CSGP/","https://finance.yahoo.com/quote/CSGP/","https://query2.finance.yahoo.com/v1/finance/search?q=CoStar+Group&quotesCount=8&newsCount=0","https://finance.yahoo.com/quote/CSGP/",""
"COST","Costco Wholesale Corporation","Costco Wholesale Corp","COST","Nasdaq Global Select Market","USD","USD","1","Consumer Defensive","Discount Stores","Consommation discrétionnaire","396354748416","USD","2026-09-16","quote date shown by market-cap source","provider raw value","2026-09-16","company matched to selected lookup listing","","","","158","https://finance.yahoo.com/quote/COST/","https://finance.yahoo.com/quote/COST/","https://finance.yahoo.com/quote/COST/","https://finance.yahoo.com/quote/COST/",""
"ACA.PA","Crédit Agricole S.A.","CREDIT AGRICOLE","ACA","Euronext Paris","EUR","EUR","1","Financial Services","Banks — Regional","Finance","55857135616","EUR","2026-09-16","quote date shown by market-cap source","provider raw value","2026-09-16","company matched to selected lookup listing","","","","159","https://finance.yahoo.com/quote/ACA.PA/","https://finance.yahoo.com/quote/ACA.PA/","https://query2.finance.yahoo.com/v1/finance/search?q=CREDIT+AGRICOLE&quotesCount=8&newsCount=0","https://finance.yahoo.com/quote/ACA.PA/",""
"CRWD","CrowdStrike Holdings, Inc.","CrowdStrike Holdings","CRWD","Nasdaq Global Select Market","USD","USD","1","Technology","Software - Infrastructure","IT","247136911360","USD","2026-09-16","quote date shown by market-cap source","provider raw value","2026-09-16","company matched to selected lookup listing","","","","160","https://finance.yahoo.com/quote/CRWD/","https://finance.yahoo.com/quote/CRWD/","https://finance.yahoo.com/quote/CRWD/","https://finance.yahoo.com/quote/CRWD/",""
"CSX","CSX Corporation","CSX Corp","CSX","Nasdaq Global Select Market","USD","USD","1","Industrials","Railroads","Industrie","88733548544","USD","2026-09-16","quote date shown by market-cap source","provider raw value","2026-09-16","company matched to selected lookup listing","","","","161","https://finance.yahoo.com/quote/CSX/","https://finance.yahoo.com/quote/CSX/","https://finance.yahoo.com/quote/CSX/","https://finance.yahoo.com/quote/CSX/",""
"CTAC.AS","Ctac N.V.","CTAC","CTAC","Euronext Amsterdam","EUR","EUR","1","Technology","Information Technology Services","IT","40750000","EUR","2026-09-16","retrieval date of daily exchange list","rounded source display","2026-09-16","company matched to selected lookup listing","rounded-cap","","","162","https://stockanalysis.com/quote/ams/CTAC/","https://query2.finance.yahoo.com/v8/finance/chart/CTAC.AS?interval=1d&range=1d","https://query2.finance.yahoo.com/v1/finance/search?q=CTAC&quotesCount=8&newsCount=0","https://stockanalysis.com/list/euronext-amsterdam/",""
"CTPNV.AS","CTP N.V.","CTP NV","CTPNV","Euronext Amsterdam","EUR","EUR","1","Real Estate","Real Estate — Development","Immobilier","6480000000","EUR","2026-09-16","retrieval date of daily exchange list","rounded source display","2026-09-16","company matched to selected lookup listing","rounded-cap","","","163","https://stockanalysis.com/quote/ams/CTPNV/","https://query2.finance.yahoo.com/v8/finance/chart/CTPNV.AS?interval=1d&range=1d","https://query2.finance.yahoo.com/v1/finance/search?q=CTP+NV&quotesCount=8&newsCount=0","https://stockanalysis.com/list/euronext-amsterdam/",""
"CW","Curtiss-Wright Corporation","Curtiss-Wright Corp","CW","NYSE","USD","USD","1","Industrials","Aerospace & Defense","Industrie","21054109696","USD","2026-09-16","quote date shown by market-cap source","provider raw value","2026-09-16","company matched to selected lookup listing","","","","164","https://finance.yahoo.com/quote/CW/","https://finance.yahoo.com/quote/CW/","https://finance.yahoo.com/quote/CW/","https://finance.yahoo.com/quote/CW/",""
"CVC.AS","CVC Capital Partners plc","CVC CAPITAL","CVC","Euronext Amsterdam","EUR","EUR","1","Financial Services","Asset Management","Finance","14747838464","EUR","2026-09-14","quote date shown by market-cap source","provider raw value","2026-09-16","company matched to selected lookup listing","","","","165","https://finance.yahoo.com/quote/CVC.AS/","https://finance.yahoo.com/quote/CVC.AS/","https://finance.yahoo.com/quote/CVC.AS/","https://finance.yahoo.com/quote/CVC.AS/",""
"CVS","CVS Health Corporation","CVS HEALTH Corp","CVS","NYSE","USD","USD","1","Healthcare","Healthcare Plans","Soins de santé","117307162624","USD","2026-09-16","quote date shown by market-cap source","provider raw value","2026-09-16","company matched to selected lookup listing","","","","166","https://finance.yahoo.com/quote/CVS/","https://finance.yahoo.com/quote/CVS/","https://finance.yahoo.com/quote/CVS/","https://finance.yahoo.com/quote/CVS/",""
"DIE.BR","D'Ieteren Group SA","D'IETEREN GROUP","DIE","Euronext Brussels","EUR","EUR","1","Consumer Cyclical","Auto & Truck Dealerships","Consommation discrétionnaire","9013356544","EUR","2026-09-16","quote date shown by market-cap source","provider raw value","2026-09-16","company matched to selected lookup listing","","","","167","https://finance.yahoo.com/quote/DIE.BR/","https://finance.yahoo.com/quote/DIE.BR/","https://finance.yahoo.com/quote/DIE.BR/","https://finance.yahoo.com/quote/DIE.BR/",""
"DHR","Danaher Corporation","Danaher Corp","DHR","NYSE","USD","USD","1","Healthcare","Diagnostics & Research","Soins de santé","146474172416","USD","2026-09-16","quote date shown by market-cap source","provider raw value","2026-09-16","company matched to selected lookup listing","","","","168","https://finance.yahoo.com/quote/DHR/","https://finance.yahoo.com/quote/DHR/","https://finance.yahoo.com/quote/DHR/","https://finance.yahoo.com/quote/DHR/",""
"BN.PA","Danone S.A.","DANONE","BN","Euronext Paris","EUR","EUR","1","Consumer Defensive","Packaged Foods","Biens de consommation courants","39238234112","EUR","2026-09-16","quote date shown by market-cap source","provider raw value","2026-09-16","company matched to selected lookup listing","","","","169","https://finance.yahoo.com/quote/BN.PA/","https://finance.yahoo.com/quote/BN.PA/","https://query2.finance.yahoo.com/v1/finance/search?q=DANONE&quotesCount=8&newsCount=0","https://finance.yahoo.com/quote/BN.PA/",""
"DSY.PA","Dassault Systèmes SE","DASSAULT SYSTEMES","DSY","Euronext Paris","EUR","EUR","1","Technology","Software - Application","IT","27463729152","EUR","2026-09-16","quote date shown by market-cap source","provider raw value","2026-09-16","company matched to selected lookup listing","","","","170","https://finance.yahoo.com/quote/DSY.PA/","https://finance.yahoo.com/quote/DSY.PA/","https://finance.yahoo.com/quote/DSY.PA/","https://finance.yahoo.com/quote/DSY.PA/",""
"DDOG","Datadog, Inc.","Datadog","DDOG","Nasdaq Global Select Market","USD","USD","1","Technology","Software - Application","IT","82870919168","USD","2026-09-16","quote date shown by market-cap source","provider raw value","2026-09-16","company matched to selected lookup listing","","","","171","https://finance.yahoo.com/quote/DDOG/","https://finance.yahoo.com/quote/DDOG/","https://finance.yahoo.com/quote/DDOG/","https://finance.yahoo.com/quote/DDOG/",""
"DECB.BR","Deceuninck NV","DECEUNINCK","DECB","Euronext Brussels","EUR","EUR","1","Industrials","Building Products & Equipment","Matériaux","349070000","EUR","2026-09-16","retrieval date of daily exchange list","rounded source display","2026-09-16","company matched to selected lookup listing","rounded-cap","","","172","https://stockanalysis.com/quote/ebr/DECB/","https://query2.finance.yahoo.com/v8/finance/chart/DECB.BR?interval=1d&range=1d","https://query2.finance.yahoo.com/v1/finance/search?q=DECEUNINCK&quotesCount=8&newsCount=0","https://stockanalysis.com/list/euronext-brussels/",""
"DE","Deere & Company","Deere & Company","DE","NYSE","USD","USD","1","Industrials","Farm & Heavy Construction Machinery","Industrie","180506116096","USD","2026-09-16","quote date shown by market-cap source","provider raw value","2026-09-16","company matched to selected lookup listing","","","","173","https://finance.yahoo.com/quote/DE/","https://finance.yahoo.com/quote/DE/","https://finance.yahoo.com/quote/DE/","https://finance.yahoo.com/quote/DE/",""
"DELL","Dell Technologies Inc.","Dell Technologies","DELL","NYSE","USD","USD","1","Technology","Computer Hardware","IT","358146932736","USD","2026-09-16","quote date shown by market-cap source","provider raw value","2026-09-16","company matched to selected lookup listing","","","","174","https://finance.yahoo.com/quote/DELL/","https://finance.yahoo.com/quote/DELL/","https://finance.yahoo.com/quote/DELL/","https://finance.yahoo.com/quote/DELL/",""
"DAL","Delta Air Lines, Inc.","Delta Air Lines","DAL","NYSE","USD","USD","1","Industrials","Airlines","Industrie","51209109504","USD","2026-09-16","quote date shown by market-cap source","provider raw value","2026-09-16","company matched to selected lookup listing","","","","175","https://finance.yahoo.com/quote/DAL/","https://finance.yahoo.com/quote/DAL/","https://finance.yahoo.com/quote/DAL/","https://finance.yahoo.com/quote/DAL/",""
"DEME.BR","DEME Group NV","DEME GROUP","DEME","Euronext Brussels","EUR","EUR","1","Industrials","Engineering & Construction","Industrie","4560834560","EUR","2026-09-16","quote date shown by market-cap source","provider raw value","2026-09-16","company matched to selected lookup listing","","","","176","https://finance.yahoo.com/quote/DEME.BR/","https://finance.yahoo.com/quote/DEME.BR/","https://query2.finance.yahoo.com/v1/finance/search?q=DEME+GROUP&quotesCount=8&newsCount=0","https://finance.yahoo.com/quote/DEME.BR/",""
"DBG.PA","Derichebourg SA","DERICHEBOURG","DBG","Euronext Paris","EUR","EUR","1","Industrials","Waste Management","Autres","1440000000","EUR","2026-09-16","quote date shown by market-cap source","rounded source display","2026-09-16","company matched to selected lookup listing","rounded-cap","","","177","https://stockanalysis.com/quote/epa/DBG/","https://query2.finance.yahoo.com/v8/finance/chart/DBG.PA?interval=1d&range=1d","https://query2.finance.yahoo.com/v1/finance/search?q=DERICHEBOURG&quotesCount=8&newsCount=0","https://stockanalysis.com/quote/epa/DBG/",""
"DBK.DE","Deutsche Bank Aktiengesellschaft","DEUTSCHE BANK AG","DBK","Xetra","EUR","EUR","1","Financial Services","Banks - Regional","Finance","63190773760","EUR","2026-09-16","quote date shown by market-cap source","provider raw value","2026-09-16","company matched to selected lookup listing","","","","178","https://finance.yahoo.com/quote/DBK.DE/","https://finance.yahoo.com/quote/DBK.DE/","https://finance.yahoo.com/quote/DBK.DE/","https://finance.yahoo.com/quote/DBK.DE/",""
"DB1.DE","Deutsche Börse AG","DEUTSCHE BOERSE AG","DB1","Xetra","EUR","EUR","1","Financial Services","Financial Data & Stock Exchanges","Finance","49975742464","EUR","2026-09-16","quote date shown by market-cap source","provider raw value","2026-09-16","company matched to selected lookup listing","","","","179","https://finance.yahoo.com/quote/DB1.DE/","https://finance.yahoo.com/quote/DB1.DE/","https://finance.yahoo.com/quote/DB1.DE/","https://finance.yahoo.com/quote/DB1.DE/",""
"DWNI.DE","Deutsche Wohnen SE","DEUTSCHE WOHNEN SE","DWNI","Xetra","EUR","EUR","1","Real Estate","Real Estate Services","Immobilier","6700000000","EUR","2026-09-08","quote date shown by market-cap source","rounded source display","2026-09-16","company matched to selected lookup listing","older-cap; rounded-cap","Market-cap source snapshot is over five calendar days old; see source date.","","181","https://stockanalysis.com/quote/etr/DWNI/","https://query2.finance.yahoo.com/v8/finance/chart/DWNI.DE?interval=1d&range=1d","https://query2.finance.yahoo.com/v1/finance/search?q=DEUTSCHE+WOHNEN+SE&quotesCount=8&newsCount=0","https://stockanalysis.com/quote/etr/DWNI/",""
"DXCM","DexCom, Inc.","DexCom","DXCM","Nasdaq Global Select Market","USD","USD","1","Healthcare","Medical Devices","Soins de santé","32958687232","USD","2026-09-16","quote date shown by market-cap source","provider raw value","2026-09-16","company matched to selected lookup listing","","","","182","https://finance.yahoo.com/quote/DXCM/","https://finance.yahoo.com/quote/DXCM/","https://finance.yahoo.com/quote/DXCM/","https://finance.yahoo.com/quote/DXCM/",""
"DHL.DE","DHL AG","DEUTSCHE POST AG","DHL","Xetra","EUR","EUR","1","Industrials","Integrated Freight & Logistics","Industrie","62409003008","EUR","2026-09-16","quote date shown by market-cap source","provider raw value","2026-09-16","company matched to selected lookup listing","","Challenge uses Deutsche Post; current quoted name is DHL.","","180","https://finance.yahoo.com/quote/DHL.DE/","https://finance.yahoo.com/quote/DHL.DE/","https://finance.yahoo.com/quote/DHL.DE/","https://finance.yahoo.com/quote/DHL.DE/",""
"FANG","Diamondback Energy, Inc.","Diamondback Energy","FANG","Nasdaq Global Select Market","USD","USD","1","Energy","Oil & Gas E&P","Énergie","54475046912","USD","2026-09-16","quote date shown by market-cap source","provider raw value","2026-09-16","company matched to selected lookup listing","","","","183","https://finance.yahoo.com/quote/FANG/","https://finance.yahoo.com/quote/FANG/","https://finance.yahoo.com/quote/FANG/","https://finance.yahoo.com/quote/FANG/",""
"D","Dominion Energy, Inc.","Dominion Energy","D","NYSE","USD","USD","1","Utilities","Utilities - Regulated Electric","Services publics","55858692096","USD","2026-09-16","quote date shown by market-cap source","provider raw value","2026-09-16","company matched to selected lookup listing","","","","184","https://finance.yahoo.com/quote/D/","https://finance.yahoo.com/quote/D/","https://finance.yahoo.com/quote/D/","https://finance.yahoo.com/quote/D/",""
"DASH","DoorDash, Inc.","DoorDash","DASH","Nasdaq Global Select Market","USD","USD","1","Consumer Cyclical","Internet Retail","IT","85255700480","USD","2026-09-16","quote date shown by market-cap source","provider raw value","2026-09-16","company matched to selected lookup listing","","","","185","https://finance.yahoo.com/quote/DASH/","https://finance.yahoo.com/quote/DASH/","https://finance.yahoo.com/quote/DASH/","https://finance.yahoo.com/quote/DASH/",""
"DSFIR.AS","DSM-Firmenich AG","DSM FIRMENICH AG","DSFIR","Euronext Amsterdam","EUR","EUR","1","Basic Materials","Specialty Chemicals","Matériaux","22547884032","EUR","2026-09-16","quote date shown by market-cap source","provider raw value","2026-09-16","company matched to selected lookup listing","","","","186","https://finance.yahoo.com/quote/DSFIR.AS/","https://finance.yahoo.com/quote/DSFIR.AS/","https://query2.finance.yahoo.com/v1/finance/search?q=DSM+FIRMENICH+AG&quotesCount=8&newsCount=0","https://finance.yahoo.com/quote/DSFIR.AS/",""
"DUK","Duke Energy Corporation","Duke Energy Corp","DUK","NYSE","USD","USD","1","Utilities","Utilities - Regulated Electric","Services publics","91817730048","USD","2026-09-16","quote date shown by market-cap source","provider raw value","2026-09-16","company matched to selected lookup listing","","","","187","https://finance.yahoo.com/quote/DUK/","https://finance.yahoo.com/quote/DUK/","https://finance.yahoo.com/quote/DUK/","https://finance.yahoo.com/quote/DUK/",""
"EOAN.DE","E.ON SE","E.ON SE","EOAN","Xetra","EUR","EUR","1","Utilities","Utilities - Diversified","Services publics","46160023552","EUR","2026-09-16","quote date shown by market-cap source","provider raw value","2026-09-16","company matched to selected lookup listing","","","","188","https://finance.yahoo.com/quote/EOAN.DE/","https://finance.yahoo.com/quote/EOAN.DE/","https://finance.yahoo.com/quote/EOAN.DE/","https://finance.yahoo.com/quote/EOAN.DE/",""
"EMN","Eastman Chemical Company","Eastman Chemical Company","EMN","NYSE","USD","USD","1","Basic Materials","Specialty Chemicals","Matériaux","7439233536","USD","2026-09-16","quote date shown by market-cap source","provider raw value","2026-09-16","company matched to selected lookup listing","","","","189","https://finance.yahoo.com/quote/EMN/","https://finance.yahoo.com/quote/EMN/","https://query2.finance.yahoo.com/v1/finance/search?q=Eastman+Chemical+Company&quotesCount=8&newsCount=0","https://finance.yahoo.com/quote/EMN/",""
"EBUS.AS","Ebusco Holding N.V.","EBUSCO HOLDING N.V.","EBUS","Euronext Amsterdam","EUR","EUR","1","Consumer Cyclical","Auto Manufacturers","Consommation discrétionnaire","44190000","EUR","2026-09-16","retrieval date of daily exchange list","rounded source display","2026-09-16","company matched to selected lookup listing","rounded-cap","","","190","https://stockanalysis.com/quote/ams/EBUS/","https://query2.finance.yahoo.com/v8/finance/chart/EBUS.AS?interval=1d&range=1d","https://query2.finance.yahoo.com/v1/finance/search?q=EBUSCO+HOLDING+N.V.&quotesCount=8&newsCount=0","https://stockanalysis.com/list/euronext-amsterdam/",""
"ECL","Ecolab Inc.","Ecolab","ECL","NYSE","USD","USD","1","Basic Materials","Specialty Chemicals","Matériaux","76832464896","USD","2026-09-16","quote date shown by market-cap source","provider raw value","2026-09-16","company matched to selected lookup listing","","","","191","https://finance.yahoo.com/quote/ECL/","https://finance.yahoo.com/quote/ECL/","https://query2.finance.yahoo.com/v1/finance/search?q=Ecolab&quotesCount=8&newsCount=0","https://finance.yahoo.com/quote/ECL/",""
"ECONB.BR","Econocom Group SE","ECONOCOM GROUP","ECONB","Euronext Brussels","EUR","EUR","1","Technology","Information Technology Services","IT","223290000","EUR","2026-09-16","retrieval date of daily exchange list","rounded source display","2026-09-16","company matched to selected lookup listing","rounded-cap","","","192","https://stockanalysis.com/quote/ebr/ECONB/","https://query2.finance.yahoo.com/v8/finance/chart/ECONB.BR?interval=1d&range=1d","https://query2.finance.yahoo.com/v1/finance/search?q=ECONOCOM+GROUP&quotesCount=8&newsCount=0","https://stockanalysis.com/list/euronext-brussels/",""
"EDEN.PA","Edenred SE","EDENRED","EDEN","Euronext Paris","EUR","EUR","1","Financial Services","Credit Services","Finance","6620000000","EUR","2026-09-14","quote date shown by market-cap source","rounded source display","2026-09-16","company matched to selected lookup listing","rounded-cap","","","193","https://stockanalysis.com/quote/epa/EDEN/","https://query2.finance.yahoo.com/v8/finance/chart/EDEN.PA?interval=1d&range=1d","https://query2.finance.yahoo.com/v1/finance/search?q=EDENRED&quotesCount=8&newsCount=0","https://stockanalysis.com/quote/epa/EDEN/",""
"EDPR.LS","EDP Renewables, S.A.","EDP RENOVAVEIS S.A.","EDPR","Euronext Lisbon","EUR","EUR","1","Utilities","Utilities — Renewable","Services publics","13010000000","EUR","2026-09-16","quote date shown by market-cap source","rounded source display","2026-09-16","company matched to selected lookup listing","rounded-cap","","","194","https://stockanalysis.com/quote/eli/EDPR/","https://query2.finance.yahoo.com/v8/finance/chart/EDPR.LS?interval=1d&range=1d","https://query2.finance.yahoo.com/v1/finance/search?q=EDPR.LS&quotesCount=3&newsCount=0","https://stockanalysis.com/quote/eli/EDPR/",""
"EKOP.BR","Ekopak NV","EKOPAK NV","EKOP","Euronext Brussels","EUR","EUR","1","Utilities","Utilities — Regulated Water","Industrie","64760000","EUR","2026-09-16","retrieval date of daily exchange list","rounded source display","2026-09-16","company matched to selected lookup listing","rounded-cap","","","195","https://stockanalysis.com/quote/ebr/EKOP/","https://query2.finance.yahoo.com/v8/finance/chart/EKOP.BR?interval=1d&range=1d","https://query2.finance.yahoo.com/v1/finance/search?q=EKOPAK+NV&quotesCount=8&newsCount=0","https://stockanalysis.com/list/euronext-brussels/",""
"LLY","Eli Lilly and Company","Eli Lilly & Co","LLY","NYSE","USD","USD","1","Healthcare","Drug Manufacturers - General","Soins de santé","1014641131520","USD","2026-09-16","quote date shown by market-cap source","provider raw value","2026-09-16","company matched to selected lookup listing","","","","196","https://finance.yahoo.com/quote/LLY/","https://finance.yahoo.com/quote/LLY/","https://finance.yahoo.com/quote/LLY/","https://finance.yahoo.com/quote/LLY/",""
"ELI.BR","Elia Group SA/NV","ELIA GROUP","ELI","Euronext Brussels","EUR","EUR","1","Utilities","Utilities - Regulated Electric","Services publics","12988107776","EUR","2026-09-16","quote date shown by market-cap source","provider raw value","2026-09-16","company matched to selected lookup listing","","","","197","https://finance.yahoo.com/quote/ELI.BR/","https://finance.yahoo.com/quote/ELI.BR/","https://finance.yahoo.com/quote/ELI.BR/","https://finance.yahoo.com/quote/ELI.BR/",""
"EMR","Emerson Electric Co.","Emerson Electric Co","EMR","NYSE","USD","USD","1","Industrials","Specialty Industrial Machinery","Industrie","81343971328","USD","2026-09-16","quote date shown by market-cap source","provider raw value","2026-09-16","company matched to selected lookup listing","","","","198","https://finance.yahoo.com/quote/EMR/","https://finance.yahoo.com/quote/EMR/","https://finance.yahoo.com/quote/EMR/","https://finance.yahoo.com/quote/EMR/",""
"ENEL.MI","Enel SpA","ENEL S.P.A.","ENEL","Borsa Italiana (Euronext Milan)","EUR","EUR","1","Utilities","Utilities - Diversified","Autres","88274059264","EUR","2026-09-16","quote date shown by market-cap source","provider raw value","2026-09-16","company matched to selected lookup listing","","","","199","https://finance.yahoo.com/quote/ENEL.MI/","https://finance.yahoo.com/quote/ENEL.MI/","https://finance.yahoo.com/quote/ENEL.MI/","https://finance.yahoo.com/quote/ENEL.MI/",""
"ENGI.PA","Engie SA","ENGIE","ENGI","Euronext Paris","EUR","EUR","1","Utilities","Utilities - Diversified","Services publics","61152432128","EUR","2026-09-16","quote date shown by market-cap source","provider raw value","2026-09-16","company matched to selected lookup listing","","","","200","https://finance.yahoo.com/quote/ENGI.PA/","https://finance.yahoo.com/quote/ENGI.PA/","https://finance.yahoo.com/quote/ENGI.PA/","https://finance.yahoo.com/quote/ENGI.PA/",""
"ENPH","Enphase Energy, Inc.","Enphase Energy","ENPH","Nasdaq Global Market","USD","USD","1","Technology","Solar","Énergie","4699063808","USD","2026-09-16","quote date shown by market-cap source","provider raw value","2026-09-16","company matched to selected lookup listing","","","","201","https://finance.yahoo.com/quote/ENPH/","https://finance.yahoo.com/quote/ENPH/","https://finance.yahoo.com/quote/ENPH/","https://finance.yahoo.com/quote/ENPH/",""
"ENVI.AS","Envipco Holding N.V.","ENVIPCO","ENVI","Euronext Amsterdam","EUR","EUR","1","Industrials","Pollution & Treatment Controls","Industrie","214790000","EUR","2026-09-16","retrieval date of daily exchange list","rounded source display","2026-09-16","company matched to selected lookup listing","rounded-cap","","","202","https://stockanalysis.com/quote/ams/ENVI/","https://query2.finance.yahoo.com/v8/finance/chart/ENVI.AS?interval=1d&range=1d","https://query2.finance.yahoo.com/v1/finance/search?q=ENVIPCO&quotesCount=8&newsCount=0","https://stockanalysis.com/list/euronext-amsterdam/",""
"EOG","EOG Resources, Inc.","EOG Resources","EOG","NYSE","USD","USD","1","Energy","Oil & Gas E&P","Énergie","76020006912","USD","2026-09-16","quote date shown by market-cap source","provider raw value","2026-09-16","company matched to selected lookup listing","","","","203","https://finance.yahoo.com/quote/EOG/","https://finance.yahoo.com/quote/EOG/","https://finance.yahoo.com/quote/EOG/","https://finance.yahoo.com/quote/EOG/",""
"EQIX","Equinix, Inc.","Equinix","EQIX","Nasdaq Global Select Market","USD","USD","1","Real Estate","REIT - Specialty","IT","100266221568","USD","2026-09-16","quote date shown by market-cap source","provider raw value","2026-09-16","company matched to selected lookup listing","","","","204","https://finance.yahoo.com/quote/EQIX/","https://finance.yahoo.com/quote/EQIX/","https://finance.yahoo.com/quote/EQIX/","https://finance.yahoo.com/quote/EQIX/",""
"EQNR.OL","Equinor ASA","EQUINOR ASA","EQNR","Oslo Bors (Euronext Oslo)","NOK","NOK","1","Energy","Oil & Gas Integrated","Énergie","998776635392","NOK","2026-09-16","quote date shown by market-cap source","provider raw value","2026-09-16","company matched to selected lookup listing","","","","205","https://finance.yahoo.com/quote/EQNR.OL/","https://finance.yahoo.com/quote/EQNR.OL/","https://query2.finance.yahoo.com/v1/finance/search?q=EQUINOR+ASA&quotesCount=8&newsCount=0","https://finance.yahoo.com/quote/EQNR.OL/",""
"EL.PA","EssilorLuxottica Société anonyme","ESSILORLUXOTTICA","EL","Euronext Paris","EUR","EUR","1","Healthcare","Medical Instruments & Supplies","Soins de santé","66561523712","EUR","2026-09-16","quote date shown by market-cap source","provider raw value","2026-09-16","company matched to selected lookup listing","","","","206","https://finance.yahoo.com/quote/EL.PA/","https://finance.yahoo.com/quote/EL.PA/","https://finance.yahoo.com/quote/EL.PA/","https://finance.yahoo.com/quote/EL.PA/",""
"ETSY","Etsy, Inc.","Etsy","ETSY","NYSE","USD","USD","1","Consumer Cyclical","Internet Retail","Consommation discrétionnaire","6742286848","USD","2026-09-16","quote date shown by market-cap source","provider raw value","2026-09-16","company matched to selected lookup listing","","","","207","https://finance.yahoo.com/quote/ETSY/","https://finance.yahoo.com/quote/ETSY/","https://finance.yahoo.com/quote/ETSY/","https://finance.yahoo.com/quote/ETSY/",""
"ECMPA.AS","Eurocommercial Properties N.V.","EUROCOMMERCIAL PROPERTIES","ECMPA","Euronext Amsterdam","EUR","EUR","1","Real Estate","REIT - Retail","Immobilier","1480000000","EUR","2026-09-16","retrieval date of daily exchange list","rounded source display","2026-09-16","company matched to selected lookup listing","rounded-cap","","","208","https://finance.yahoo.com/quote/ECMPA.AS/","https://finance.yahoo.com/quote/ECMPA.AS/","https://finance.yahoo.com/quote/ECMPA.AS/","https://stockanalysis.com/list/euronext-amsterdam/",""
"ERF.PA","Eurofins Scientific SE","EUROFINS SCIENT.","ERF","Euronext Paris","EUR","EUR","1","Healthcare","Diagnostics & Research","Soins de santé","12860600320","EUR","2026-09-16","quote date shown by market-cap source","provider raw value","2026-09-16","company matched to selected lookup listing","","","","209","https://finance.yahoo.com/quote/ERF.PA/","https://finance.yahoo.com/quote/ERF.PA/","https://finance.yahoo.com/quote/ERF.PA/","https://finance.yahoo.com/quote/ERF.PA/",""
"ENX.PA","Euronext N.V.","EURONEXT","ENX","Euronext Paris","EUR","EUR","1","Financial Services","Financial Data & Stock Exchanges","Autres","16020000000","EUR","2026-09-16","quote date shown by market-cap source","rounded source display","2026-09-16","company matched to selected lookup listing","rounded-cap","","","210","https://finance.yahoo.com/quote/ENX.PA/","https://finance.yahoo.com/quote/ENX.PA/","https://finance.yahoo.com/quote/ENX.PA/","https://stockanalysis.com/quote/epa/ENX/",""
"EG","Everest Group, Ltd.","Everest Group Ltd","EG","NYSE","USD","USD","1","Financial Services","Insurance - Reinsurance","Finance","14484734976","USD","2026-09-16","quote date shown by market-cap source","provider raw value","2026-09-16","company matched to selected lookup listing","","","","211","https://finance.yahoo.com/quote/EG/","https://finance.yahoo.com/quote/EG/","https://finance.yahoo.com/quote/EG/","https://finance.yahoo.com/quote/EG/",""
"EVS.BR","EVS SA","EVS BROADC.EQUIPM.","EVS","Euronext Brussels","EUR","EUR","1","Technology","Communication Equipment","Industrie","373120000","EUR","2026-09-16","retrieval date of daily exchange list","rounded source display","2026-09-16","company matched to selected lookup listing","rounded-cap","","","212","https://stockanalysis.com/quote/ebr/EVS/","https://query2.finance.yahoo.com/v8/finance/chart/EVS.BR?interval=1d&range=1d","https://query2.finance.yahoo.com/v1/finance/search?q=EVS.BR&quotesCount=3&newsCount=0","https://stockanalysis.com/list/euronext-brussels/",""
"EXC","Exelon Corporation","Exelon Corp","EXC","Nasdaq Global Select Market","USD","USD","1","Utilities","Utilities - Regulated Electric","Services publics","43723976704","USD","2026-09-16","quote date shown by market-cap source","provider raw value","2026-09-16","company matched to selected lookup listing","","","","213","https://finance.yahoo.com/quote/EXC/","https://finance.yahoo.com/quote/EXC/","https://finance.yahoo.com/quote/EXC/","https://finance.yahoo.com/quote/EXC/",""
"EXM.BR","Exmar NV","EXMAR ord.","EXM","Euronext Brussels","EUR","EUR","1","Energy","Oil & Gas Equipment & Services","Industrie","946240000","EUR","2026-09-16","retrieval date of daily exchange list","rounded source display","2026-09-16","company matched to selected lookup listing","rounded-cap","","","214","https://stockanalysis.com/quote/ebr/EXM/","https://query2.finance.yahoo.com/v8/finance/chart/EXM.BR?interval=1d&range=1d","https://query2.finance.yahoo.com/v1/finance/search?q=EXMAR+ord.&quotesCount=8&newsCount=0","https://stockanalysis.com/list/euronext-brussels/",""
"EXO.AS","Exor N.V.","EXOR","EXO","Euronext Amsterdam","EUR","EUR","1","Financial Services","Asset Management","Finance","14430000000","EUR","2026-09-16","retrieval date of daily exchange list","rounded source display","2026-09-16","company matched to selected lookup listing","rounded-cap","","","215","https://stockanalysis.com/quote/ams/EXO/","https://query2.finance.yahoo.com/v8/finance/chart/EXO.AS?interval=1d&range=1d","https://query2.finance.yahoo.com/v1/finance/search?q=EXOR&quotesCount=8&newsCount=0","https://stockanalysis.com/list/euronext-amsterdam/",""
"XOM","ExxonMobil Holdings Corporation","ExxonMobil Holdings Corporation","XOM","NYSE","USD","USD","1","Energy","Oil & Gas Integrated","Énergie","671557484544","USD","2026-09-16","quote date shown by market-cap source","provider raw value","2026-09-16","company matched to selected lookup listing","","","","216","https://finance.yahoo.com/quote/XOM/","https://finance.yahoo.com/quote/XOM/","https://finance.yahoo.com/quote/XOM/","https://finance.yahoo.com/quote/XOM/",""
"FFIV","F5, Inc.","F5, Inc.","FFIV","Nasdaq Global Select Market","USD","USD","1","Technology","Software - Infrastructure","IT","23986708480","USD","2026-09-16","quote date shown by market-cap source","provider raw value","2026-09-16","company matched to selected lookup listing","","","","217","https://finance.yahoo.com/quote/FFIV/","https://finance.yahoo.com/quote/FFIV/","https://finance.yahoo.com/quote/FFIV/","https://finance.yahoo.com/quote/FFIV/",""
"FAGR.BR","Fagron NV","FAGRON","FAGR","Euronext Brussels","EUR","EUR","1","Healthcare","Drug Manufacturers — Specialty & Generic","Soins de santé","1620000000","EUR","2026-09-16","retrieval date of daily exchange list","rounded source display","2026-09-16","company matched to selected lookup listing","rounded-cap","","","218","https://stockanalysis.com/quote/ebr/FAGR/","https://query2.finance.yahoo.com/v8/finance/chart/FAGR.BR?interval=1d&range=1d","https://query2.finance.yahoo.com/v1/finance/search?q=FAGRON&quotesCount=8&newsCount=0","https://stockanalysis.com/list/euronext-brussels/",""
"FAST","Fastenal Company","Fastenal Company","FAST","Nasdaq Global Select Market","USD","USD","1","Industrials","Industrial Distribution","Industrie","56261804032","USD","2026-09-16","quote date shown by market-cap source","provider raw value","2026-09-16","company matched to selected lookup listing","","","","219","https://finance.yahoo.com/quote/FAST/","https://finance.yahoo.com/quote/FAST/","https://finance.yahoo.com/quote/FAST/","https://finance.yahoo.com/quote/FAST/",""
"FAST.AS","Fastned B.V.","FASTNED","FAST","Euronext Amsterdam","EUR","EUR","1","Consumer Cyclical","Specialty Retail","Énergie","753731456","EUR","2026-09-16","quote date shown by market-cap source","provider raw value","2026-09-16","company matched to selected lookup listing","","","","220","https://finance.yahoo.com/quote/FAST.AS/","https://finance.yahoo.com/quote/FAST.AS/","https://query2.finance.yahoo.com/v1/finance/search?q=FASTNED&quotesCount=8&newsCount=0","https://finance.yahoo.com/quote/FAST.AS/",""
"FDX","FedEx Corporation","FedEx Corp","FDX","NYSE","USD","USD","1","Industrials","Integrated Freight & Logistics","Industrie","71408205824","USD","2026-09-16","quote date shown by market-cap source","provider raw value","2026-09-16","company matched to selected lookup listing","","","","221","https://finance.yahoo.com/quote/FDX/","https://finance.yahoo.com/quote/FDX/","https://finance.yahoo.com/quote/FDX/","https://finance.yahoo.com/quote/FDX/",""
"RACE.MI","Ferrari N.V.","Ferrari NV","RACE","Borsa Italiana (Euronext Milan)","EUR","EUR","1","Consumer Cyclical","Auto Manufacturers","Consommation discrétionnaire","62699143168","EUR","2026-09-16","quote date shown by market-cap source","provider raw value","2026-09-16","company matched to selected lookup listing","","","","222","https://finance.yahoo.com/quote/RACE.MI/","https://finance.yahoo.com/quote/RACE.MI/","https://finance.yahoo.com/quote/RACE.MI/","https://finance.yahoo.com/quote/RACE.MI/",""
"FER.AS","Ferrovial N.V.","Ferrovial NV","FER","Euronext Amsterdam","EUR","EUR","1","Industrials","Engineering & Construction","Industrie","34800000000","EUR","2026-09-10","quote date shown by market-cap source","rounded source display","2026-09-16","company matched to selected lookup listing","older-cap; rounded-cap","Amsterdam listing selected; the company also has a Nasdaq listing under FER. Market-cap source snapshot is over five calendar days old; see source date.","","223","https://stockanalysis.com/quote/ams/FER/","https://query2.finance.yahoo.com/v8/finance/chart/FER.AS?interval=1d&range=1d","https://query2.finance.yahoo.com/v1/finance/search?q=FER.AS&quotesCount=3&newsCount=0","https://stockanalysis.com/quote/ams/FER/",""
"FIS","Fidelity National Information Services, Inc.","Fidelity National Information Services","FIS","NYSE","USD","USD","1","Technology","Information Technology Services","Industrie","19003762688","USD","2026-09-16","quote date shown by market-cap source","provider raw value","2026-09-16","company matched to selected lookup listing","","","","224","https://finance.yahoo.com/quote/FIS/","https://finance.yahoo.com/quote/FIS/","https://finance.yahoo.com/quote/FIS/","https://finance.yahoo.com/quote/FIS/",""
"TUB.BR","Financière de Tubize SA","TUBIZE-FIN","TUB","Euronext Brussels","EUR","EUR","1","Healthcare","Biotechnology","Finance","7900000000","EUR","2026-09-16","retrieval date of daily exchange list","rounded source display","2026-09-16","company matched to selected lookup listing","rounded-cap","","","518","https://stockanalysis.com/quote/ebr/TUB/","https://query2.finance.yahoo.com/v8/finance/chart/TUB.BR?interval=1d&range=1d","https://query2.finance.yahoo.com/v1/finance/search?q=TUBIZE-FIN&quotesCount=8&newsCount=0","https://stockanalysis.com/list/euronext-brussels/",""
"AG","First Majestic Silver Corp.","FIRST MAJESTIC SILVER Corp","AG","NYSE","USD","USD","1","Basic Materials","Silver","Matériaux","9034973184","USD","2026-09-16","quote date shown by market-cap source","provider raw value","2026-09-16","company matched to selected lookup listing","","","","225","https://finance.yahoo.com/quote/AG/","https://finance.yahoo.com/quote/AG/","https://finance.yahoo.com/quote/AG/","https://finance.yahoo.com/quote/AG/",""
"FISV","Fiserv, Inc.","Fiserv","FISV","Nasdaq Global Select Market","USD","USD","1","Technology","Information Technology Services","IT","26295865344","USD","2026-09-16","quote date shown by market-cap source","provider raw value","2026-09-16","company matched to selected lookup listing","","Current ticker FISV. Former ticker FI ceased to be the primary ticker when the listing moved to Nasdaq in November 2025.","","226","https://finance.yahoo.com/quote/FISV/","https://finance.yahoo.com/quote/FISV/","https://query2.finance.yahoo.com/v1/finance/search?q=Fiserv&quotesCount=8&newsCount=0","https://finance.yahoo.com/quote/FISV/","https://investors.fiserv.com/news-releases/news-release-details/fiserv-announces-transfer-stock-exchange-listing-nasdaq"
"FLOW.AS","Flow Traders Ltd.","FLOW TRADERS","FLOW","Euronext Amsterdam","EUR","EUR","1","Financial Services","Capital Markets","Finance","1240000000","EUR","2026-09-16","retrieval date of daily exchange list","rounded source display","2026-09-16","company matched to selected lookup listing","rounded-cap","","","227","https://stockanalysis.com/quote/ams/FLOW/","https://query2.finance.yahoo.com/v8/finance/chart/FLOW.AS?interval=1d&range=1d","https://query2.finance.yahoo.com/v1/finance/search?q=FLOW+TRADERS&quotesCount=8&newsCount=0","https://stockanalysis.com/list/euronext-amsterdam/",""
"FLUX.BR","Fluxys Belgium SA","FLUXYS BELGIUM","FLUX","Euronext Brussels","EUR","EUR","1","Energy","Oil & Gas Midstream","Énergie","1560000000","EUR","2026-09-16","retrieval date of daily exchange list","rounded source display","2026-09-16","company matched to selected lookup listing","rounded-cap","","","228","https://stockanalysis.com/quote/ebr/FLUX/","https://query2.finance.yahoo.com/v8/finance/chart/FLUX.BR?interval=1d&range=1d","https://query2.finance.yahoo.com/v1/finance/search?q=FLUXYS+BELGIUM&quotesCount=8&newsCount=0","https://stockanalysis.com/list/euronext-brussels/",""
"FFARM.AS","ForFarmers N.V.","FORFARMERS","FFARM","Euronext Amsterdam","EUR","EUR","1","Consumer Defensive","Packaged Foods","Biens de consommation courants","515264896","EUR","2026-09-16","quote date shown by market-cap source","provider raw value","2026-09-16","company matched to selected lookup listing","","","","229","https://finance.yahoo.com/quote/FFARM.AS/","https://finance.yahoo.com/quote/FFARM.AS/","https://query2.finance.yahoo.com/v1/finance/search?q=FORFARMERS&quotesCount=8&newsCount=0","https://finance.yahoo.com/quote/FFARM.AS/",""
"FTNT","Fortinet, Inc.","Fortinet","FTNT","Nasdaq Global Select Market","USD","USD","1","Technology","Software - Infrastructure","IT","126029996032","USD","2026-09-16","quote date shown by market-cap source","provider raw value","2026-09-16","company matched to selected lookup listing","","","","230","https://finance.yahoo.com/quote/FTNT/","https://finance.yahoo.com/quote/FTNT/","https://finance.yahoo.com/quote/FTNT/","https://finance.yahoo.com/quote/FTNT/",""
"FOXA","Fox Corporation","Fox Corp","FOXA","Nasdaq Global Select Market","USD","USD","1","Communication Services","Entertainment","Consommation discrétionnaire","27816144896","USD","2026-09-16","quote date shown by market-cap source","provider raw value","2026-09-16","share class not confirmed","share-class","Class A FOXA selected; Class B FOX also exists. Challenge share class not confirmed.","FOX","231","https://finance.yahoo.com/quote/FOXA/","https://finance.yahoo.com/quote/FOXA/","https://finance.yahoo.com/quote/FOXA/","https://finance.yahoo.com/quote/FOXA/",""
"FCX","Freeport-McMoRan Inc.","Freeport-McMoran","FCX","NYSE","USD","USD","1","Basic Materials","Copper","Matériaux","99429851136","USD","2026-09-16","quote date shown by market-cap source","provider raw value","2026-09-16","company matched to selected lookup listing","","","","232","https://finance.yahoo.com/quote/FCX/","https://finance.yahoo.com/quote/FCX/","https://finance.yahoo.com/quote/FCX/","https://finance.yahoo.com/quote/FCX/",""
"FME.DE","Fresenius Medical Care AG","FRESENIUS MEDICAL CARE AG","FME","Xetra","EUR","EUR","1","Healthcare","Medical Care Facilities","Soins de santé","10652369920","EUR","2026-09-16","quote date shown by market-cap source","provider raw value","2026-09-16","company matched to selected lookup listing","","","","233","https://finance.yahoo.com/quote/FME.DE/","https://finance.yahoo.com/quote/FME.DE/","https://finance.yahoo.com/quote/FME.DE/","https://finance.yahoo.com/quote/FME.DE/",""
"FRE.DE","Fresenius SE & Co. KGaA","FRESENIUS SE & CO. KGAA","FRE","Xetra","EUR","EUR","1","Healthcare","Medical Care Facilities","Soins de santé","25570000000","EUR","2026-09-16","quote date shown by market-cap source","rounded source display","2026-09-16","company matched to selected lookup listing","rounded-cap","","","234","https://stockanalysis.com/quote/etr/FRE/","https://query2.finance.yahoo.com/v8/finance/chart/FRE.DE?interval=1d&range=1d","https://query2.finance.yahoo.com/v1/finance/search?q=FRESENIUS+SE+%26+CO.+KGAA&quotesCount=8&newsCount=0","https://stockanalysis.com/quote/etr/FRE/",""
"FRES.L","Fresnillo plc","FRESNILLO PLC","FRES","London Stock Exchange","GBp","GBP","0.01","Basic Materials","Other Precious Metals & Mining","Matériaux","21010000000","GBP","2026-09-16","quote date shown by market-cap source","rounded source display","2026-09-16","company matched to selected lookup listing","rounded-cap","Quote currency is pence; market capitalization is in pounds (GBP).","","235","https://finance.yahoo.com/quote/FRES.L/","https://finance.yahoo.com/quote/FRES.L/","https://query2.finance.yahoo.com/v1/finance/search?q=FRESNILLO+PLC&quotesCount=8&newsCount=0","https://stockanalysis.com/quote/lon/FRES/",""
"FUR.AS","Fugro N.V.","FUGRO","FUR","Euronext Amsterdam","EUR","EUR","1","Energy","Oil & Gas Equipment & Services","Énergie","902921600","EUR","2026-09-16","quote date shown by market-cap source","provider raw value","2026-09-16","company matched to selected lookup listing","","","","236","https://finance.yahoo.com/quote/FUR.AS/","https://finance.yahoo.com/quote/FUR.AS/","https://query2.finance.yahoo.com/v1/finance/search?q=FUGRO&quotesCount=8&newsCount=0","https://finance.yahoo.com/quote/FUR.AS/",""
"GME","GameStop Corp.","GameStop Corp","GME","NYSE","USD","USD","1","Consumer Cyclical","Specialty Retail","Consommation discrétionnaire","11088931840","USD","2026-09-16","quote date shown by market-cap source","provider raw value","2026-09-16","company matched to selected lookup listing","","","","237","https://finance.yahoo.com/quote/GME/","https://finance.yahoo.com/quote/GME/","https://finance.yahoo.com/quote/GME/","https://finance.yahoo.com/quote/GME/",""
"IT","Gartner, Inc.","Gartner","IT","NYSE","USD","USD","1","Technology","Information Technology Services","IT","12097449984","USD","2026-09-16","quote date shown by market-cap source","provider raw value","2026-09-16","company matched to selected lookup listing","","","","238","https://finance.yahoo.com/quote/IT/","https://finance.yahoo.com/quote/IT/","https://finance.yahoo.com/quote/IT/","https://finance.yahoo.com/quote/IT/",""
"GEHC","GE HealthCare Technologies Inc.","GE HealthCare Technologies","GEHC","Nasdaq Global Select Market","USD","USD","1","Healthcare","Medical Devices","Soins de santé","28677560320","USD","2026-09-16","quote date shown by market-cap source","provider raw value","2026-09-16","company matched to selected lookup listing","","","","240","https://finance.yahoo.com/quote/GEHC/","https://finance.yahoo.com/quote/GEHC/","https://finance.yahoo.com/quote/GEHC/","https://finance.yahoo.com/quote/GEHC/",""
"GEN","Gen Digital Inc.","Gen Digital","GEN","Nasdaq Global Select Market","USD","USD","1","Technology","Software — Infrastructure","IT","18346690560","USD","2026-09-16","quote date shown by market-cap source","provider raw value","2026-09-16","company matched to selected lookup listing","","","","241","https://finance.yahoo.com/quote/GEN/","https://finance.yahoo.com/quote/GEN/","https://query2.finance.yahoo.com/v1/finance/search?q=Gen+Digital&quotesCount=8&newsCount=0","https://finance.yahoo.com/quote/GEN/",""
"GD","General Dynamics Corporation","General Dynamics Corp","GD","NYSE","USD","USD","1","Industrials","Aerospace & Defense","Industrie","97400586240","USD","2026-09-16","quote date shown by market-cap source","provider raw value","2026-09-16","company matched to selected lookup listing","","","","242","https://finance.yahoo.com/quote/GD/","https://finance.yahoo.com/quote/GD/","https://finance.yahoo.com/quote/GD/","https://finance.yahoo.com/quote/GD/",""
"GM","General Motors Company","General Motors Company","GM","NYSE","USD","USD","1","Consumer Cyclical","Auto Manufacturers","Consommation discrétionnaire","76236218368","USD","2026-09-16","quote date shown by market-cap source","provider raw value","2026-09-16","company matched to selected lookup listing","","","","243","https://finance.yahoo.com/quote/GM/","https://finance.yahoo.com/quote/GM/","https://finance.yahoo.com/quote/GM/","https://finance.yahoo.com/quote/GM/",""
"GMAB.CO","Genmab A/S","GENMAB AS","GMAB","Nasdaq Copenhagen","DKK","DKK","1","Healthcare","Biotechnology","Soins de santé","135954956288","DKK","2026-09-16","quote date shown by market-cap source","provider raw value","2026-09-16","company matched to selected lookup listing","","","","245","https://finance.yahoo.com/quote/GMAB.CO/","https://finance.yahoo.com/quote/GMAB.CO/","https://query2.finance.yahoo.com/v1/finance/search?q=GENMAB+AS&quotesCount=8&newsCount=0","https://finance.yahoo.com/quote/GMAB.CO/",""
"GNTX","Gentex Corporation","Gentex Corp","GNTX","Nasdaq Global Select Market","USD","USD","1","Consumer Cyclical","Auto Parts","Consommation discrétionnaire","4700344832","USD","2026-09-16","quote date shown by market-cap source","provider raw value","2026-09-16","company matched to selected lookup listing","","","","246","https://finance.yahoo.com/quote/GNTX/","https://finance.yahoo.com/quote/GNTX/","https://finance.yahoo.com/quote/GNTX/","https://finance.yahoo.com/quote/GNTX/",""
"GILD","Gilead Sciences, Inc.","Gilead Sciences","GILD","Nasdaq Global Select Market","USD","USD","1","Healthcare","Drug Manufacturers - General","Soins de santé","183116578816","USD","2026-09-16","quote date shown by market-cap source","provider raw value","2026-09-16","company matched to selected lookup listing","","","","247","https://finance.yahoo.com/quote/GILD/","https://finance.yahoo.com/quote/GILD/","https://finance.yahoo.com/quote/GILD/","https://finance.yahoo.com/quote/GILD/",""
"GIMB.BR","Gimv NV","GIMV","GIMB","Euronext Brussels","EUR","EUR","1","Financial Services","Asset Management","Finance","1710000000","EUR","2026-09-16","retrieval date of daily exchange list","rounded source display","2026-09-16","company matched to selected lookup listing","rounded-cap","","","248","https://stockanalysis.com/quote/ebr/GIMB/","https://query2.finance.yahoo.com/v8/finance/chart/GIMB.BR?interval=1d&range=1d","https://query2.finance.yahoo.com/v1/finance/search?q=GIMV&quotesCount=8&newsCount=0","https://stockanalysis.com/list/euronext-brussels/",""
"GLEN.L","Glencore plc","GLENCORE PLC","GLEN","London Stock Exchange","GBp","GBP","0.01","Basic Materials","Other Industrial Metals & Mining","Matériaux","66990153728","GBP","2026-09-16","quote date shown by market-cap source","provider raw value","2026-09-16","company matched to selected lookup listing","","Quote currency is pence; market capitalization is in pounds (GBP).","","249","https://finance.yahoo.com/quote/GLEN.L/","https://finance.yahoo.com/quote/GLEN.L/","https://finance.yahoo.com/quote/GLEN.L/","https://finance.yahoo.com/quote/GLEN.L/",""
"GFS","GLOBALFOUNDRIES Inc.","GlobalFoundries","GFS","Nasdaq Global Select Market","USD","USD","1","Technology","Semiconductors","Autres","23985723392","USD","2026-09-16","quote date shown by market-cap source","provider raw value","2026-09-16","company matched to selected lookup listing","","","","250","https://finance.yahoo.com/quote/GFS/","https://finance.yahoo.com/quote/GFS/","https://finance.yahoo.com/quote/GFS/","https://finance.yahoo.com/quote/GFS/",""
"GBLB.BR","Groupe Bruxelles Lambert SA","GBL","GBLB","Euronext Brussels","EUR","EUR","1","Financial Services","Asset Management","Finance","8930000000","EUR","2026-09-16","retrieval date of daily exchange list","rounded source display","2026-09-16","company matched to selected lookup listing","rounded-cap","","","239","https://stockanalysis.com/quote/ebr/GBLB/","https://query2.finance.yahoo.com/v8/finance/chart/GBLB.BR?interval=1d&range=1d","https://query2.finance.yahoo.com/v1/finance/search?q=GBL&quotesCount=8&newsCount=0","https://stockanalysis.com/list/euronext-brussels/",""
"FUL","H.B. Fuller Company","HB Fuller Company","FUL","NYSE","USD","USD","1","Basic Materials","Specialty Chemicals","Matériaux","2720000000","USD","2026-09-16","quote date shown by market-cap source","rounded source display","2026-09-16","company matched to selected lookup listing","rounded-cap","","","259","https://stockanalysis.com/stocks/ful/","https://query2.finance.yahoo.com/v8/finance/chart/FUL?interval=1d&range=1d","https://query2.finance.yahoo.com/v1/finance/search?q=FUL&quotesCount=3&newsCount=0","https://stockanalysis.com/stocks/ful/",""
"HAL.AS","HAL Trust","HAL TRUST","HAL","Euronext Amsterdam","EUR","EUR","1","Financial Services","Asset Management","Finance","14870000000","EUR","2026-09-16","retrieval date of daily exchange list","rounded source display","2026-09-16","company matched to selected lookup listing","rounded-cap","","","252","https://stockanalysis.com/quote/ams/HAL/","https://query2.finance.yahoo.com/v8/finance/chart/HAL.AS?interval=1d&range=1d","https://query2.finance.yahoo.com/v1/finance/search?q=HAL+TRUST&quotesCount=8&newsCount=0","https://stockanalysis.com/list/euronext-amsterdam/",""
"HLN.L","Haleon plc","HALEON PLC","HLN","London Stock Exchange","GBp","GBP","0.01","Healthcare","Drug Manufacturers - Specialty & Generic","Soins de santé","29886253056","GBP","2026-09-16","quote date shown by market-cap source","provider raw value","2026-09-16","company matched to selected lookup listing","","Quote currency is pence; market capitalization is in pounds (GBP).","","253","https://finance.yahoo.com/quote/HLN.L/","https://finance.yahoo.com/quote/HLN.L/","https://finance.yahoo.com/quote/HLN.L/","https://finance.yahoo.com/quote/HLN.L/",""
"HAL","Halliburton Company","Halliburton Company","HAL","NYSE","USD","USD","1","Energy","Oil & Gas Equipment & Services","Énergie","28751327232","USD","2026-09-16","quote date shown by market-cap source","provider raw value","2026-09-16","company matched to selected lookup listing","","","","254","https://finance.yahoo.com/quote/HAL/","https://finance.yahoo.com/quote/HAL/","https://finance.yahoo.com/quote/HAL/","https://finance.yahoo.com/quote/HAL/",""
"HOG","Harley-Davidson, Inc.","Harley-Davidson","HOG","NYSE","USD","USD","1","Consumer Cyclical","Recreational Vehicles","Consommation discrétionnaire","2793306112","USD","2026-09-16","quote date shown by market-cap source","provider raw value","2026-09-16","company matched to selected lookup listing","","","","255","https://finance.yahoo.com/quote/HOG/","https://finance.yahoo.com/quote/HOG/","https://query2.finance.yahoo.com/v1/finance/search?q=Harley-Davidson&quotesCount=8&newsCount=0","https://finance.yahoo.com/quote/HOG/",""
"HAS","Hasbro, Inc.","Hasbro","HAS","Nasdaq Global Select Market","USD","USD","1","Consumer Cyclical","Leisure","Consommation discrétionnaire","12595270656","USD","2026-09-16","quote date shown by market-cap source","provider raw value","2026-09-16","company matched to selected lookup listing","","","","257","https://finance.yahoo.com/quote/HAS/","https://finance.yahoo.com/quote/HAS/","https://query2.finance.yahoo.com/v1/finance/search?q=Hasbro&quotesCount=8&newsCount=0","https://finance.yahoo.com/quote/HAS/",""
"HAVAS.AS","Havas N.V.","HAVAS","HAVAS","Euronext Amsterdam","EUR","EUR","1","Communication Services","Advertising Agencies","Autres","1750000000","EUR","2026-09-16","retrieval date of daily exchange list","rounded source display","2026-09-16","company matched to selected lookup listing","rounded-cap","","","258","https://stockanalysis.com/quote/ams/HAVAS/","https://query2.finance.yahoo.com/v8/finance/chart/HAVAS.AS?interval=1d&range=1d","https://query2.finance.yahoo.com/v1/finance/search?q=HAVAS&quotesCount=8&newsCount=0","https://stockanalysis.com/list/euronext-amsterdam/",""
"HCA","HCA Healthcare, Inc.","HCA Healthcare","HCA","NYSE","USD","USD","1","Healthcare","Medical Care Facilities","Soins de santé","93188743168","USD","2026-09-16","quote date shown by market-cap source","provider raw value","2026-09-16","company matched to selected lookup listing","","","","260","https://finance.yahoo.com/quote/HCA/","https://finance.yahoo.com/quote/HCA/","https://finance.yahoo.com/quote/HCA/","https://finance.yahoo.com/quote/HCA/",""
"HL","Hecla Mining Company","Hecla Mining Company","HL","NYSE","USD","USD","1","Basic Materials","Other Precious Metals & Mining","Matériaux","12085113856","USD","2026-09-16","quote date shown by market-cap source","provider raw value","2026-09-16","company matched to selected lookup listing","","","","261","https://finance.yahoo.com/quote/HL/","https://finance.yahoo.com/quote/HL/","https://finance.yahoo.com/quote/HL/","https://finance.yahoo.com/quote/HL/",""
"HEI.DE","Heidelberg Materials AG","HEIDELBERG MATERIALS AG","HEI","Xetra","EUR","EUR","1","Basic Materials","Building Materials","Matériaux","26140000000","EUR","2026-09-16","quote date shown by market-cap source","rounded source display","2026-09-16","company matched to selected lookup listing","rounded-cap","","","262","https://stockanalysis.com/quote/etr/HEI/","https://query2.finance.yahoo.com/v8/finance/chart/HEI.DE?interval=1d&range=1d","https://query2.finance.yahoo.com/v1/finance/search?q=HEIDELBERG+MATERIALS+AG&quotesCount=8&newsCount=0","https://stockanalysis.com/quote/etr/HEI/",""
"HDD.DE","Heidelberger Druckmaschinen Aktiengesellschaft","HEIDELBERGER DRUCKMASCHINEN AG","HDD","Xetra","EUR","EUR","1","Industrials","Specialty Industrial Machinery","Industrie","418770000","EUR","2026-09-16","quote date shown by market-cap source","rounded source display","2026-09-16","company matched to selected lookup listing","rounded-cap","","","263","https://finance.yahoo.com/quote/HDD.DE/","https://finance.yahoo.com/quote/HDD.DE/","https://finance.yahoo.com/quote/HDD.DE/","https://stockanalysis.com/quote/etr/HDD/",""
"HEIO.AS","Heineken Holding N.V.","HEINEKEN HOLDING","HEIO","Euronext Amsterdam","EUR","EUR","1","Consumer Defensive","Beverages - Brewers","Biens de consommation courants","18509357056","EUR","2026-09-16","quote date shown by market-cap source","provider raw value","2026-09-16","company matched to selected lookup listing","","","","265","https://finance.yahoo.com/quote/HEIO.AS/","https://finance.yahoo.com/quote/HEIO.AS/","https://finance.yahoo.com/quote/HEIO.AS/","https://finance.yahoo.com/quote/HEIO.AS/",""
"HEIA.AS","Heineken N.V.","HEINEKEN","HEIA","Euronext Amsterdam","EUR","EUR","1","Consumer Defensive","Beverages — Brewers","Biens de consommation courants","39723376640","EUR","2026-09-16","quote date shown by market-cap source","provider raw value","2026-09-16","company matched to selected lookup listing","","","","264","https://finance.yahoo.com/quote/HEIA.AS/","https://finance.yahoo.com/quote/HEIA.AS/","https://query2.finance.yahoo.com/v1/finance/search?q=HEINEKEN&quotesCount=8&newsCount=0","https://finance.yahoo.com/quote/HEIA.AS/",""
"HFG.DE","HelloFresh SE","HELLOFRESH SE","HFG","Xetra","EUR","EUR","1","Consumer Defensive","Grocery Stores","Biens de consommation courants","393350000","EUR","2026-09-16","quote date shown by market-cap source","rounded source display","2026-09-16","company matched to selected lookup listing","rounded-cap","","","266","https://stockanalysis.com/quote/etr/HFG/","https://query2.finance.yahoo.com/v8/finance/chart/HFG.DE?interval=1d&range=1d","https://query2.finance.yahoo.com/v1/finance/search?q=HELLOFRESH+SE&quotesCount=8&newsCount=0","https://stockanalysis.com/quote/etr/HFG/",""
"HEN3.DE","Henkel AG & Co. KGaA","HENKEL AG & CO. KGAA","HEN3","Xetra","EUR","EUR","1","Consumer Defensive","Household & Personal Products","Biens de consommation courants","28150000000","EUR","2026-09-16","quote date shown by market-cap source","rounded source display","2026-09-16","share class not confirmed","share-class; rounded-cap","Preferred shares HEN3 selected; ordinary shares HEN also exist. Challenge share class not confirmed.","HEN.DE","267","https://stockanalysis.com/quote/etr/HEN3/","https://query2.finance.yahoo.com/v8/finance/chart/HEN3.DE?interval=1d&range=1d","https://query2.finance.yahoo.com/v1/finance/search?q=HENKEL+AG+%26+CO.+KGAA&quotesCount=8&newsCount=0","https://stockanalysis.com/quote/etr/HEN3/",""
"RMS.PA","Hermès International Société en commandite par actions","HERMES INTL","RMS","Euronext Paris","EUR","EUR","1","Consumer Cyclical","Luxury Goods","Consommation discrétionnaire","144857759744","EUR","2026-09-16","quote date shown by market-cap source","provider raw value","2026-09-16","company matched to selected lookup listing","","","","268","https://finance.yahoo.com/quote/RMS.PA/","https://finance.yahoo.com/quote/RMS.PA/","https://finance.yahoo.com/quote/RMS.PA/","https://finance.yahoo.com/quote/RMS.PA/",""
"HPE","Hewlett Packard Enterprise Company","Hewlett Packard Enterprise Company","HPE","NYSE","USD","USD","1","Technology","Communication Equipment","IT","75240710144","USD","2026-09-16","quote date shown by market-cap source","provider raw value","2026-09-16","company matched to selected lookup listing","","","","269","https://finance.yahoo.com/quote/HPE/","https://finance.yahoo.com/quote/HPE/","https://finance.yahoo.com/quote/HPE/","https://finance.yahoo.com/quote/HPE/",""
"HLT","Hilton Worldwide Holdings Inc.","Hilton Worldwide Holdings","HLT","NYSE","USD","USD","1","Consumer Cyclical","Lodging","Consommation discrétionnaire","68786593792","USD","2026-09-16","quote date shown by market-cap source","provider raw value","2026-09-16","company matched to selected lookup listing","","","","270","https://finance.yahoo.com/quote/HLT/","https://finance.yahoo.com/quote/HLT/","https://finance.yahoo.com/quote/HLT/","https://finance.yahoo.com/quote/HLT/",""
"HOLN.SW","Holcim AG","HOLCIM LTD.","HOLN","SIX Swiss Exchange","CHF","CHF","1","Basic Materials","Building Materials","Matériaux","37866946560","CHF","2026-09-16","quote date shown by market-cap source","provider raw value","2026-09-16","company matched to selected lookup listing","","","","271","https://finance.yahoo.com/quote/HOLN.SW/","https://finance.yahoo.com/quote/HOLN.SW/","https://finance.yahoo.com/quote/HOLN.SW/","https://finance.yahoo.com/quote/HOLN.SW/",""
"HOLCO.AS","Holland Colours N.V.","Holland Colours","HOLCO","Euronext Amsterdam","EUR","EUR","1","Basic Materials","Specialty Chemicals","Autres","68830000","EUR","2026-09-16","retrieval date of daily exchange list","rounded source display","2026-09-16","company matched to selected lookup listing","rounded-cap","","","272","https://stockanalysis.com/quote/ams/HOLCO/","https://query2.finance.yahoo.com/v8/finance/chart/HOLCO.AS?interval=1d&range=1d","https://query2.finance.yahoo.com/v1/finance/search?q=Holland+Colours&quotesCount=8&newsCount=0","https://stockanalysis.com/list/euronext-amsterdam/",""
"HOMI.BR","Home Invest Belgium S.A.","HOME INVEST BELGIUM","HOMI","Euronext Brussels","EUR","EUR","1","Real Estate","REIT — Residential","Immobilier","359610000","EUR","2026-09-16","retrieval date of daily exchange list","rounded source display","2026-09-16","company matched to selected lookup listing","rounded-cap","","","274","https://stockanalysis.com/quote/ebr/HOMI/","https://query2.finance.yahoo.com/v8/finance/chart/HOMI.BR?interval=1d&range=1d","https://query2.finance.yahoo.com/v1/finance/search?q=HOME+INVEST+BELGIUM&quotesCount=8&newsCount=0","https://stockanalysis.com/list/euronext-brussels/",""
"HON","Honeywell International Inc.","Honeywell International Inc","HON","Nasdaq Global Select Market","USD","USD","1","Industrials","Conglomerates","Industrie","65815760896","USD","2026-09-16","quote date shown by market-cap source","provider raw value","2026-09-16","company matched to selected lookup listing","","","","275","https://finance.yahoo.com/quote/HON/","https://finance.yahoo.com/quote/HON/","https://finance.yahoo.com/quote/HON/","https://finance.yahoo.com/quote/HON/",""
"HPQ","HP Inc.","HP","HPQ","NYSE","USD","USD","1","Technology","Computer Hardware","IT","29488566272","USD","2026-09-16","quote date shown by market-cap source","provider raw value","2026-09-16","company matched to selected lookup listing","","","","276","https://finance.yahoo.com/quote/HPQ/","https://finance.yahoo.com/quote/HPQ/","https://finance.yahoo.com/quote/HPQ/","https://finance.yahoo.com/quote/HPQ/",""
"HSBA.L","HSBC Holdings plc","HSBC HOLDINGS PLC","HSBA","London Stock Exchange","GBp","GBP","0.01","Financial Services","Banks — Diversified","Autres","257670000000","GBP","2026-09-16","quote date shown by market-cap source","rounded source display","2026-09-16","company matched to selected lookup listing","rounded-cap","Quote currency is pence; market capitalization is in pounds (GBP).","","277","https://stockanalysis.com/quote/lon/HSBA/","https://query2.finance.yahoo.com/v8/finance/chart/HSBA.L?interval=1d&range=1d","https://query2.finance.yahoo.com/v1/finance/search?q=HSBC+HOLDINGS+PLC&quotesCount=8&newsCount=0","https://stockanalysis.com/quote/lon/HSBA/",""
"HYDRA.AS","Hydratec Industries NV","HYDRATEC Gewone aandelen","HYDRA","Euronext Amsterdam","EUR","EUR","1","Industrials","Farm & Heavy Construction Machinery","Autres","363957440","EUR","2026-09-16","quote date shown by market-cap source","provider raw value","2026-09-16","company matched to selected lookup listing","","","","278","https://finance.yahoo.com/quote/HYDRA.AS/","https://finance.yahoo.com/quote/HYDRA.AS/","https://query2.finance.yahoo.com/v1/finance/search?q=HYDRATEC+Gewone+aandelen&quotesCount=8&newsCount=0","https://finance.yahoo.com/quote/HYDRA.AS/",""
"IDXX","IDEXX Laboratories, Inc.","IDEXX Laboratories","IDXX","Nasdaq Global Select Market","USD","USD","1","Healthcare","Diagnostics & Research","Soins de santé","40463556608","USD","2026-09-16","quote date shown by market-cap source","provider raw value","2026-09-16","company matched to selected lookup listing","","","","279","https://finance.yahoo.com/quote/IDXX/","https://finance.yahoo.com/quote/IDXX/","https://finance.yahoo.com/quote/IDXX/","https://finance.yahoo.com/quote/IDXX/",""
"ITW","Illinois Tool Works Inc.","Illinois Tool Works","ITW","NYSE","USD","USD","1","Industrials","Specialty Industrial Machinery","Industrie","76135579648","USD","2026-09-16","quote date shown by market-cap source","provider raw value","2026-09-16","company matched to selected lookup listing","","","","280","https://finance.yahoo.com/quote/ITW/","https://finance.yahoo.com/quote/ITW/","https://query2.finance.yahoo.com/v1/finance/search?q=Illinois+Tool+Works&quotesCount=8&newsCount=0","https://finance.yahoo.com/quote/ITW/",""
"IMCD.AS","IMCD N.V.","IMCD","IMCD","Euronext Amsterdam","EUR","EUR","1","Basic Materials","Specialty Chemicals","Matériaux","5640000000","EUR","2026-09-16","retrieval date of daily exchange list","rounded source display","2026-09-16","company matched to selected lookup listing","rounded-cap","","","281","https://stockanalysis.com/quote/ams/IMCD/","https://query2.finance.yahoo.com/v8/finance/chart/IMCD.AS?interval=1d&range=1d","https://query2.finance.yahoo.com/v1/finance/search?q=IMCD&quotesCount=8&newsCount=0","https://stockanalysis.com/list/euronext-amsterdam/",""
"IMMO.BR","Immobel SA","IMMOBEL","IMMO","Euronext Brussels","EUR","EUR","1","Real Estate","Real Estate — Development","Immobilier","197910000","EUR","2026-09-16","retrieval date of daily exchange list","rounded source display","2026-09-16","company matched to selected lookup listing","rounded-cap","","","282","https://stockanalysis.com/quote/ebr/IMMO/","https://query2.finance.yahoo.com/v8/finance/chart/IMMO.BR?interval=1d&range=1d","https://query2.finance.yahoo.com/v1/finance/search?q=IMMOBEL&quotesCount=8&newsCount=0","https://stockanalysis.com/list/euronext-brussels/",""
"INCY","Incyte Corporation","Incyte Corp","INCY","Nasdaq Global Select Market","USD","USD","1","Healthcare","Biotechnology","Soins de santé","25286543360","USD","2026-09-16","quote date shown by market-cap source","provider raw value","2026-09-16","company matched to selected lookup listing","","","","283","https://finance.yahoo.com/quote/INCY/","https://finance.yahoo.com/quote/INCY/","https://finance.yahoo.com/quote/INCY/","https://finance.yahoo.com/quote/INCY/",""
"ITX.MC","Industria de Diseño Textil, S.A.","INDUSTRIA DE DISENO TEXTIL SA","ITX","Bolsa de Madrid","EUR","EUR","1","Consumer Cyclical","Apparel Retail","Consommation discrétionnaire","164410179584","EUR","2026-09-16","quote date shown by market-cap source","provider raw value","2026-09-16","company matched to selected lookup listing","","","","284","https://finance.yahoo.com/quote/ITX.MC/","https://finance.yahoo.com/quote/ITX.MC/","https://query2.finance.yahoo.com/v1/finance/search?q=ITX.MC&quotesCount=3&newsCount=0","https://finance.yahoo.com/quote/ITX.MC/",""
"IFX.DE","Infineon Technologies AG","INFINEON TECHNOLOGIES AG","IFX","Xetra","EUR","EUR","1","Technology","Semiconductors","IT","71472480256","EUR","2026-09-16","quote date shown by market-cap source","provider raw value","2026-09-16","company matched to selected lookup listing","","","","285","https://finance.yahoo.com/quote/IFX.DE/","https://finance.yahoo.com/quote/IFX.DE/","https://finance.yahoo.com/quote/IFX.DE/","https://finance.yahoo.com/quote/IFX.DE/",""
"INGA.AS","ING Groep N.V.","ING GROEP N.V.","INGA","Euronext Amsterdam","EUR","EUR","1","Financial Services","Banks — Diversified","Finance","91027644416","EUR","2026-09-16","quote date shown by market-cap source","provider raw value","2026-09-16","company matched to selected lookup listing","","","","286","https://finance.yahoo.com/quote/INGA.AS/","https://finance.yahoo.com/quote/INGA.AS/","https://query2.finance.yahoo.com/v1/finance/search?q=ING+GROEP+N.V.&quotesCount=8&newsCount=0","https://finance.yahoo.com/quote/INGA.AS/",""
"INPST.AS","InPost S.A.","INPOST S.A.","INPST","Euronext Amsterdam","EUR","EUR","1","Industrials","Integrated Freight & Logistics","Industrie","7773762560","EUR","2026-09-16","quote date shown by market-cap source","provider raw value","2026-09-16","company matched to selected lookup listing","","","","287","https://finance.yahoo.com/quote/INPST.AS/","https://finance.yahoo.com/quote/INPST.AS/","https://finance.yahoo.com/quote/INPST.AS/","https://finance.yahoo.com/quote/INPST.AS/",""
"INTC","Intel Corporation","Intel Corp","INTC","Nasdaq Global Select Market","USD","USD","1","Technology","Semiconductors","IT","534160932864","USD","2026-09-16","quote date shown by market-cap source","provider raw value","2026-09-16","company matched to selected lookup listing","","","","288","https://finance.yahoo.com/quote/INTC/","https://finance.yahoo.com/quote/INTC/","https://finance.yahoo.com/quote/INTC/","https://finance.yahoo.com/quote/INTC/",""
"IBM","International Business Machines Corporation","International Business Machines Corp","IBM","NYSE","USD","USD","1","Technology","Information Technology Services","IT","223747506176","USD","2026-09-16","quote date shown by market-cap source","provider raw value","2026-09-16","company matched to selected lookup listing","","","","289","https://finance.yahoo.com/quote/IBM/","https://finance.yahoo.com/quote/IBM/","https://finance.yahoo.com/quote/IBM/","https://finance.yahoo.com/quote/IBM/",""
"INTU","Intuit Inc.","Intuit","INTU","Nasdaq Global Select Market","USD","USD","1","Technology","Software - Application","IT","85015789568","USD","2026-09-16","quote date shown by market-cap source","provider raw value","2026-09-16","company matched to selected lookup listing","","","","290","https://finance.yahoo.com/quote/INTU/","https://finance.yahoo.com/quote/INTU/","https://finance.yahoo.com/quote/INTU/","https://finance.yahoo.com/quote/INTU/",""
"ISRG","Intuitive Surgical, Inc.","Intuitive Surgical","ISRG","Nasdaq Global Select Market","USD","USD","1","Healthcare","Medical Instruments & Supplies","Soins de santé","136966119424","USD","2026-09-16","quote date shown by market-cap source","provider raw value","2026-09-16","company matched to selected lookup listing","","","","291","https://finance.yahoo.com/quote/ISRG/","https://finance.yahoo.com/quote/ISRG/","https://finance.yahoo.com/quote/ISRG/","https://finance.yahoo.com/quote/ISRG/",""
"IVA.PA","Inventiva S.A.","INVENTIVA","IVA","Euronext Paris","EUR","EUR","1","Healthcare","Biotechnology","Soins de santé","811620000","EUR","2026-09-16","quote date shown by market-cap source","rounded source display","2026-09-16","company matched to selected lookup listing","rounded-cap","","","292","https://stockanalysis.com/quote/epa/IVA/","https://query2.finance.yahoo.com/v8/finance/chart/IVA.PA?interval=1d&range=1d","https://query2.finance.yahoo.com/v1/finance/search?q=INVENTIVA&quotesCount=8&newsCount=0","https://stockanalysis.com/quote/epa/IVA/",""
"IBAB.BR","Ion Beam Applications SA","ION BEAM APPLICATIONS","IBAB","Euronext Brussels","EUR","EUR","1","Healthcare","Medical Devices","Soins de santé","443153632","EUR","2026-09-16","quote date shown by market-cap source","provider raw value","2026-09-16","company matched to selected lookup listing","","","","293","https://finance.yahoo.com/quote/IBAB.BR/","https://finance.yahoo.com/quote/IBAB.BR/","https://finance.yahoo.com/quote/IBAB.BR/","https://finance.yahoo.com/quote/IBAB.BR/",""
"IREN","IREN Limited","Iris Energy Limited","IREN","Nasdaq Global Select Market","USD","USD","1","Financial Services","Capital Markets","Autres","16794779648","USD","2026-09-16","quote date shown by market-cap source","provider raw value","2026-09-16","company matched to selected lookup listing","","Challenge uses the former name Iris Energy; current name is IREN.","","294","https://finance.yahoo.com/quote/IREN/","https://finance.yahoo.com/quote/IREN/","https://finance.yahoo.com/quote/IREN/","https://finance.yahoo.com/quote/IREN/",""
"ITT","ITT Inc.","ITT","ITT","NYSE","USD","USD","1","Industrials","Specialty Industrial Machinery","Industrie","17350000000","USD","2026-09-16","quote date shown by market-cap source","rounded source display","2026-09-16","company matched to selected lookup listing","rounded-cap","","","295","https://finance.yahoo.com/quote/ITT/","https://finance.yahoo.com/quote/ITT/","https://finance.yahoo.com/quote/ITT/","https://stockanalysis.com/stocks/itt/",""
"JEN.BR","Jensen-Group NV","JENSEN-GROUP","JEN","Euronext Brussels","EUR","EUR","1","Industrials","Specialty Industrial Machinery","Industrie","689970000","EUR","2026-09-16","retrieval date of daily exchange list","rounded source display","2026-09-16","company matched to selected lookup listing","rounded-cap","","","296","https://stockanalysis.com/quote/ebr/JEN/","https://query2.finance.yahoo.com/v8/finance/chart/JEN.BR?interval=1d&range=1d","https://query2.finance.yahoo.com/v1/finance/search?q=JENSEN-GROUP&quotesCount=8&newsCount=0","https://stockanalysis.com/list/euronext-brussels/",""
"JNJ","Johnson & Johnson","Johnson & Johnson","JNJ","NYSE","USD","USD","1","Healthcare","Drug Manufacturers - General","Soins de santé","644117692416","USD","2026-09-16","quote date shown by market-cap source","provider raw value","2026-09-16","company matched to selected lookup listing","","","","297","https://finance.yahoo.com/quote/JNJ/","https://finance.yahoo.com/quote/JNJ/","https://finance.yahoo.com/quote/JNJ/","https://finance.yahoo.com/quote/JNJ/",""
"JPM","JPMorgan Chase & Co.","JPMorgan Chase & Co","JPM","NYSE","USD","USD","1","Financial Services","Banks - Diversified","Finance","927494373376","USD","2026-09-16","quote date shown by market-cap source","provider raw value","2026-09-16","company matched to selected lookup listing","","","","298","https://finance.yahoo.com/quote/JPM/","https://finance.yahoo.com/quote/JPM/","https://finance.yahoo.com/quote/JPM/","https://finance.yahoo.com/quote/JPM/",""
"JUVE.MI","Juventus Football Club S.p.A.","JUVENTUS FOOTBALL CLUB S.P.A.","JUVE","Borsa Italiana (Euronext Milan)","EUR","EUR","1","Communication Services","Entertainment","Consommation discrétionnaire","786526080","EUR","2026-09-16","quote date shown by market-cap source","provider raw value","2026-09-16","company matched to selected lookup listing","","","","299","https://finance.yahoo.com/quote/JUVE.MI/","https://finance.yahoo.com/quote/JUVE.MI/","https://query2.finance.yahoo.com/v1/finance/search?q=JUVENTUS+FOOTBALL+CLUB+S.P.A.&quotesCount=8&newsCount=0","https://finance.yahoo.com/quote/JUVE.MI/",""
"KBCA.BR","KBC Ancora SA","KBC ANCORA ord","KBCA","Euronext Brussels","EUR","EUR","1","Financial Services","Asset Management","Finance","7250000000","EUR","2026-09-16","retrieval date of daily exchange list","rounded source display","2026-09-16","company matched to selected lookup listing","rounded-cap","","","301","https://stockanalysis.com/quote/ebr/KBCA/","https://query2.finance.yahoo.com/v8/finance/chart/KBCA.BR?interval=1d&range=1d","https://query2.finance.yahoo.com/v1/finance/search?q=KBC+ANCORA+ord&quotesCount=8&newsCount=0","https://stockanalysis.com/list/euronext-brussels/",""
"KBC.BR","KBC Group NV","KBC","KBC","Euronext Brussels","EUR","EUR","1","Financial Services","Banks - Regional","Finance","51970000000","EUR","2026-09-16","retrieval date of daily exchange list","rounded source display","2026-09-16","company matched to selected lookup listing","rounded-cap","","","300","https://finance.yahoo.com/quote/KBC.BR/","https://finance.yahoo.com/quote/KBC.BR/","https://finance.yahoo.com/quote/KBC.BR/","https://stockanalysis.com/list/euronext-brussels/",""
"KEEL","Keel Infrastructure Corp.","Keel Infrastructure Group","KEEL","Nasdaq Global Market","USD","USD","1","Technology","Information Technology Services","Industrie","2099748864","USD","2026-09-16","quote date shown by market-cap source","provider raw value","2026-09-16","company matched to selected lookup listing","","Keel Infrastructure is the successor to Bitfarms; current Nasdaq ticker KEEL.","","302","https://finance.yahoo.com/quote/KEEL/","https://finance.yahoo.com/quote/KEEL/","https://finance.yahoo.com/quote/KEEL/","https://finance.yahoo.com/quote/KEEL/","https://ir.keelinfra.com/faq"
"KENDR.AS","Kendrion N.V.","KENDRION N.V.","KENDR","Euronext Amsterdam","EUR","EUR","1","Industrials","Specialty Industrial Machinery","Industrie","287680000","EUR","2026-09-16","retrieval date of daily exchange list","rounded source display","2026-09-16","company matched to selected lookup listing","rounded-cap","","","303","https://finance.yahoo.com/quote/KENDR.AS/","https://finance.yahoo.com/quote/KENDR.AS/","https://finance.yahoo.com/quote/KENDR.AS/","https://stockanalysis.com/list/euronext-amsterdam/",""
"KER.PA","Kering SA","KERING","KER","Euronext Paris","EUR","EUR","1","Consumer Cyclical","Luxury Goods","Consommation discrétionnaire","29183168512","EUR","2026-09-16","quote date shown by market-cap source","provider raw value","2026-09-16","company matched to selected lookup listing","","","","304","https://finance.yahoo.com/quote/KER.PA/","https://finance.yahoo.com/quote/KER.PA/","https://finance.yahoo.com/quote/KER.PA/","https://finance.yahoo.com/quote/KER.PA/",""
"KDP","Keurig Dr Pepper Inc.","Keurig Dr Pepper","KDP","Nasdaq Global Select Market","USD","USD","1","Consumer Defensive","Beverages - Non-Alcoholic","Biens de consommation courants","43274264576","USD","2026-09-16","quote date shown by market-cap source","provider raw value","2026-09-16","company matched to selected lookup listing","","","","305","https://finance.yahoo.com/quote/KDP/","https://finance.yahoo.com/quote/KDP/","https://finance.yahoo.com/quote/KDP/","https://finance.yahoo.com/quote/KDP/",""
"KMB","Kimberly-Clark Corporation","Kimberly-Clark Corp","KMB","Nasdaq Global Select Market","USD","USD","1","Consumer Defensive","Household & Personal Products","Autres","32626003968","USD","2026-09-16","quote date shown by market-cap source","provider raw value","2026-09-16","company matched to selected lookup listing","","","","306","https://finance.yahoo.com/quote/KMB/","https://finance.yahoo.com/quote/KMB/","https://finance.yahoo.com/quote/KMB/","https://finance.yahoo.com/quote/KMB/",""
"KIN.BR","Kinepolis Group NV","KINEPOLIS GROUP","KIN","Euronext Brussels","EUR","EUR","1","Communication Services","Entertainment","Consommation discrétionnaire","1310000000","EUR","2026-09-16","retrieval date of daily exchange list","rounded source display","2026-09-16","company matched to selected lookup listing","rounded-cap","","","307","https://finance.yahoo.com/quote/KIN.BR/","https://finance.yahoo.com/quote/KIN.BR/","https://finance.yahoo.com/quote/KIN.BR/","https://stockanalysis.com/list/euronext-brussels/",""
"KLAC","KLA Corporation","KLA Corp","KLAC","Nasdaq Global Select Market","USD","USD","1","Technology","Semiconductor Equipment & Materials","IT","218663682048","USD","2026-09-16","quote date shown by market-cap source","provider raw value","2026-09-16","company matched to selected lookup listing","","","","308","https://finance.yahoo.com/quote/KLAC/","https://finance.yahoo.com/quote/KLAC/","https://finance.yahoo.com/quote/KLAC/","https://finance.yahoo.com/quote/KLAC/",""
"AD.AS","Koninklijke Ahold Delhaize N.V.","KONINKLIJKE AHOLD DELHAIZE N.V.","AD","Euronext Amsterdam","EUR","EUR","1","Consumer Defensive","Grocery Stores","Biens de consommation courants","28073973760","EUR","2026-09-16","quote date shown by market-cap source","provider raw value","2026-09-16","company matched to selected lookup listing","","","","310","https://finance.yahoo.com/quote/AD.AS/","https://finance.yahoo.com/quote/AD.AS/","https://finance.yahoo.com/quote/AD.AS/","https://finance.yahoo.com/quote/AD.AS/",""
"BAMNB.AS","Koninklijke BAM Groep nv","Koninklijke BAM Groep N.V.","BAMNB","Euronext Amsterdam","EUR","EUR","1","Industrials","Engineering & Construction","Industrie","3033574400","EUR","2026-09-16","quote date shown by market-cap source","provider raw value","2026-09-16","company matched to selected lookup listing","","","","311","https://finance.yahoo.com/quote/BAMNB.AS/","https://finance.yahoo.com/quote/BAMNB.AS/","https://query2.finance.yahoo.com/v1/finance/search?q=Koninklijke+BAM+Groep+N.V.&quotesCount=8&newsCount=0","https://finance.yahoo.com/quote/BAMNB.AS/",""
"HEIJM.AS","Koninklijke Heijmans N.V.","Koninklijke Heijmans N.V.","HEIJM","Euronext Amsterdam","EUR","EUR","1","Industrials","Engineering & Construction","Industrie","2400000000","EUR","2026-09-16","retrieval date of daily exchange list","rounded source display","2026-09-16","company matched to selected lookup listing","rounded-cap","","","312","https://stockanalysis.com/quote/ams/HEIJM/","https://query2.finance.yahoo.com/v8/finance/chart/HEIJM.AS?interval=1d&range=1d","https://query2.finance.yahoo.com/v1/finance/search?q=Koninklijke+Heijmans+N.V.&quotesCount=8&newsCount=0","https://stockanalysis.com/list/euronext-amsterdam/",""
"KPN.AS","Koninklijke KPN N.V.","KPN KON","KPN","Euronext Amsterdam","EUR","EUR","1","Communication Services","Telecom Services","Services publics","15895720960","EUR","2026-09-16","quote date shown by market-cap source","provider raw value","2026-09-16","company matched to selected lookup listing","","","","314","https://finance.yahoo.com/quote/KPN.AS/","https://finance.yahoo.com/quote/KPN.AS/","https://query2.finance.yahoo.com/v1/finance/search?q=KPN+KON&quotesCount=8&newsCount=0","https://finance.yahoo.com/quote/KPN.AS/",""
"PHIA.AS","Koninklijke Philips N.V.","KON.PHILIPS N.V.","PHIA","Euronext Amsterdam","EUR","EUR","1","Healthcare","Medical Devices","Soins de santé","21200402432","EUR","2026-09-16","quote date shown by market-cap source","provider raw value","2026-09-16","company matched to selected lookup listing","","","","309","https://finance.yahoo.com/quote/PHIA.AS/","https://finance.yahoo.com/quote/PHIA.AS/","https://query2.finance.yahoo.com/v1/finance/search?q=KON.PHILIPS+N.V.&quotesCount=8&newsCount=0","https://finance.yahoo.com/quote/PHIA.AS/",""
"VPK.AS","Koninklijke Vopak N.V.","VOPAK","VPK","Euronext Amsterdam","EUR","EUR","1","Energy","Oil & Gas Midstream","Énergie","5490000000","EUR","2026-09-16","retrieval date of daily exchange list","rounded source display","2026-09-16","company matched to selected lookup listing","rounded-cap","","","548","https://stockanalysis.com/quote/ams/VPK/","https://query2.finance.yahoo.com/v8/finance/chart/VPK.AS?interval=1d&range=1d","https://query2.finance.yahoo.com/v1/finance/search?q=VOPAK&quotesCount=8&newsCount=0","https://stockanalysis.com/list/euronext-amsterdam/",""
"AI.PA","L'Air Liquide S.A.","AIR LIQUIDE","AI","Euronext Paris","EUR","EUR","1","Basic Materials","Specialty Chemicals","Matériaux","106203242496","EUR","2026-09-16","quote date shown by market-cap source","provider raw value","2026-09-16","company matched to selected lookup listing","","","","27","https://finance.yahoo.com/quote/AI.PA/","https://finance.yahoo.com/quote/AI.PA/","https://finance.yahoo.com/quote/AI.PA/","https://finance.yahoo.com/quote/AI.PA/",""
"OR.PA","L'Oréal S.A.","L'OREAL","OR","Euronext Paris","EUR","EUR","1","Consumer Defensive","Household & Personal Products","Biens de consommation courants","203418959872","EUR","2026-09-16","quote date shown by market-cap source","provider raw value","2026-09-16","company matched to selected lookup listing","","","","316","https://finance.yahoo.com/quote/OR.PA/","https://finance.yahoo.com/quote/OR.PA/","https://finance.yahoo.com/quote/OR.PA/","https://finance.yahoo.com/quote/OR.PA/",""
"LHX","L3Harris Technologies, Inc.","L3Harris Technologies","LHX","NYSE","USD","USD","1","Industrials","Aerospace & Defense","Industrie","46691454976","USD","2026-09-16","quote date shown by market-cap source","provider raw value","2026-09-16","company matched to selected lookup listing","","","","317","https://finance.yahoo.com/quote/LHX/","https://finance.yahoo.com/quote/LHX/","https://finance.yahoo.com/quote/LHX/","https://finance.yahoo.com/quote/LHX/",""
"LKFT.AS","Lakefront Biotherapeutics NV","Lakefront Biotherapeutics","LKFT","Euronext Amsterdam","EUR","EUR","1","Healthcare","Biotechnology","Soins de santé","1550000000","EUR","2026-09-16","retrieval date of daily exchange list","rounded source display","2026-09-16","company matched to selected lookup listing","rounded-cap","Formerly Galapagos (GLPG); renamed Lakefront Biotherapeutics (LKFT) in May 2026. Amsterdam ordinary shares selected.","","318","https://stockanalysis.com/quote/ams/LKFT/","https://query2.finance.yahoo.com/v8/finance/chart/LKFT.AS?interval=1d&range=1d","https://query2.finance.yahoo.com/v1/finance/search?q=Lakefront+Biotherapeutics&quotesCount=8&newsCount=0","https://stockanalysis.com/list/euronext-amsterdam/","https://lakefrontbio.com/press-releases/galapagos-reports-first-quarter-2026-financial-results-and-provides-business-update/"
"LRCX","Lam Research Corporation","Lam Research Corp","LRCX","Nasdaq Global Select Market","USD","USD","1","Technology","Semiconductor Equipment & Materials","IT","336893149184","USD","2026-09-16","quote date shown by market-cap source","provider raw value","2026-09-16","company matched to selected lookup listing","","","","319","https://finance.yahoo.com/quote/LRCX/","https://finance.yahoo.com/quote/LRCX/","https://finance.yahoo.com/quote/LRCX/","https://finance.yahoo.com/quote/LRCX/",""
"LR.PA","Legrand SA","LEGRAND","LR","Euronext Paris","EUR","EUR","1","Industrials","Electrical Equipment & Parts","Industrie","35463970816","EUR","2026-09-16","quote date shown by market-cap source","provider raw value","2026-09-16","company matched to selected lookup listing","","","","320","https://finance.yahoo.com/quote/LR.PA/","https://finance.yahoo.com/quote/LR.PA/","https://query2.finance.yahoo.com/v1/finance/search?q=LEGRAND&quotesCount=8&newsCount=0","https://finance.yahoo.com/quote/LR.PA/",""
"LIN","Linde plc","Linde plc","LIN","Nasdaq Global Select Market","USD","USD","1","Basic Materials","Specialty Chemicals","Matériaux","213014315008","USD","2026-09-16","quote date shown by market-cap source","provider raw value","2026-09-16","company matched to selected lookup listing","","","","321","https://finance.yahoo.com/quote/LIN/","https://finance.yahoo.com/quote/LIN/","https://finance.yahoo.com/quote/LIN/","https://finance.yahoo.com/quote/LIN/",""
"LYV","Live Nation Entertainment, Inc.","Live Nation Entertainment","LYV","NYSE","USD","USD","1","Communication Services","Entertainment","Consommation discrétionnaire","39866359808","USD","2026-09-16","quote date shown by market-cap source","provider raw value","2026-09-16","company matched to selected lookup listing","","","","322","https://finance.yahoo.com/quote/LYV/","https://finance.yahoo.com/quote/LYV/","https://finance.yahoo.com/quote/LYV/","https://finance.yahoo.com/quote/LYV/",""
"LMT","Lockheed Martin Corporation","Lockheed Martin Corp","LMT","NYSE","USD","USD","1","Industrials","Aerospace & Defense","Industrie","123992334336","USD","2026-09-16","quote date shown by market-cap source","provider raw value","2026-09-16","company matched to selected lookup listing","","","","323","https://finance.yahoo.com/quote/LMT/","https://finance.yahoo.com/quote/LMT/","https://finance.yahoo.com/quote/LMT/","https://finance.yahoo.com/quote/LMT/",""
"LMP.L","LondonMetric Property Plc","LONDONMETRIC PROPERTY PLC","LMP","London Stock Exchange","GBp","GBP","0.01","Real Estate","REIT - Industrial","Immobilier","4340800512","GBP","2026-09-11","quote date shown by market-cap source","provider raw value","2026-09-16","company matched to selected lookup listing","","Quote currency is pence; market capitalization is in pounds (GBP).","","324","https://finance.yahoo.com/quote/LMP.L/","https://finance.yahoo.com/quote/LMP.L/","https://finance.yahoo.com/quote/LMP.L/","https://finance.yahoo.com/quote/LMP.L/",""
"LONN.SW","Lonza Group AG","LONZA GROUP AG","LONN","SIX Swiss Exchange","CHF","CHF","1","Healthcare","Diagnostics & Research","Soins de santé","37604134912","CHF","2026-09-16","quote date shown by market-cap source","provider raw value","2026-09-16","company matched to selected lookup listing","","","","325","https://finance.yahoo.com/quote/LONN.SW/","https://finance.yahoo.com/quote/LONN.SW/","https://finance.yahoo.com/quote/LONN.SW/","https://finance.yahoo.com/quote/LONN.SW/",""
"LOTB.BR","Lotus Bakeries NV","LOTUS BAKERIES","LOTB","Euronext Brussels","EUR","EUR","1","Consumer Defensive","Packaged Foods","Biens de consommation courants","9870000000","EUR","2026-09-16","retrieval date of daily exchange list","rounded source display","2026-09-16","company matched to selected lookup listing","rounded-cap","","","326","https://stockanalysis.com/quote/ebr/LOTB/","https://query2.finance.yahoo.com/v8/finance/chart/LOTB.BR?interval=1d&range=1d","https://query2.finance.yahoo.com/v1/finance/search?q=LOTUS+BAKERIES&quotesCount=8&newsCount=0","https://stockanalysis.com/list/euronext-brussels/",""
"LOW","Lowe's Companies, Inc.","Lowe's Companies","LOW","NYSE","USD","USD","1","Consumer Cyclical","Home Improvement Retail","Consommation discrétionnaire","108900589568","USD","2026-09-16","quote date shown by market-cap source","provider raw value","2026-09-16","company matched to selected lookup listing","","","","327","https://finance.yahoo.com/quote/LOW/","https://finance.yahoo.com/quote/LOW/","https://finance.yahoo.com/quote/LOW/","https://finance.yahoo.com/quote/LOW/",""
"LULU","lululemon athletica inc.","lululemon athletica","LULU","Nasdaq Global Select Market","USD","USD","1","Consumer Cyclical","Apparel Retail","Consommation discrétionnaire","10625948672","USD","2026-09-16","quote date shown by market-cap source","provider raw value","2026-09-16","company matched to selected lookup listing","","","","328","https://finance.yahoo.com/quote/LULU/","https://finance.yahoo.com/quote/LULU/","https://finance.yahoo.com/quote/LULU/","https://finance.yahoo.com/quote/LULU/",""
"MC.PA","LVMH Moët Hennessy - Louis Vuitton, Société Européenne","LVMH","MC","Euronext Paris","EUR","EUR","1","Consumer Cyclical","Luxury Goods","Consommation discrétionnaire","202584064000","EUR","2026-09-16","quote date shown by market-cap source","provider raw value","2026-09-16","company matched to selected lookup listing","","","","329","https://finance.yahoo.com/quote/MC.PA/","https://finance.yahoo.com/quote/MC.PA/","https://finance.yahoo.com/quote/MC.PA/","https://finance.yahoo.com/quote/MC.PA/",""
"LYB","LyondellBasell Industries N.V.","LyondellBasell Industries NV","LYB","NYSE","USD","USD","1","Basic Materials","Specialty Chemicals","Matériaux","20965163008","USD","2026-09-16","quote date shown by market-cap source","provider raw value","2026-09-16","company matched to selected lookup listing","","","","330","https://finance.yahoo.com/quote/LYB/","https://finance.yahoo.com/quote/LYB/","https://finance.yahoo.com/quote/LYB/","https://finance.yahoo.com/quote/LYB/",""
"MNG.L","M&G plc","M&G PLC","MNG","London Stock Exchange","GBp","GBP","0.01","Financial Services","Asset Management","Finance","7940000000","GBP","2026-09-16","quote date shown by market-cap source","rounded source display","2026-09-16","company matched to selected lookup listing","rounded-cap","Quote currency is pence; market capitalization is in pounds (GBP).","","331","https://finance.yahoo.com/quote/MNG.L/","https://finance.yahoo.com/quote/MNG.L/","https://finance.yahoo.com/quote/MNG.L/","https://stockanalysis.com/quote/lon/MNG/",""
"MARA","MARA Holdings, Inc.","MARA holdings Inc","MARA","Nasdaq Capital Market","USD","USD","1","Financial Services","Capital Markets","IT","4264744192","USD","2026-09-16","quote date shown by market-cap source","provider raw value","2026-09-16","company matched to selected lookup listing","","","","332","https://finance.yahoo.com/quote/MARA/","https://finance.yahoo.com/quote/MARA/","https://finance.yahoo.com/quote/MARA/","https://finance.yahoo.com/quote/MARA/",""
"MAR","Marriott International, Inc.","Marriott International","MAR","Nasdaq Global Select Market","USD","USD","1","Consumer Cyclical","Lodging","Consommation discrétionnaire","87348887552","USD","2026-09-16","quote date shown by market-cap source","provider raw value","2026-09-16","company matched to selected lookup listing","","","","333","https://finance.yahoo.com/quote/MAR/","https://finance.yahoo.com/quote/MAR/","https://finance.yahoo.com/quote/MAR/","https://finance.yahoo.com/quote/MAR/",""
"MRSH","Marsh & McLennan Companies, Inc.","Marsh & McLennan Companies","MRSH","NYSE","USD","USD","1","Financial Services","Insurance Brokers","Finance","84351860736","USD","2026-09-16","quote date shown by market-cap source","provider raw value","2026-09-16","company matched to selected lookup listing","","Current ticker MRSH, replacing MMC from 2026-01-14.","","334","https://finance.yahoo.com/quote/MRSH/","https://finance.yahoo.com/quote/MRSH/","https://finance.yahoo.com/quote/MRSH/","https://finance.yahoo.com/quote/MRSH/","https://www.marsh.com/en/corp/about/news/marsh-mclennan-to-change-nyse-symbol-to-mrsh.html"
"MRVL","Marvell Technology, Inc.","Marvell Technology","MRVL","Nasdaq Global Select Market","USD","USD","1","Technology","Semiconductors","IT","206441447424","USD","2026-09-16","quote date shown by market-cap source","provider raw value","2026-09-16","company matched to selected lookup listing","","","","335","https://finance.yahoo.com/quote/MRVL/","https://finance.yahoo.com/quote/MRVL/","https://finance.yahoo.com/quote/MRVL/","https://finance.yahoo.com/quote/MRVL/",""
"MTCH","Match Group, Inc.","Match Group","MTCH","Nasdaq Global Select Market","USD","USD","1","Communication Services","Internet Content & Information","Consommation discrétionnaire","10165755904","USD","2026-09-16","quote date shown by market-cap source","provider raw value","2026-09-16","company matched to selected lookup listing","","","","336","https://finance.yahoo.com/quote/MTCH/","https://finance.yahoo.com/quote/MTCH/","https://query2.finance.yahoo.com/v1/finance/search?q=Match+Group&quotesCount=8&newsCount=0","https://finance.yahoo.com/quote/MTCH/",""
"MCD","McDonald's Corporation","McDonald's Corp","MCD","NYSE","USD","USD","1","Consumer Cyclical","Restaurants","Consommation discrétionnaire","175891382272","USD","2026-09-16","quote date shown by market-cap source","provider raw value","2026-09-16","company matched to selected lookup listing","","","","337","https://finance.yahoo.com/quote/MCD/","https://finance.yahoo.com/quote/MCD/","https://finance.yahoo.com/quote/MCD/","https://finance.yahoo.com/quote/MCD/",""
"MCK","McKesson Corporation","McKesson Corp","MCK","NYSE","USD","USD","1","Healthcare","Medical Distribution","Soins de santé","103449460736","USD","2026-09-16","quote date shown by market-cap source","provider raw value","2026-09-16","company matched to selected lookup listing","","","","338","https://finance.yahoo.com/quote/MCK/","https://finance.yahoo.com/quote/MCK/","https://finance.yahoo.com/quote/MCK/","https://finance.yahoo.com/quote/MCK/",""
"MDXH","MDxHealth SA","MDxHealth SA","MDXH","Nasdaq Capital Market","USD","USD","1","Healthcare","Diagnostics & Research","Soins de santé","64950612","USD","2026-09-16","quote date shown by market-cap source","provider raw value","2026-09-16","company matched to selected lookup listing","","","","339","https://finance.yahoo.com/quote/MDXH/","https://finance.yahoo.com/quote/MDXH/","https://finance.yahoo.com/quote/MDXH/","https://finance.yahoo.com/quote/MDXH/",""
"MDT","Medtronic plc","Medtronic plc","MDT","NYSE","USD","USD","1","Healthcare","Medical Devices","Soins de santé","118448168960","USD","2026-09-16","quote date shown by market-cap source","provider raw value","2026-09-16","company matched to selected lookup listing","","","","340","https://finance.yahoo.com/quote/MDT/","https://finance.yahoo.com/quote/MDT/","https://finance.yahoo.com/quote/MDT/","https://finance.yahoo.com/quote/MDT/",""
"MELE.BR","Melexis NV","MELEXIS","MELE","Euronext Brussels","EUR","EUR","1","Technology","Semiconductors","IT","2557549568","EUR","2026-09-16","quote date shown by market-cap source","provider raw value","2026-09-16","company matched to selected lookup listing","","","","341","https://finance.yahoo.com/quote/MELE.BR/","https://finance.yahoo.com/quote/MELE.BR/","https://finance.yahoo.com/quote/MELE.BR/","https://finance.yahoo.com/quote/MELE.BR/",""
"MELI","MercadoLibre, Inc.","MercadoLibre","MELI","Nasdaq Global Select Market","USD","USD","1","Consumer Cyclical","Internet Retail","Consommation discrétionnaire","93267410944","USD","2026-09-16","quote date shown by market-cap source","provider raw value","2026-09-16","company matched to selected lookup listing","","","","342","https://finance.yahoo.com/quote/MELI/","https://finance.yahoo.com/quote/MELI/","https://finance.yahoo.com/quote/MELI/","https://finance.yahoo.com/quote/MELI/",""
"MBG.DE","Mercedes-Benz Group AG","MERCEDES-BENZ GROUP AG","MBG","Xetra","EUR","EUR","1","Consumer Cyclical","Auto Manufacturers","Consommation discrétionnaire","43429285888","EUR","2026-09-16","quote date shown by market-cap source","provider raw value","2026-09-16","company matched to selected lookup listing","","","","343","https://finance.yahoo.com/quote/MBG.DE/","https://finance.yahoo.com/quote/MBG.DE/","https://finance.yahoo.com/quote/MBG.DE/","https://finance.yahoo.com/quote/MBG.DE/",""
"MRK","Merck & Co., Inc.","Merck & Co","MRK","NYSE","USD","USD","1","Healthcare","Drug Manufacturers - General","Soins de santé","357517852672","USD","2026-09-16","quote date shown by market-cap source","provider raw value","2026-09-16","company matched to selected lookup listing","","","","344","https://finance.yahoo.com/quote/MRK/","https://finance.yahoo.com/quote/MRK/","https://finance.yahoo.com/quote/MRK/","https://finance.yahoo.com/quote/MRK/",""
"META","Meta Platforms, Inc.","Meta Platforms","META","Nasdaq Global Select Market","USD","USD","1","Communication Services","Internet Content & Information","IT","1715261407232","USD","2026-09-16","quote date shown by market-cap source","provider raw value","2026-09-16","company matched to selected lookup listing","","","","345","https://finance.yahoo.com/quote/META/","https://finance.yahoo.com/quote/META/","https://finance.yahoo.com/quote/META/","https://finance.yahoo.com/quote/META/",""
"MET","MetLife, Inc.","MetLife","MET","NYSE","USD","USD","1","Financial Services","Insurance - Life","Finance","61787422720","USD","2026-09-16","quote date shown by market-cap source","provider raw value","2026-09-16","company matched to selected lookup listing","","","","346","https://finance.yahoo.com/quote/MET/","https://finance.yahoo.com/quote/MET/","https://finance.yahoo.com/quote/MET/","https://finance.yahoo.com/quote/MET/",""
"MCHP","Microchip Technology Incorporated","Microchip Technology","MCHP","Nasdaq Global Select Market","USD","USD","1","Technology","Semiconductors","IT","37787975680","USD","2026-09-16","quote date shown by market-cap source","provider raw value","2026-09-16","company matched to selected lookup listing","","","","348","https://finance.yahoo.com/quote/MCHP/","https://finance.yahoo.com/quote/MCHP/","https://finance.yahoo.com/quote/MCHP/","https://finance.yahoo.com/quote/MCHP/",""
"MU","Micron Technology, Inc.","Micron Technology","MU","Nasdaq Global Select Market","USD","USD","1","Technology","Semiconductors","IT","1046439198720","USD","2026-09-16","quote date shown by market-cap source","provider raw value","2026-09-16","company matched to selected lookup listing","","","","349","https://finance.yahoo.com/quote/MU/","https://finance.yahoo.com/quote/MU/","https://finance.yahoo.com/quote/MU/","https://finance.yahoo.com/quote/MU/",""
"MSFT","Microsoft Corporation","Microsoft Corp","MSFT","Nasdaq Global Select Market","USD","USD","1","Technology","Software - Infrastructure","IT","3640745000960","USD","2026-09-16","quote date shown by market-cap source","provider raw value","2026-09-16","company matched to selected lookup listing","","","","350","https://finance.yahoo.com/quote/MSFT/","https://finance.yahoo.com/quote/MSFT/","https://finance.yahoo.com/quote/MSFT/","https://finance.yahoo.com/quote/MSFT/",""
"NEDSE.AS","MKB Nedsense N.V.","MKB Nedsense N.V.","NEDSE","Euronext Amsterdam","EUR","EUR","1","Financial Services","Asset Management","Autres","8100000","EUR","2026-09-16","retrieval date of daily exchange list","rounded source display","2026-09-16","company matched to selected lookup listing","rounded-cap","","","352","https://stockanalysis.com/quote/ams/NEDSE/","https://query2.finance.yahoo.com/v8/finance/chart/NEDSE.AS?interval=1d&range=1d","https://query2.finance.yahoo.com/v1/finance/search?q=MKB+Nedsense+N.V.&quotesCount=8&newsCount=0","https://stockanalysis.com/list/euronext-amsterdam/",""
"MRNA","Moderna, Inc.","Moderna","MRNA","Nasdaq Global Select Market","USD","USD","1","Healthcare","Biotechnology","Soins de santé","58136731648","USD","2026-09-16","quote date shown by market-cap source","provider raw value","2026-09-16","company matched to selected lookup listing","","","","353","https://finance.yahoo.com/quote/MRNA/","https://finance.yahoo.com/quote/MRNA/","https://finance.yahoo.com/quote/MRNA/","https://finance.yahoo.com/quote/MRNA/",""
"MDLZ","Mondelez International, Inc.","Mondelez International","MDLZ","Nasdaq Global Select Market","USD","USD","1","Consumer Defensive","Confectioners","Biens de consommation courants","79590572032","USD","2026-09-16","quote date shown by market-cap source","provider raw value","2026-09-16","company matched to selected lookup listing","","","","354","https://finance.yahoo.com/quote/MDLZ/","https://finance.yahoo.com/quote/MDLZ/","https://finance.yahoo.com/quote/MDLZ/","https://finance.yahoo.com/quote/MDLZ/",""
"MNDI.L","Mondi plc","MONDI PLC","MNDI","London Stock Exchange","GBp","GBP","0.01","Basic Materials","Paper & Paper Products","Matériaux","3693886208","GBP","2026-09-16","quote date shown by market-cap source","provider raw value","2026-09-16","company matched to selected lookup listing","","Quote currency is pence; market capitalization is in pounds (GBP).","","355","https://finance.yahoo.com/quote/MNDI.L/","https://finance.yahoo.com/quote/MNDI.L/","https://finance.yahoo.com/quote/MNDI.L/","https://finance.yahoo.com/quote/MNDI.L/",""
"MDB","MongoDB, Inc.","MongoDB","MDB","Nasdaq Global Market","USD","USD","1","Technology","Software - Infrastructure","IT","30269751296","USD","2026-09-16","quote date shown by market-cap source","provider raw value","2026-09-16","company matched to selected lookup listing","","","","356","https://finance.yahoo.com/quote/MDB/","https://finance.yahoo.com/quote/MDB/","https://finance.yahoo.com/quote/MDB/","https://finance.yahoo.com/quote/MDB/",""
"MPWR","Monolithic Power Systems, Inc.","Monolithic Power Systems","MPWR","Nasdaq Global Select Market","USD","USD","1","Technology","Semiconductors","IT","56396996608","USD","2026-09-16","quote date shown by market-cap source","provider raw value","2026-09-16","company matched to selected lookup listing","","","","357","https://finance.yahoo.com/quote/MPWR/","https://finance.yahoo.com/quote/MPWR/","https://finance.yahoo.com/quote/MPWR/","https://finance.yahoo.com/quote/MPWR/",""
"MNST","Monster Beverage Corporation","Monster Beverage Corp","MNST","Nasdaq Global Select Market","USD","USD","1","Consumer Defensive","Beverages - Non-Alcoholic","Biens de consommation courants","87314939904","USD","2026-09-16","quote date shown by market-cap source","provider raw value","2026-09-16","company matched to selected lookup listing","","","","358","https://finance.yahoo.com/quote/MNST/","https://finance.yahoo.com/quote/MNST/","https://finance.yahoo.com/quote/MNST/","https://finance.yahoo.com/quote/MNST/",""
"MONT.BR","Montea Comm. VA","MONTEA NV","MONT","Euronext Brussels","EUR","EUR","1","Real Estate","REIT - Industrial","Immobilier","1460000000","EUR","2026-09-16","retrieval date of daily exchange list","rounded source display","2026-09-16","company matched to selected lookup listing","rounded-cap","","","359","https://finance.yahoo.com/quote/MONT.BR/","https://finance.yahoo.com/quote/MONT.BR/","https://finance.yahoo.com/quote/MONT.BR/","https://stockanalysis.com/list/euronext-brussels/",""
"MCO","Moody's Corporation","Moody's Corp","MCO","NYSE","USD","USD","1","Financial Services","Financial Data & Stock Exchanges","Finance","80581115904","USD","2026-09-16","quote date shown by market-cap source","provider raw value","2026-09-16","company matched to selected lookup listing","","","","360","https://finance.yahoo.com/quote/MCO/","https://finance.yahoo.com/quote/MCO/","https://finance.yahoo.com/quote/MCO/","https://finance.yahoo.com/quote/MCO/",""
"MOG-A","Moog Inc.","Moog","MOG.A","NYSE","USD","USD","1","Industrials","Aerospace & Defense","Industrie","11392119808","USD","2026-09-16","quote date shown by market-cap source","provider raw value","2026-09-16","share class not confirmed","share-class","Class A shares selected; Class B MOG-B also exists. Challenge share class not confirmed.","MOG-B","361","https://finance.yahoo.com/quote/MOG-A/","https://finance.yahoo.com/quote/MOG-A/","https://finance.yahoo.com/quote/MOG-A/","https://finance.yahoo.com/quote/MOG-A/",""
"MORE.AS","Morefield Group N.V.","MOREFIELD GROUP N.V.","MORE","Euronext Amsterdam","EUR","EUR","1","Industrials","Staffing & Employment Services","Autres","62620000","EUR","2026-09-16","retrieval date of daily exchange list","rounded source display","2026-09-16","company matched to selected lookup listing","rounded-cap","","","362","https://stockanalysis.com/quote/ams/MORE/","https://query2.finance.yahoo.com/v8/finance/chart/MORE.AS?interval=1d&range=1d","https://query2.finance.yahoo.com/v1/finance/search?q=MOREFIELD+GROUP+N.V.&quotesCount=8&newsCount=0","https://stockanalysis.com/list/euronext-amsterdam/",""
"MTRK.AS","MotorK plc","MOTORK PLC","MTRK","Euronext Amsterdam","EUR","EUR","1","Technology","Software - Application","Autres","107600000","EUR","2026-09-16","retrieval date of daily exchange list","rounded source display","2026-09-16","company matched to selected lookup listing","rounded-cap","","","364","https://finance.yahoo.com/quote/MTRK.AS/","https://finance.yahoo.com/quote/MTRK.AS/","https://finance.yahoo.com/quote/MTRK.AS/","https://stockanalysis.com/list/euronext-amsterdam/",""
"MSI","Motorola Solutions, Inc.","Motorola Solutions","MSI","NYSE","USD","USD","1","Technology","Communication Equipment","IT","76214853632","USD","2026-09-16","quote date shown by market-cap source","provider raw value","2026-09-16","company matched to selected lookup listing","","","","365","https://finance.yahoo.com/quote/MSI/","https://finance.yahoo.com/quote/MSI/","https://finance.yahoo.com/quote/MSI/","https://finance.yahoo.com/quote/MSI/",""
"MOUR.BR","Moury Construct SA","MOURY CONSTRUCT","MOUR","Euronext Brussels","EUR","EUR","1","Industrials","Engineering & Construction","Industrie","282050000","EUR","2026-09-16","retrieval date of daily exchange list","rounded source display","2026-09-16","company matched to selected lookup listing","rounded-cap","","","366","https://stockanalysis.com/quote/ebr/MOUR/","https://query2.finance.yahoo.com/v8/finance/chart/MOUR.BR?interval=1d&range=1d","https://query2.finance.yahoo.com/v1/finance/search?q=MOURY+CONSTRUCT&quotesCount=8&newsCount=0","https://stockanalysis.com/list/euronext-brussels/",""
"MTX.DE","MTU Aero Engines AG","MTU AERO ENGINES AG","MTX","Xetra","EUR","EUR","1","Industrials","Aerospace & Defense","Industrie","18251364352","EUR","2026-09-16","quote date shown by market-cap source","provider raw value","2026-09-16","company matched to selected lookup listing","","","","367","https://finance.yahoo.com/quote/MTX.DE/","https://finance.yahoo.com/quote/MTX.DE/","https://finance.yahoo.com/quote/MTX.DE/","https://finance.yahoo.com/quote/MTX.DE/",""
"MUV2.DE","Münchener Rückversicherungs-Gesellschaft Aktiengesellschaft in München","MUENCHENER RUECKVERS.-GES. AG","MUV2","Xetra","EUR","EUR","1","Financial Services","Insurance - Reinsurance","Finance","64366682112","EUR","2026-09-16","quote date shown by market-cap source","provider raw value","2026-09-16","company matched to selected lookup listing","","","","368","https://finance.yahoo.com/quote/MUV2.DE/","https://finance.yahoo.com/quote/MUV2.DE/","https://finance.yahoo.com/quote/MUV2.DE/","https://finance.yahoo.com/quote/MUV2.DE/",""
"NBIS","Nebius Group N.V.","NEBIUS","NBIS","Nasdaq Global Select Market","USD","USD","1","Communication Services","Internet Content & Information","IT","56918327296","USD","2026-09-16","quote date shown by market-cap source","provider raw value","2026-09-16","company matched to selected lookup listing","","","","369","https://finance.yahoo.com/quote/NBIS/","https://finance.yahoo.com/quote/NBIS/","https://finance.yahoo.com/quote/NBIS/","https://finance.yahoo.com/quote/NBIS/",""
"NEDAP.AS","Nedap N.V.","NEDAP","NEDAP","Euronext Amsterdam","EUR","EUR","1","Technology","Information Technology Services","Industrie","608840512","EUR","2026-09-16","quote date shown by market-cap source","provider raw value","2026-09-16","company matched to selected lookup listing","","","","370","https://finance.yahoo.com/quote/NEDAP.AS/","https://finance.yahoo.com/quote/NEDAP.AS/","https://query2.finance.yahoo.com/v1/finance/search?q=NEDAP&quotesCount=8&newsCount=0","https://finance.yahoo.com/quote/NEDAP.AS/",""
"NESN.SW","Nestlé S.A.","NESTLE S.A.","NESN","SIX Swiss Exchange","CHF","CHF","1","Consumer Defensive","Packaged Foods","Biens de consommation courants","199758610432","CHF","2026-09-16","quote date shown by market-cap source","provider raw value","2026-09-16","company matched to selected lookup listing","","","","371","https://finance.yahoo.com/quote/NESN.SW/","https://finance.yahoo.com/quote/NESN.SW/","https://finance.yahoo.com/quote/NESN.SW/","https://finance.yahoo.com/quote/NESN.SW/",""
"NFLX","Netflix, Inc.","Netflix","NFLX","Nasdaq Global Select Market","USD","USD","1","Communication Services","Entertainment","Consommation discrétionnaire","318166630400","USD","2026-09-16","quote date shown by market-cap source","provider raw value","2026-09-16","company matched to selected lookup listing","","","","372","https://finance.yahoo.com/quote/NFLX/","https://finance.yahoo.com/quote/NFLX/","https://finance.yahoo.com/quote/NFLX/","https://finance.yahoo.com/quote/NFLX/",""
"NEM","Newmont Corporation","Newmont Corp","NEM","NYSE","USD","USD","1","Basic Materials","Gold","Matériaux","128297574400","USD","2026-09-16","quote date shown by market-cap source","provider raw value","2026-09-16","company matched to selected lookup listing","","","","373","https://finance.yahoo.com/quote/NEM/","https://finance.yahoo.com/quote/NEM/","https://finance.yahoo.com/quote/NEM/","https://finance.yahoo.com/quote/NEM/",""
"NXE","NexGen Energy Ltd.","NexGen Energy Ltd","NXE","NYSE","USD","USD","1","Energy","Uranium","Finance","6289347584","USD","2026-09-16","quote date shown by market-cap source","provider raw value","2026-09-16","company matched to selected lookup listing","","","","374","https://finance.yahoo.com/quote/NXE/","https://finance.yahoo.com/quote/NXE/","https://finance.yahoo.com/quote/NXE/","https://finance.yahoo.com/quote/NXE/",""
"NEXTA.BR","Nextensa NV/SA","NEXTENSA","NEXTA","Euronext Brussels","EUR","EUR","1","Real Estate","REIT — Diversified","Immobilier","470440000","EUR","2026-09-16","retrieval date of daily exchange list","rounded source display","2026-09-16","company matched to selected lookup listing","rounded-cap","","","375","https://stockanalysis.com/quote/ebr/NEXTA/","https://query2.finance.yahoo.com/v8/finance/chart/NEXTA.BR?interval=1d&range=1d","https://query2.finance.yahoo.com/v1/finance/search?q=NEXTENSA&quotesCount=8&newsCount=0","https://stockanalysis.com/list/euronext-brussels/",""
"NEE","NextEra Energy, Inc.","Nextera Energy Inc","NEE","NYSE","USD","USD","1","Utilities","Utilities - Regulated Electric","Services publics","167650082816","USD","2026-09-16","quote date shown by market-cap source","provider raw value","2026-09-16","company matched to selected lookup listing","","","","376","https://finance.yahoo.com/quote/NEE/","https://finance.yahoo.com/quote/NEE/","https://finance.yahoo.com/quote/NEE/","https://finance.yahoo.com/quote/NEE/",""
"NKE","NIKE, Inc.","Nike","NKE","NYSE","USD","USD","1","Consumer Cyclical","Footwear & Accessories","Consommation discrétionnaire","53079584768","USD","2026-09-16","quote date shown by market-cap source","provider raw value","2026-09-16","company matched to selected lookup listing","","","","377","https://finance.yahoo.com/quote/NKE/","https://finance.yahoo.com/quote/NKE/","https://finance.yahoo.com/quote/NKE/","https://finance.yahoo.com/quote/NKE/",""
"NN.AS","NN Group N.V.","NN GROUP","NN","Euronext Amsterdam","EUR","EUR","1","Financial Services","Insurance - Diversified","Finance","20803069952","EUR","2026-09-16","quote date shown by market-cap source","provider raw value","2026-09-16","company matched to selected lookup listing","","","","378","https://finance.yahoo.com/quote/NN.AS/","https://finance.yahoo.com/quote/NN.AS/","https://finance.yahoo.com/quote/NN.AS/","https://finance.yahoo.com/quote/NN.AS/",""
"NDA-FI.HE","Nordea Bank Abp","NORDEA BANK ABP","NDA-FI","Nasdaq Helsinki","EUR","EUR","1","Financial Services","Banks - Regional","Finance","60069441536","EUR","2026-09-16","quote date shown by market-cap source","provider raw value","2026-09-16","company matched to selected lookup listing","","","","379","https://finance.yahoo.com/quote/NDA-FI.HE/","https://finance.yahoo.com/quote/NDA-FI.HE/","https://finance.yahoo.com/quote/NDA-FI.HE/","https://finance.yahoo.com/quote/NDA-FI.HE/",""
"NOC","Northrop Grumman Corporation","Northrop Grumman Corp","NOC","NYSE","USD","USD","1","Industrials","Aerospace & Defense","Industrie","75404214272","USD","2026-09-16","quote date shown by market-cap source","provider raw value","2026-09-16","company matched to selected lookup listing","","","","380","https://finance.yahoo.com/quote/NOC/","https://finance.yahoo.com/quote/NOC/","https://finance.yahoo.com/quote/NOC/","https://finance.yahoo.com/quote/NOC/",""
"NCLH","Norwegian Cruise Line Holdings Ltd.","Norwegian Cruise Line Holdings Ltd","NCLH","NYSE","USD","USD","1","Consumer Cyclical","Travel Services","Consommation discrétionnaire","6671998976","USD","2026-09-16","quote date shown by market-cap source","provider raw value","2026-09-16","company matched to selected lookup listing","","","","381","https://finance.yahoo.com/quote/NCLH/","https://finance.yahoo.com/quote/NCLH/","https://finance.yahoo.com/quote/NCLH/","https://finance.yahoo.com/quote/NCLH/",""
"NOVN.SW","Novartis AG","NOVARTIS AG","NOVN","SIX Swiss Exchange","CHF","CHF","1","Healthcare","Drug Manufacturers - General","Soins de santé","217213698048","CHF","2026-09-16","quote date shown by market-cap source","provider raw value","2026-09-16","company matched to selected lookup listing","","","","382","https://finance.yahoo.com/quote/NOVN.SW/","https://finance.yahoo.com/quote/NOVN.SW/","https://finance.yahoo.com/quote/NOVN.SW/","https://finance.yahoo.com/quote/NOVN.SW/",""
"NOVO-B.CO","Novo Nordisk A/S","NOVO-NORDISK AS","NOVO B","Nasdaq Copenhagen","DKK","DKK","1","Healthcare","Drug Manufacturers - General","Soins de santé","1204312735744","DKK","2026-09-16","quote date shown by market-cap source","provider raw value","2026-09-16","company matched to selected lookup listing","","","","383","https://finance.yahoo.com/quote/NOVO-B.CO/","https://finance.yahoo.com/quote/NOVO-B.CO/","https://finance.yahoo.com/quote/NOVO-B.CO/","https://finance.yahoo.com/quote/NOVO-B.CO/",""
"NSI.AS","NSI N.V.","NSI N.V.","NSI","Euronext Amsterdam","EUR","EUR","1","Real Estate","REIT — Office","Immobilier","318580000","EUR","2026-09-16","retrieval date of daily exchange list","rounded source display","2026-09-16","company matched to selected lookup listing","rounded-cap","","","384","https://stockanalysis.com/quote/ams/NSI/","https://query2.finance.yahoo.com/v8/finance/chart/NSI.AS?interval=1d&range=1d","https://query2.finance.yahoo.com/v1/finance/search?q=NSI+N.V.&quotesCount=8&newsCount=0","https://stockanalysis.com/list/euronext-amsterdam/",""
"BEKB.BR","NV Bekaert SA","BEKAERT","BEKB","Euronext Brussels","EUR","EUR","1","Industrials","Metal Fabrication","Industrie","1815869824","EUR","2026-09-16","quote date shown by market-cap source","provider raw value","2026-09-16","company matched to selected lookup listing","","","","90","https://finance.yahoo.com/quote/BEKB.BR/","https://finance.yahoo.com/quote/BEKB.BR/","https://finance.yahoo.com/quote/BEKB.BR/","https://finance.yahoo.com/quote/BEKB.BR/",""
"NVDA","NVIDIA Corporation","NVIDIA Corp","NVDA","Nasdaq Global Select Market","USD","USD","1","Technology","Semiconductors","IT","5165043154944","USD","2026-09-16","quote date shown by market-cap source","provider raw value","2026-09-16","company matched to selected lookup listing","","","","385","https://finance.yahoo.com/quote/NVDA/","https://finance.yahoo.com/quote/NVDA/","https://finance.yahoo.com/quote/NVDA/","https://finance.yahoo.com/quote/NVDA/",""
"NXFIL.AS","NX Filtration N.V.","NX FILTRATION N.V.","NXFIL","Euronext Amsterdam","EUR","EUR","1","Industrials","Pollution & Treatment Controls","Industrie","174780000","EUR","2026-09-16","retrieval date of daily exchange list","rounded source display","2026-09-16","company matched to selected lookup listing","rounded-cap","","","386","https://stockanalysis.com/quote/ams/NXFIL/","https://query2.finance.yahoo.com/v8/finance/chart/NXFIL.AS?interval=1d&range=1d","https://query2.finance.yahoo.com/v1/finance/search?q=NX+FILTRATION+N.V.&quotesCount=8&newsCount=0","https://stockanalysis.com/list/euronext-amsterdam/",""
"NXPI","NXP Semiconductors N.V.","NXP Semiconductors NV","NXPI","Nasdaq Global Select Market","USD","USD","1","Technology","Semiconductors","IT","55218909184","USD","2026-09-16","quote date shown by market-cap source","provider raw value","2026-09-16","company matched to selected lookup listing","","","","387","https://finance.yahoo.com/quote/NXPI/","https://finance.yahoo.com/quote/NXPI/","https://finance.yahoo.com/quote/NXPI/","https://finance.yahoo.com/quote/NXPI/",""
"NYXH.BR","Nyxoah SA","NYXOAH SA","NYXH","Euronext Brussels","EUR","EUR","1","Healthcare","Medical Devices","Soins de santé","138100000","EUR","2026-09-16","retrieval date of daily exchange list","rounded source display","2026-09-16","company matched to selected lookup listing","rounded-cap","","","388","https://stockanalysis.com/quote/ebr/NYXH/","https://query2.finance.yahoo.com/v8/finance/chart/NYXH.BR?interval=1d&range=1d","https://query2.finance.yahoo.com/v1/finance/search?q=NYXOAH+SA&quotesCount=8&newsCount=0","https://stockanalysis.com/list/euronext-brussels/",""
"ORLY","O'Reilly Automotive, Inc.","O'Reilly Automotive","ORLY","Nasdaq Global Select Market","USD","USD","1","Consumer Cyclical","Auto Parts","Consommation discrétionnaire","67693838336","USD","2026-09-16","quote date shown by market-cap source","provider raw value","2026-09-16","company matched to selected lookup listing","","","","389","https://finance.yahoo.com/quote/ORLY/","https://finance.yahoo.com/quote/ORLY/","https://finance.yahoo.com/quote/ORLY/","https://finance.yahoo.com/quote/ORLY/",""
"OCI.AS","OCI N.V.","OCI N.V.","OCI","Euronext Amsterdam","EUR","EUR","1","Basic Materials","Agricultural Inputs","Matériaux","857380000","EUR","2026-09-16","retrieval date of daily exchange list","rounded source display","2026-09-16","company matched to selected lookup listing","rounded-cap","","","390","https://stockanalysis.com/quote/ams/OCI/","https://query2.finance.yahoo.com/v8/finance/chart/OCI.AS?interval=1d&range=1d","https://query2.finance.yahoo.com/v1/finance/search?q=OCI+N.V.&quotesCount=8&newsCount=0","https://stockanalysis.com/list/euronext-amsterdam/",""
"ODFL","Old Dominion Freight Line, Inc.","Old Dominion Freight Line","ODFL","Nasdaq Global Select Market","USD","USD","1","Industrials","Trucking","Industrie","36261351424","USD","2026-09-16","quote date shown by market-cap source","provider raw value","2026-09-16","company matched to selected lookup listing","","","","391","https://finance.yahoo.com/quote/ODFL/","https://finance.yahoo.com/quote/ODFL/","https://query2.finance.yahoo.com/v1/finance/search?q=Old+Dominion+Freight+Line&quotesCount=8&newsCount=0","https://finance.yahoo.com/quote/ODFL/",""
"ONTEX.BR","Ontex Group NV","ONTEX GROUP","ONTEX","Euronext Brussels","EUR","EUR","1","Consumer Defensive","Household & Personal Products","Biens de consommation courants","173190000","EUR","2026-09-16","retrieval date of daily exchange list","rounded source display","2026-09-16","company matched to selected lookup listing","rounded-cap","","","392","https://finance.yahoo.com/quote/ONTEX.BR/","https://finance.yahoo.com/quote/ONTEX.BR/","https://finance.yahoo.com/quote/ONTEX.BR/","https://stockanalysis.com/list/euronext-brussels/",""
"ONWD.BR","Onward Medical N.V.","ONWARD MEDICAL","ONWD","Euronext Brussels","EUR","EUR","1","Healthcare","Biotechnology","Soins de santé","190508864","EUR","2026-09-11","quote date shown by market-cap source","provider raw value","2026-09-16","company matched to selected lookup listing","","","","393","https://finance.yahoo.com/quote/ONWD.BR/","https://finance.yahoo.com/quote/ONWD.BR/","https://finance.yahoo.com/quote/ONWD.BR/","https://finance.yahoo.com/quote/ONWD.BR/",""
"ORCL","Oracle Corporation","Oracle Corp","ORCL","NYSE","USD","USD","1","Technology","Software - Infrastructure","IT","432878059520","USD","2026-09-16","quote date shown by market-cap source","provider raw value","2026-09-16","company matched to selected lookup listing","","","","394","https://finance.yahoo.com/quote/ORCL/","https://finance.yahoo.com/quote/ORCL/","https://finance.yahoo.com/quote/ORCL/","https://finance.yahoo.com/quote/ORCL/",""
"OBEL.BR","Orange Belgium S.A.","ORANGE BELGIUM","OBEL","Euronext Brussels","EUR","EUR","1","Communication Services","Telecom Services","Services publics","1490000000","EUR","2026-09-16","retrieval date of daily exchange list","rounded source display","2026-09-16","company matched to selected lookup listing","rounded-cap","","","396","https://finance.yahoo.com/quote/OBEL.BR/","https://finance.yahoo.com/quote/OBEL.BR/","https://finance.yahoo.com/quote/OBEL.BR/","https://stockanalysis.com/list/euronext-brussels/",""
"ORA.PA","Orange S.A.","ORANGE","ORA","Euronext Paris","EUR","EUR","1","Communication Services","Telecom Services","Services publics","42192166912","EUR","2026-09-16","quote date shown by market-cap source","provider raw value","2026-09-16","company matched to selected lookup listing","","","","395","https://finance.yahoo.com/quote/ORA.PA/","https://finance.yahoo.com/quote/ORA.PA/","https://finance.yahoo.com/quote/ORA.PA/","https://finance.yahoo.com/quote/ORA.PA/",""
"ORK.OL","Orkla ASA","ORKLA ASA","ORK","Oslo Bors (Euronext Oslo)","NOK","NOK","1","Consumer Defensive","Packaged Foods","Finance","87230000000","NOK","2026-09-16","quote date shown by market-cap source","rounded source display","2026-09-16","company matched to selected lookup listing","rounded-cap","","","397","https://stockanalysis.com/quote/osl/ORK/","https://query2.finance.yahoo.com/v8/finance/chart/ORK.OL?interval=1d&range=1d","https://query2.finance.yahoo.com/v1/finance/search?q=ORKLA+ASA&quotesCount=8&newsCount=0","https://stockanalysis.com/quote/osl/ORK/",""
"ORSTED.CO","Ørsted A/S","ORSTED A/S","ORSTED","Nasdaq Copenhagen","DKK","DKK","1","Utilities","Utilities - Renewable","Services publics","176824156160","DKK","2026-09-16","quote date shown by market-cap source","provider raw value","2026-09-16","company matched to selected lookup listing","","","","398","https://finance.yahoo.com/quote/ORSTED.CO/","https://finance.yahoo.com/quote/ORSTED.CO/","https://finance.yahoo.com/quote/ORSTED.CO/","https://finance.yahoo.com/quote/ORSTED.CO/",""
"OC","Owens Corning","Owens Corning","OC","NYSE","USD","USD","1","Industrials","Building Products & Equipment","Matériaux","10006771712","USD","2026-09-16","quote date shown by market-cap source","provider raw value","2026-09-16","company matched to selected lookup listing","","","","399","https://finance.yahoo.com/quote/OC/","https://finance.yahoo.com/quote/OC/","https://query2.finance.yahoo.com/v1/finance/search?q=Owens+Corning&quotesCount=8&newsCount=0","https://finance.yahoo.com/quote/OC/",""
"PCAR","PACCAR Inc","PACCAR","PCAR","Nasdaq Global Select Market","USD","USD","1","Industrials","Farm & Heavy Construction Machinery","Consommation discrétionnaire","62226866176","USD","2026-09-16","quote date shown by market-cap source","provider raw value","2026-09-16","company matched to selected lookup listing","","","","400","https://finance.yahoo.com/quote/PCAR/","https://finance.yahoo.com/quote/PCAR/","https://finance.yahoo.com/quote/PCAR/","https://finance.yahoo.com/quote/PCAR/",""
"PANW","Palo Alto Networks, Inc.","Palo Alto Networks Inc","PANW","Nasdaq Global Select Market","USD","USD","1","Technology","Software - Infrastructure","IT","307281690624","USD","2026-09-16","quote date shown by market-cap source","provider raw value","2026-09-16","company matched to selected lookup listing","","","","401","https://finance.yahoo.com/quote/PANW/","https://finance.yahoo.com/quote/PANW/","https://finance.yahoo.com/quote/PANW/","https://finance.yahoo.com/quote/PANW/",""
"PAAS","Pan American Silver Corp.","Pan American Silver Corp","PAAS","NYSE","USD","USD","1","Basic Materials","Gold","Matériaux","19719231488","USD","2026-09-16","quote date shown by market-cap source","provider raw value","2026-09-16","company matched to selected lookup listing","","","","402","https://finance.yahoo.com/quote/PAAS/","https://finance.yahoo.com/quote/PAAS/","https://finance.yahoo.com/quote/PAAS/","https://finance.yahoo.com/quote/PAAS/",""
"PH","Parker-Hannifin Corporation","Parker-Hannifin Corp","PH","NYSE","USD","USD","1","Industrials","Specialty Industrial Machinery","IT","115806117888","USD","2026-09-16","quote date shown by market-cap source","provider raw value","2026-09-16","company matched to selected lookup listing","","","","403","https://finance.yahoo.com/quote/PH/","https://finance.yahoo.com/quote/PH/","https://finance.yahoo.com/quote/PH/","https://finance.yahoo.com/quote/PH/",""
"PAYX","Paychex, Inc.","Paychex","PAYX","Nasdaq Global Select Market","USD","USD","1","Technology","Software - Application","Industrie","41550041088","USD","2026-09-16","quote date shown by market-cap source","provider raw value","2026-09-16","company matched to selected lookup listing","","","","404","https://finance.yahoo.com/quote/PAYX/","https://finance.yahoo.com/quote/PAYX/","https://finance.yahoo.com/quote/PAYX/","https://finance.yahoo.com/quote/PAYX/",""
"PYPL","PayPal Holdings, Inc.","PayPal Holdings","PYPL","Nasdaq Global Select Market","USD","USD","1","Financial Services","Credit Services","Finance","45091340288","USD","2026-09-16","quote date shown by market-cap source","provider raw value","2026-09-16","company matched to selected lookup listing","","","","405","https://finance.yahoo.com/quote/PYPL/","https://finance.yahoo.com/quote/PYPL/","https://finance.yahoo.com/quote/PYPL/","https://finance.yahoo.com/quote/PYPL/",""
"PBH.AS","PB Holding N.V.","PB HOLDING N.V.","PBH","Euronext Amsterdam","EUR","EUR","1","Industrials","Specialty Business Services","Autres","18190000","EUR","2026-09-16","retrieval date of daily exchange list","rounded source display","2026-09-16","company matched to selected lookup listing","rounded-cap","","","406","https://stockanalysis.com/quote/ams/PBH/","https://query2.finance.yahoo.com/v8/finance/chart/PBH.AS?interval=1d&range=1d","https://query2.finance.yahoo.com/v1/finance/search?q=PB+HOLDING+N.V.&quotesCount=8&newsCount=0","https://stockanalysis.com/list/euronext-amsterdam/",""
"PDD","PDD Holdings Inc.","PDD Holdings","PDD","Nasdaq Global Select Market","USD","USD","1","Consumer Cyclical","Internet Retail","IT","112106708992","USD","2026-09-16","quote date shown by market-cap source","provider raw value","2026-09-16","company matched to selected lookup listing","","US-listed American depositary shares selected.","","407","https://finance.yahoo.com/quote/PDD/","https://finance.yahoo.com/quote/PDD/","https://finance.yahoo.com/quote/PDD/","https://finance.yahoo.com/quote/PDD/",""
"PEP","PepsiCo, Inc.","PepsiCo","PEP","Nasdaq Global Select Market","USD","USD","1","Consumer Defensive","Beverages - Non-Alcoholic","Biens de consommation courants","183508434944","USD","2026-09-16","quote date shown by market-cap source","provider raw value","2026-09-16","company matched to selected lookup listing","","","","408","https://finance.yahoo.com/quote/PEP/","https://finance.yahoo.com/quote/PEP/","https://finance.yahoo.com/quote/PEP/","https://finance.yahoo.com/quote/PEP/",""
"RI.PA","Pernod Ricard SA","PERNOD RICARD","RI","Euronext Paris","EUR","EUR","1","Consumer Defensive","Beverages - Wineries & Distilleries","Biens de consommation courants","15244793856","EUR","2026-09-16","quote date shown by market-cap source","provider raw value","2026-09-16","company matched to selected lookup listing","","","","409","https://finance.yahoo.com/quote/RI.PA/","https://finance.yahoo.com/quote/RI.PA/","https://finance.yahoo.com/quote/RI.PA/","https://finance.yahoo.com/quote/RI.PA/",""
"PSH.L","Pershing Square Holdings, Ltd.","PERSHING SQUARE HOLDINGS LTD.","PSH","London Stock Exchange","GBp","GBP","0.01","Financial Services","Asset Management","Finance","6570000000","GBP","2026-09-16","quote date shown by market-cap source","rounded source display","2026-09-16","company matched to selected lookup listing","rounded-cap","London listing selected. Quote currency is pence; market capitalization is in pounds (GBP).","","410","https://finance.yahoo.com/quote/PSH.L/","https://finance.yahoo.com/quote/PSH.L/","https://finance.yahoo.com/quote/PSH.L/","https://stockanalysis.com/quote/lon/PSH/",""
"PEUG.PA","Peugeot Invest Société anonyme","PEUGEOT INVEST","PEUG","Euronext Paris","EUR","EUR","1","Financial Services","Asset Management","Finance","1340000000","EUR","2026-09-16","quote date shown by market-cap source","rounded source display","2026-09-16","company matched to selected lookup listing","rounded-cap","","","411","https://stockanalysis.com/quote/epa/PEUG/","https://query2.finance.yahoo.com/v8/finance/chart/PEUG.PA?interval=1d&range=1d","https://query2.finance.yahoo.com/v1/finance/search?q=PEUGEOT+INVEST&quotesCount=8&newsCount=0","https://stockanalysis.com/quote/epa/PEUG/",""
"PFE","Pfizer Inc.","Pfizer","PFE","NYSE","USD","USD","1","Healthcare","Drug Manufacturers - General","Soins de santé","156513026048","USD","2026-09-16","quote date shown by market-cap source","provider raw value","2026-09-16","company matched to selected lookup listing","","","","412","https://finance.yahoo.com/quote/PFE/","https://finance.yahoo.com/quote/PFE/","https://finance.yahoo.com/quote/PFE/","https://finance.yahoo.com/quote/PFE/",""
"PHARM.AS","Pharming Group N.V.","PHARMING GROUP","PHARM","Euronext Amsterdam","EUR","EUR","1","Healthcare","Biotechnology","Soins de santé","650030000","EUR","2026-09-16","retrieval date of daily exchange list","rounded source display","2026-09-16","company matched to selected lookup listing","rounded-cap","","","413","https://stockanalysis.com/quote/ams/PHARM/","https://query2.finance.yahoo.com/v8/finance/chart/PHARM.AS?interval=1d&range=1d","https://query2.finance.yahoo.com/v1/finance/search?q=PHARMING+GROUP&quotesCount=8&newsCount=0","https://stockanalysis.com/list/euronext-amsterdam/",""
"PM","Philip Morris International Inc.","Philip Morris International","PM","NYSE","USD","USD","1","Consumer Defensive","Tobacco","Biens de consommation courants","298801790976","USD","2026-09-16","quote date shown by market-cap source","provider raw value","2026-09-16","company matched to selected lookup listing","","","","414","https://finance.yahoo.com/quote/PM/","https://finance.yahoo.com/quote/PM/","https://finance.yahoo.com/quote/PM/","https://finance.yahoo.com/quote/PM/",""
"PAH3.DE","Porsche Automobil Holding SE","PORSCHE AUTOMOBIL HOLDING SE","PAH3","Xetra","EUR","EUR","1","Consumer Cyclical","Auto Manufacturers","Consommation discrétionnaire","8798562304","EUR","2026-09-16","quote date shown by market-cap source","provider raw value","2026-09-16","company matched to selected lookup listing","","","","416","https://finance.yahoo.com/quote/PAH3.DE/","https://finance.yahoo.com/quote/PAH3.DE/","https://finance.yahoo.com/quote/PAH3.DE/","https://finance.yahoo.com/quote/PAH3.DE/",""
"PNL.AS","PostNL N.V.","POSTNL","PNL","Euronext Amsterdam","EUR","EUR","1","Industrials","Integrated Freight & Logistics","Industrie","448910000","EUR","2026-09-16","retrieval date of daily exchange list","rounded source display","2026-09-16","company matched to selected lookup listing","rounded-cap","","","417","https://stockanalysis.com/quote/ams/PNL/","https://query2.finance.yahoo.com/v8/finance/chart/PNL.AS?interval=1d&range=1d","https://query2.finance.yahoo.com/v1/finance/search?q=POSTNL&quotesCount=8&newsCount=0","https://stockanalysis.com/list/euronext-amsterdam/",""
"PPG","PPG Industries, Inc.","PPG Industries","PPG","NYSE","USD","USD","1","Basic Materials","Specialty Chemicals","Matériaux","23337054208","USD","2026-09-16","quote date shown by market-cap source","provider raw value","2026-09-16","company matched to selected lookup listing","","","","418","https://finance.yahoo.com/quote/PPG/","https://finance.yahoo.com/quote/PPG/","https://finance.yahoo.com/quote/PPG/","https://finance.yahoo.com/quote/PPG/",""
"PLD","Prologis, Inc.","PROLOGIS","PLD","NYSE","USD","USD","1","Real Estate","REIT — Industrial","Immobilier","130007506944","USD","2026-09-16","quote date shown by market-cap source","provider raw value","2026-09-16","company matched to selected lookup listing","","","","421","https://finance.yahoo.com/quote/PLD/","https://finance.yahoo.com/quote/PLD/","https://query2.finance.yahoo.com/v1/finance/search?q=PROLOGIS&quotesCount=8&newsCount=0","https://finance.yahoo.com/quote/PLD/",""
"PRX.AS","Prosus N.V.","PROSUS","PRX","Euronext Amsterdam","EUR","EUR","1","Consumer Cyclical","Internet Retail","Industrie","74471948288","EUR","2026-09-16","quote date shown by market-cap source","provider raw value","2026-09-16","company matched to selected lookup listing","","","","422","https://finance.yahoo.com/quote/PRX.AS/","https://finance.yahoo.com/quote/PRX.AS/","https://finance.yahoo.com/quote/PRX.AS/","https://finance.yahoo.com/quote/PRX.AS/",""
"PROX.BR","Proximus PLC","PROXIMUS","PROX","Euronext Brussels","EUR","EUR","1","Communication Services","Telecom Services","Services publics","2060000000","EUR","2026-09-16","retrieval date of daily exchange list","rounded source display","2026-09-16","company matched to selected lookup listing","rounded-cap","","","423","https://stockanalysis.com/quote/ebr/PROX/","https://query2.finance.yahoo.com/v8/finance/chart/PROX.BR?interval=1d&range=1d","https://query2.finance.yahoo.com/v1/finance/search?q=PROXIMUS&quotesCount=8&newsCount=0","https://stockanalysis.com/list/euronext-brussels/",""
"PUB.PA","Publicis Groupe S.A.","PUBLICIS GROUPE SA","PUB","Euronext Paris","EUR","EUR","1","Communication Services","Advertising Agencies","Consommation discrétionnaire","24670000000","EUR","2026-09-16","quote date shown by market-cap source","rounded source display","2026-09-16","company matched to selected lookup listing","rounded-cap","","","424","https://finance.yahoo.com/quote/PUB.PA/","https://finance.yahoo.com/quote/PUB.PA/","https://query2.finance.yahoo.com/v1/finance/search?q=PUBLICIS+GROUPE+SA&quotesCount=8&newsCount=0","https://stockanalysis.com/quote/epa/PUB/",""
"PUM.DE","PUMA SE","PUMA SE","PUM","Xetra","EUR","EUR","1","Consumer Cyclical","Footwear & Accessories","Consommation discrétionnaire","3210000000","EUR","2026-09-16","quote date shown by market-cap source","rounded source display","2026-09-16","company matched to selected lookup listing","rounded-cap","","","425","https://finance.yahoo.com/quote/PUM.DE/","https://finance.yahoo.com/quote/PUM.DE/","https://finance.yahoo.com/quote/PUM.DE/","https://stockanalysis.com/quote/etr/PUM/",""
"QCOM","QUALCOMM Incorporated","QUALCOMM","QCOM","Nasdaq Global Select Market","USD","USD","1","Technology","Semiconductors","IT","197420302336","USD","2026-09-16","quote date shown by market-cap source","provider raw value","2026-09-16","company matched to selected lookup listing","","","","426","https://finance.yahoo.com/quote/QCOM/","https://finance.yahoo.com/quote/QCOM/","https://finance.yahoo.com/quote/QCOM/","https://finance.yahoo.com/quote/QCOM/",""
"QFG.BR","Quest for Growth NV","QUESTFOR GR-PRICAF","QFG","Euronext Brussels","EUR","EUR","1","Financial Services","Asset Management","Autres","","EUR","","unavailable","","2026-09-16","company matched to selected lookup listing","missing-cap","Closed-end investment company. A sufficiently current market-cap figure was not available from the collected sources.","","427","https://stockanalysis.com/quote/ebr/QFG/","https://query2.finance.yahoo.com/v8/finance/chart/QFG.BR?interval=1d&range=1d","https://query2.finance.yahoo.com/v1/finance/search?q=QUESTFOR+GR-PRICAF&quotesCount=8&newsCount=0","",""
"RL","Ralph Lauren Corporation","Ralph Lauren Corp","RL","NYSE","USD","USD","1","Consumer Cyclical","Apparel Manufacturing","Consommation discrétionnaire","20160245760","USD","2026-09-16","quote date shown by market-cap source","provider raw value","2026-09-16","company matched to selected lookup listing","","","","428","https://finance.yahoo.com/quote/RL/","https://finance.yahoo.com/quote/RL/","https://finance.yahoo.com/quote/RL/","https://finance.yahoo.com/quote/RL/",""
"RMBS","Rambus Inc.","RAMBUS","RMBS","Nasdaq Global Select Market","USD","USD","1","Technology","Semiconductors","IT","8829858816","USD","2026-09-16","quote date shown by market-cap source","provider raw value","2026-09-16","company matched to selected lookup listing","","","","429","https://finance.yahoo.com/quote/RMBS/","https://finance.yahoo.com/quote/RMBS/","https://finance.yahoo.com/quote/RMBS/","https://finance.yahoo.com/quote/RMBS/",""
"RAND.AS","Randstad N.V.","Randstad N.V.","RAND","Euronext Amsterdam","EUR","EUR","1","Industrials","Staffing & Employment Services","Industrie","6460000000","EUR","2026-09-16","retrieval date of daily exchange list","rounded source display","2026-09-16","company matched to selected lookup listing","rounded-cap","","","430","https://stockanalysis.com/quote/ams/RAND/","https://query2.finance.yahoo.com/v8/finance/chart/RAND.AS?interval=1d&range=1d","https://query2.finance.yahoo.com/v1/finance/search?q=Randstad+N.V.&quotesCount=8&newsCount=0","https://stockanalysis.com/list/euronext-amsterdam/",""
"O","Realty Income Corporation","Realty Income Corp","O","NYSE","USD","USD","1","Real Estate","REIT - Retail","Immobilier","54076362752","USD","2026-09-16","quote date shown by market-cap source","provider raw value","2026-09-16","company matched to selected lookup listing","","","","431","https://finance.yahoo.com/quote/O/","https://finance.yahoo.com/quote/O/","https://finance.yahoo.com/quote/O/","https://finance.yahoo.com/quote/O/",""
"RECT.BR","Recticel SA/NV","RECTICEL","RECT","Euronext Brussels","EUR","EUR","1","Industrials","Building Products & Equipment","Matériaux","709700000","EUR","2026-09-16","retrieval date of daily exchange list","rounded source display","2026-09-16","company matched to selected lookup listing","rounded-cap","","","432","https://stockanalysis.com/quote/ebr/RECT/","https://query2.finance.yahoo.com/v8/finance/chart/RECT.BR?interval=1d&range=1d","https://query2.finance.yahoo.com/v1/finance/search?q=RECTICEL&quotesCount=8&newsCount=0","https://stockanalysis.com/list/euronext-brussels/",""
"REGN","Regeneron Pharmaceuticals, Inc.","Regeneron Pharmaceuticals","REGN","Nasdaq Global Select Market","USD","USD","1","Healthcare","Biotechnology","Soins de santé","79749963776","USD","2026-09-16","quote date shown by market-cap source","provider raw value","2026-09-16","company matched to selected lookup listing","","","","433","https://finance.yahoo.com/quote/REGN/","https://finance.yahoo.com/quote/REGN/","https://finance.yahoo.com/quote/REGN/","https://finance.yahoo.com/quote/REGN/",""
"REN.AS","RELX PLC","RELX","REN","Euronext Amsterdam","EUR","EUR","1","Industrials","Specialty Business Services","Autres","51740000000","EUR","2026-09-16","retrieval date of daily exchange list","rounded source display","2026-09-16","company matched to selected lookup listing","rounded-cap","","","434","https://stockanalysis.com/quote/ams/REN/","https://query2.finance.yahoo.com/v8/finance/chart/REN.AS?interval=1d&range=1d","https://query2.finance.yahoo.com/v1/finance/search?q=RELX&quotesCount=8&newsCount=0","https://stockanalysis.com/list/euronext-amsterdam/",""
"RNO.PA","Renault SA","RENAULT","RNO","Euronext Paris","EUR","EUR","1","Consumer Cyclical","Auto Manufacturers","Consommation discrétionnaire","8180586496","EUR","2026-09-16","quote date shown by market-cap source","provider raw value","2026-09-16","company matched to selected lookup listing","","","","435","https://finance.yahoo.com/quote/RNO.PA/","https://finance.yahoo.com/quote/RNO.PA/","https://finance.yahoo.com/quote/RNO.PA/","https://finance.yahoo.com/quote/RNO.PA/",""
"RSG","Republic Services, Inc.","Republic Services","RSG","NYSE","USD","USD","1","Industrials","Waste Management","Industrie","67305615360","USD","2026-09-16","quote date shown by market-cap source","provider raw value","2026-09-16","company matched to selected lookup listing","","","","436","https://finance.yahoo.com/quote/RSG/","https://finance.yahoo.com/quote/RSG/","https://finance.yahoo.com/quote/RSG/","https://finance.yahoo.com/quote/RSG/",""
"RET.BR","Retail Estates N.V.","RETAIL ESTATES","RET","Euronext Brussels","EUR","EUR","1","Real Estate","REIT — Retail","Immobilier","957180000","EUR","2026-09-16","retrieval date of daily exchange list","rounded source display","2026-09-16","company matched to selected lookup listing","rounded-cap","","","437","https://stockanalysis.com/quote/ebr/RET/","https://query2.finance.yahoo.com/v8/finance/chart/RET.BR?interval=1d&range=1d","https://query2.finance.yahoo.com/v1/finance/search?q=RETAIL+ESTATES&quotesCount=8&newsCount=0","https://stockanalysis.com/list/euronext-brussels/",""
"RHM.DE","Rheinmetall AG","RHEINMETALL AG","RHM","Xetra","EUR","EUR","1","Industrials","Aerospace & Defense","Autres","47274749952","EUR","2026-09-16","quote date shown by market-cap source","provider raw value","2026-09-16","company matched to selected lookup listing","","","","438","https://finance.yahoo.com/quote/RHM.DE/","https://finance.yahoo.com/quote/RHM.DE/","https://finance.yahoo.com/quote/RHM.DE/","https://finance.yahoo.com/quote/RHM.DE/",""
"RIEN.SW","Rieter Holding AG","RIETER HOLDING AG","RIEN","SIX Swiss Exchange","CHF","CHF","1","Industrials","Specialty Industrial Machinery","Industrie","419450000","CHF","2026-09-04","quote date shown by market-cap source","rounded source display","2026-09-16","company matched to selected lookup listing","older-cap; rounded-cap","Market-cap source snapshot is over five calendar days old; see source date.","","439","https://stockanalysis.com/quote/swx/RIEN/","https://query2.finance.yahoo.com/v8/finance/chart/RIEN.SW?interval=1d&range=1d","https://query2.finance.yahoo.com/v1/finance/search?q=RIETER+HOLDING+AG&quotesCount=8&newsCount=0","https://stockanalysis.com/quote/swx/RIEN/",""
"RIO.L","Rio Tinto Group","RIO TINTO PLC","RIO","London Stock Exchange","GBp","GBP","0.01","Basic Materials","Other Industrial Metals & Mining","Autres","117130403840","GBP","2026-09-16","quote date shown by market-cap source","provider raw value","2026-09-16","company matched to selected lookup listing","","Quote currency is pence; market capitalization is in pounds (GBP).","","440","https://finance.yahoo.com/quote/RIO.L/","https://finance.yahoo.com/quote/RIO.L/","https://finance.yahoo.com/quote/RIO.L/","https://finance.yahoo.com/quote/RIO.L/",""
"HOOD","Robinhood Markets, Inc.","Robinhood Markets","HOOD","Nasdaq Global Select Market","USD","USD","1","Financial Services","Capital Markets","Finance","93882171392","USD","2026-09-16","quote date shown by market-cap source","provider raw value","2026-09-16","company matched to selected lookup listing","","","","441","https://finance.yahoo.com/quote/HOOD/","https://finance.yahoo.com/quote/HOOD/","https://finance.yahoo.com/quote/HOOD/","https://finance.yahoo.com/quote/HOOD/",""
"ROP.SW","Roche Holding AG","ROCHE HOLDING AG","ROP","SIX Swiss Exchange","CHF","CHF","1","Healthcare","Drug Manufacturers - General","Autres","288827637760","CHF","2026-09-16","quote date shown by market-cap source","provider raw value","2026-09-16","share class not confirmed","share-class","Non-voting participation certificates ROP selected; bearer shares RO also exist. ROP replaced ROG on 2026-03-17. Challenge share class not confirmed.","RO.SW","442","https://finance.yahoo.com/quote/ROP.SW/","https://finance.yahoo.com/quote/ROP.SW/","https://finance.yahoo.com/quote/ROP.SW/","https://finance.yahoo.com/quote/ROP.SW/","https://www.roche.com/investors/updates/inv-update-2026-03-16"
"RR.L","Rolls-Royce Holdings plc","ROLLS ROYCE HOLDINGS PLC","RR","London Stock Exchange","GBp","GBP","0.01","Industrials","Aerospace & Defense","Industrie","118724427776","GBP","2026-09-16","quote date shown by market-cap source","provider raw value","2026-09-16","company matched to selected lookup listing","","Quote currency is pence; market capitalization is in pounds (GBP).","","443","https://finance.yahoo.com/quote/RR.L/","https://finance.yahoo.com/quote/RR.L/","https://finance.yahoo.com/quote/RR.L/","https://finance.yahoo.com/quote/RR.L/",""
"ROP","Roper Technologies, Inc.","Roper Technologies","ROP","Nasdaq Global Select Market","USD","USD","1","Technology","Software - Application","IT","37168926720","USD","2026-09-16","quote date shown by market-cap source","provider raw value","2026-09-16","company matched to selected lookup listing","","","","444","https://finance.yahoo.com/quote/ROP/","https://finance.yahoo.com/quote/ROP/","https://finance.yahoo.com/quote/ROP/","https://finance.yahoo.com/quote/ROP/",""
"ROST","Ross Stores, Inc.","Ross Stores","ROST","Nasdaq Global Select Market","USD","USD","1","Consumer Cyclical","Apparel Retail","Consommation discrétionnaire","72111587328","USD","2026-09-16","quote date shown by market-cap source","provider raw value","2026-09-16","company matched to selected lookup listing","","","","445","https://finance.yahoo.com/quote/ROST/","https://finance.yahoo.com/quote/ROST/","https://finance.yahoo.com/quote/ROST/","https://finance.yahoo.com/quote/ROST/",""
"ROU.BR","Roularta Media Group NV","ROULARTA","ROU","Euronext Brussels","EUR","EUR","1","Communication Services","Publishing","Consommation discrétionnaire","152410000","EUR","2026-09-16","retrieval date of daily exchange list","rounded source display","2026-09-16","company matched to selected lookup listing","rounded-cap","","","446","https://stockanalysis.com/quote/ebr/ROU/","https://query2.finance.yahoo.com/v8/finance/chart/ROU.BR?interval=1d&range=1d","https://query2.finance.yahoo.com/v1/finance/search?q=ROULARTA&quotesCount=8&newsCount=0","https://stockanalysis.com/list/euronext-brussels/",""
"RCL","Royal Caribbean Cruises Ltd.","Royal Caribbean Group","RCL","NYSE","USD","USD","1","Consumer Cyclical","Travel Services","Consommation discrétionnaire","67911430144","USD","2026-09-16","quote date shown by market-cap source","provider raw value","2026-09-16","company matched to selected lookup listing","","","","447","https://finance.yahoo.com/quote/RCL/","https://finance.yahoo.com/quote/RCL/","https://finance.yahoo.com/quote/RCL/","https://finance.yahoo.com/quote/RCL/",""
"RTX","RTX Corporation","RTX Corp","RTX","NYSE","USD","USD","1","Industrials","Aerospace & Defense","Industrie","265279225856","USD","2026-09-16","quote date shown by market-cap source","provider raw value","2026-09-16","company matched to selected lookup listing","","","","448","https://finance.yahoo.com/quote/RTX/","https://finance.yahoo.com/quote/RTX/","https://finance.yahoo.com/quote/RTX/","https://finance.yahoo.com/quote/RTX/",""
"RWE.DE","RWE Aktiengesellschaft","RWE AG","RWE","Xetra","EUR","EUR","1","Utilities","Utilities - Diversified","Services publics","46736707584","EUR","2026-09-16","quote date shown by market-cap source","provider raw value","2026-09-16","company matched to selected lookup listing","","","","449","https://finance.yahoo.com/quote/RWE.DE/","https://finance.yahoo.com/quote/RWE.DE/","https://finance.yahoo.com/quote/RWE.DE/","https://finance.yahoo.com/quote/RWE.DE/",""
"DPT.PA","S.T. Dupont S.A.","ST DUPONT","DPT","Euronext Paris","EUR","EUR","1","Consumer Cyclical","Luxury Goods","Autres","84560000","EUR","2026-09-03","quote date shown by market-cap source","rounded source display","2026-09-16","company matched to selected lookup listing","older-cap; rounded-cap","Market-cap source snapshot is over five calendar days old; see source date.","","479","https://stockanalysis.com/quote/epa/DPT/","https://query2.finance.yahoo.com/v8/finance/chart/DPT.PA?interval=1d&range=1d","https://query2.finance.yahoo.com/v1/finance/search?q=ST+DUPONT&quotesCount=8&newsCount=0","https://stockanalysis.com/quote/epa/DPT/",""
"SPGI","S&P Global Inc.","S&P Global","SPGI","NYSE","USD","USD","1","Financial Services","Financial Data & Stock Exchanges","Finance","119912849408","USD","2026-09-16","quote date shown by market-cap source","provider raw value","2026-09-16","company matched to selected lookup listing","","","","450","https://finance.yahoo.com/quote/SPGI/","https://finance.yahoo.com/quote/SPGI/","https://finance.yahoo.com/quote/SPGI/","https://finance.yahoo.com/quote/SPGI/",""
"SAF.PA","Safran SA","SAFRAN","SAF","Euronext Paris","EUR","EUR","1","Industrials","Aerospace & Defense","Industrie","135211065344","EUR","2026-09-16","quote date shown by market-cap source","provider raw value","2026-09-16","company matched to selected lookup listing","","","","452","https://finance.yahoo.com/quote/SAF.PA/","https://finance.yahoo.com/quote/SAF.PA/","https://finance.yahoo.com/quote/SAF.PA/","https://finance.yahoo.com/quote/SAF.PA/",""
"CRM","Salesforce, Inc.","Salesforce","CRM","NYSE","USD","USD","1","Technology","Software - Application","IT","206194409472","USD","2026-09-16","quote date shown by market-cap source","provider raw value","2026-09-16","company matched to selected lookup listing","","","","454","https://finance.yahoo.com/quote/CRM/","https://finance.yahoo.com/quote/CRM/","https://finance.yahoo.com/quote/CRM/","https://finance.yahoo.com/quote/CRM/",""
"SNDK","Sandisk Corporation","SANDISK","SNDK","Nasdaq Global Select Market","USD","USD","1","Technology","Computer Hardware","IT","222552489984","USD","2026-09-16","quote date shown by market-cap source","provider raw value","2026-09-16","company matched to selected lookup listing","","","","455","https://finance.yahoo.com/quote/SNDK/","https://finance.yahoo.com/quote/SNDK/","https://finance.yahoo.com/quote/SNDK/","https://finance.yahoo.com/quote/SNDK/",""
"SAN.PA","Sanofi","SANOFI","SAN","Euronext Paris","EUR","EUR","1","Healthcare","Drug Manufacturers - General","Soins de santé","89076408320","EUR","2026-09-16","quote date shown by market-cap source","provider raw value","2026-09-16","company matched to selected lookup listing","","","","456","https://finance.yahoo.com/quote/SAN.PA/","https://finance.yahoo.com/quote/SAN.PA/","https://finance.yahoo.com/quote/SAN.PA/","https://finance.yahoo.com/quote/SAN.PA/",""
"SAP.DE","SAP SE","SAP SE","SAP","Xetra","EUR","EUR","1","Technology","Software - Application","IT","215328342016","EUR","2026-09-16","quote date shown by market-cap source","provider raw value","2026-09-16","company matched to selected lookup listing","","","","457","https://finance.yahoo.com/quote/SAP.DE/","https://finance.yahoo.com/quote/SAP.DE/","https://finance.yahoo.com/quote/SAP.DE/","https://finance.yahoo.com/quote/SAP.DE/",""
"SBMO.AS","SBM Offshore N.V.","SBM OFFSHORE","SBMO","Euronext Amsterdam","EUR","EUR","1","Energy","Oil & Gas Equipment & Services","Autres","5980000000","EUR","2026-09-16","retrieval date of daily exchange list","rounded source display","2026-09-16","company matched to selected lookup listing","rounded-cap","","","458","https://stockanalysis.com/quote/ams/SBMO/","https://query2.finance.yahoo.com/v8/finance/chart/SBMO.AS?interval=1d&range=1d","https://query2.finance.yahoo.com/v1/finance/search?q=SBM+OFFSHORE&quotesCount=8&newsCount=0","https://stockanalysis.com/list/euronext-amsterdam/",""
"SU.PA","Schneider Electric S.E.","SCHNEIDER ELECTRIC SE","SU","Euronext Paris","EUR","EUR","1","Industrials","Specialty Industrial Machinery","Industrie","157401497600","EUR","2026-09-16","quote date shown by market-cap source","provider raw value","2026-09-16","company matched to selected lookup listing","","","","460","https://finance.yahoo.com/quote/SU.PA/","https://finance.yahoo.com/quote/SU.PA/","https://finance.yahoo.com/quote/SU.PA/","https://finance.yahoo.com/quote/SU.PA/",""
"SK.PA","SEB SA","S.E.B.","SK","Euronext Paris","EUR","EUR","1","Consumer Cyclical","Furnishings, Fixtures & Appliances","Consommation discrétionnaire","3059263488","EUR","2026-09-15","quote date shown by market-cap source","provider raw value","2026-09-16","company matched to selected lookup listing","","","","451","https://finance.yahoo.com/quote/SK.PA/","https://finance.yahoo.com/quote/SK.PA/","https://finance.yahoo.com/quote/SK.PA/","https://finance.yahoo.com/quote/SK.PA/",""
"NOW","ServiceNow, Inc.","SERVICENOW","NOW","NYSE","USD","USD","1","Technology","Software - Application","IT","144554590208","USD","2026-09-16","quote date shown by market-cap source","provider raw value","2026-09-16","company matched to selected lookup listing","","","","461","https://finance.yahoo.com/quote/NOW/","https://finance.yahoo.com/quote/NOW/","https://finance.yahoo.com/quote/NOW/","https://finance.yahoo.com/quote/NOW/",""
"SHELL.AS","Shell plc","SHELL PLC","SHELL","Euronext Amsterdam","EUR","EUR","1","Energy","Oil & Gas Integrated","Énergie","239088828416","EUR","2026-09-16","quote date shown by market-cap source","provider raw value","2026-09-16","company matched to selected lookup listing","","","","462","https://finance.yahoo.com/quote/SHELL.AS/","https://finance.yahoo.com/quote/SHELL.AS/","https://finance.yahoo.com/quote/SHELL.AS/","https://finance.yahoo.com/quote/SHELL.AS/",""
"SHUR.BR","Shurgard Self Storage Ltd","SHURGARD","SHUR","Euronext Brussels","EUR","EUR","1","Real Estate","REIT - Specialty","Immobilier","2342557952","EUR","2026-09-16","quote date shown by market-cap source","provider raw value","2026-09-16","company matched to selected lookup listing","","","","464","https://finance.yahoo.com/quote/SHUR.BR/","https://finance.yahoo.com/quote/SHUR.BR/","https://finance.yahoo.com/quote/SHUR.BR/","https://finance.yahoo.com/quote/SHUR.BR/",""
"SIE.DE","Siemens Aktiengesellschaft","SIEMENS AG","SIE","Xetra","EUR","EUR","1","Industrials","Specialty Industrial Machinery","Industrie","198760000000","EUR","2026-09-16","quote date shown by market-cap source","rounded source display","2026-09-16","company matched to selected lookup listing","rounded-cap","","","465","https://finance.yahoo.com/quote/SIE.DE/","https://finance.yahoo.com/quote/SIE.DE/","https://finance.yahoo.com/quote/SIE.DE/","https://stockanalysis.com/quote/etr/SIE/",""
"ENR.DE","Siemens Energy AG","SIEMENS ENERGY AG","ENR","Xetra","EUR","EUR","1","Industrials","Specialty Industrial Machinery","Énergie","116668350464","EUR","2026-09-16","quote date shown by market-cap source","provider raw value","2026-09-16","company matched to selected lookup listing","","","","466","https://finance.yahoo.com/quote/ENR.DE/","https://finance.yahoo.com/quote/ENR.DE/","https://finance.yahoo.com/quote/ENR.DE/","https://finance.yahoo.com/quote/ENR.DE/",""
"SHL.DE","Siemens Healthineers AG","SIEMENS HEALTHINEERS AG","SHL","Xetra","EUR","EUR","1","Healthcare","Medical Devices","Soins de santé","42700000000","EUR","2026-09-16","quote date shown by market-cap source","rounded source display","2026-09-16","company matched to selected lookup listing","rounded-cap","","","467","https://finance.yahoo.com/quote/SHL.DE/","https://finance.yahoo.com/quote/SHL.DE/","https://finance.yahoo.com/quote/SHL.DE/","https://stockanalysis.com/quote/etr/SHL/",""
"SIFG.AS","Sif Holding N.V.","SIF HOLDING","SIFG","Euronext Amsterdam","EUR","EUR","1","Industrials","Metal Fabrication","Industrie","95793000","EUR","2026-09-16","quote date shown by market-cap source","provider raw value","2026-09-16","company matched to selected lookup listing","","","","468","https://finance.yahoo.com/quote/SIFG.AS/","https://finance.yahoo.com/quote/SIFG.AS/","https://query2.finance.yahoo.com/v1/finance/search?q=SIF+HOLDING&quotesCount=8&newsCount=0","https://finance.yahoo.com/quote/SIFG.AS/",""
"LIGHT.AS","Signify N.V.","SIGNIFY NV","LIGHT","Euronext Amsterdam","EUR","EUR","1","Industrials","Electrical Equipment & Parts","Industrie","1740000000","EUR","2026-09-16","retrieval date of daily exchange list","rounded source display","2026-09-16","company matched to selected lookup listing","rounded-cap","","","469","https://stockanalysis.com/quote/ams/LIGHT/","https://query2.finance.yahoo.com/v8/finance/chart/LIGHT.AS?interval=1d&range=1d","https://query2.finance.yahoo.com/v1/finance/search?q=SIGNIFY+NV&quotesCount=8&newsCount=0","https://stockanalysis.com/list/euronext-amsterdam/",""
"SIP.BR","Sipef NV","SIPEF","SIP","Euronext Brussels","EUR","EUR","1","Consumer Defensive","Farm Products","Biens de consommation courants","1130000000","EUR","2026-09-16","retrieval date of daily exchange list","rounded source display","2026-09-16","company matched to selected lookup listing","rounded-cap","","","470","https://stockanalysis.com/quote/ebr/SIP/","https://query2.finance.yahoo.com/v8/finance/chart/SIP.BR?interval=1d&range=1d","https://query2.finance.yahoo.com/v1/finance/search?q=SIPEF&quotesCount=8&newsCount=0","https://stockanalysis.com/list/euronext-brussels/",""
"000660.KS","SK hynix Inc.","SK HYNIX","000660","Korea Exchange (KOSPI)","KRW","KRW","1","Technology","Semiconductors","IT","1248634771341312","KRW","2026-09-16","quote date shown by market-cap source","provider raw value","2026-09-16","company matched to selected lookup listing","","","","471","https://finance.yahoo.com/quote/000660.KS/","https://finance.yahoo.com/quote/000660.KS/","https://finance.yahoo.com/quote/000660.KS/","https://finance.yahoo.com/quote/000660.KS/",""
"SLB","SLB N.V.","Schlumberger Limited","SLB","NYSE","USD","USD","1","Energy","Oil & Gas Equipment & Services","Énergie","77620690944","USD","2026-09-16","quote date shown by market-cap source","provider raw value","2026-09-16","company matched to selected lookup listing","","Challenge uses Schlumberger; current quoted name is SLB.","","459","https://finance.yahoo.com/quote/SLB/","https://finance.yahoo.com/quote/SLB/","https://finance.yahoo.com/quote/SLB/","https://finance.yahoo.com/quote/SLB/",""
"SLIGR.AS","Sligro Food Group N.V.","Sligro Food Group N.V.","SLIGR","Euronext Amsterdam","EUR","EUR","1","Consumer Defensive","Food Distribution","Biens de consommation courants","449850000","EUR","2026-09-16","retrieval date of daily exchange list","rounded source display","2026-09-16","company matched to selected lookup listing","rounded-cap","","","472","https://stockanalysis.com/quote/ams/SLIGR/","https://query2.finance.yahoo.com/v8/finance/chart/SLIGR.AS?interval=1d&range=1d","https://query2.finance.yahoo.com/v1/finance/search?q=Sligro+Food+Group+N.V.&quotesCount=8&newsCount=0","https://stockanalysis.com/list/euronext-amsterdam/",""
"GLE.PA","Société Générale Société anonyme","SOCIETE GENERALE","GLE","Euronext Paris","EUR","EUR","1","Financial Services","Banks - Regional","Finance","53819355136","EUR","2026-09-16","quote date shown by market-cap source","provider raw value","2026-09-16","company matched to selected lookup listing","","","","473","https://finance.yahoo.com/quote/GLE.PA/","https://finance.yahoo.com/quote/GLE.PA/","https://finance.yahoo.com/quote/GLE.PA/","https://finance.yahoo.com/quote/GLE.PA/",""
"SW.PA","Sodexo S.A.","SODEXO","SW","Euronext Paris","EUR","EUR","1","Industrials","Specialty Business Services","Industrie","8250000000","EUR","2026-09-16","quote date shown by market-cap source","rounded source display","2026-09-16","company matched to selected lookup listing","rounded-cap","","","474","https://finance.yahoo.com/quote/SW.PA/","https://finance.yahoo.com/quote/SW.PA/","https://finance.yahoo.com/quote/SW.PA/","https://stockanalysis.com/quote/epa/SW/",""
"SOF.BR","Sofina Société Anonyme","SOFINA","SOF","Euronext Brussels","EUR","EUR","1","Financial Services","Asset Management","Finance","9020000000","EUR","2026-09-16","retrieval date of daily exchange list","rounded source display","2026-09-16","company matched to selected lookup listing","rounded-cap","","","475","https://stockanalysis.com/quote/ebr/SOF/","https://query2.finance.yahoo.com/v8/finance/chart/SOF.BR?interval=1d&range=1d","https://query2.finance.yahoo.com/v1/finance/search?q=SOFINA&quotesCount=8&newsCount=0","https://stockanalysis.com/list/euronext-brussels/",""
"SOLB.BR","Solvay SA","SOLVAY","SOLB","Euronext Brussels","EUR","EUR","1","Basic Materials","Chemicals","Matériaux","2705979648","EUR","2026-09-16","quote date shown by market-cap source","provider raw value","2026-09-16","company matched to selected lookup listing","","","","476","https://finance.yahoo.com/quote/SOLB.BR/","https://finance.yahoo.com/quote/SOLB.BR/","https://query2.finance.yahoo.com/v1/finance/search?q=SOLVAY&quotesCount=8&newsCount=0","https://finance.yahoo.com/quote/SOLB.BR/",""
"SPCX","Space Exploration Technologies Corp.","SPACE-X","SPCX","Nasdaq Global Select Market","USD","USD","1","Industrials","Aerospace & Defense","Industrie","1988866998272","USD","2026-09-16","quote date shown by market-cap source","provider raw value","2026-09-16","company matched to selected lookup listing","","SpaceX began Nasdaq trading as SPCX in June 2026.","","478","https://finance.yahoo.com/quote/SPCX/","https://finance.yahoo.com/quote/SPCX/","https://finance.yahoo.com/quote/SPCX/","https://finance.yahoo.com/quote/SPCX/","https://ir.spacex.com/updates/releases-details/2026/Space-Exploration-Technologies-Corp--Announces-Pricing-of-Initial-Public-Offering/default.aspx"
"SBUX","Starbucks Corporation","Starbucks Corp","SBUX","Nasdaq Global Select Market","USD","USD","1","Consumer Cyclical","Restaurants","Consommation discrétionnaire","110967595008","USD","2026-09-16","quote date shown by market-cap source","provider raw value","2026-09-16","company matched to selected lookup listing","","","","480","https://finance.yahoo.com/quote/SBUX/","https://finance.yahoo.com/quote/SBUX/","https://finance.yahoo.com/quote/SBUX/","https://finance.yahoo.com/quote/SBUX/",""
"STLAP.PA","Stellantis N.V.","STELLANTIS NV","STLAP","Euronext Paris","EUR","EUR","1","Consumer Cyclical","Auto Manufacturers","Consommation discrétionnaire","16327582720","EUR","2026-09-16","quote date shown by market-cap source","provider raw value","2026-09-16","company matched to selected lookup listing","","","","481","https://finance.yahoo.com/quote/STLAP.PA/","https://finance.yahoo.com/quote/STLAP.PA/","https://query2.finance.yahoo.com/v1/finance/search?q=STELLANTIS+NV&quotesCount=8&newsCount=0","https://finance.yahoo.com/quote/STLAP.PA/",""
"STMPA.PA","STMicroelectronics N.V.","STMICROELECTRONICS","STMPA","Euronext Paris","EUR","EUR","1","Technology","Semiconductors","IT","38000599040","EUR","2026-09-16","quote date shown by market-cap source","provider raw value","2026-09-16","company matched to selected lookup listing","","","","482","https://finance.yahoo.com/quote/STMPA.PA/","https://finance.yahoo.com/quote/STMPA.PA/","https://query2.finance.yahoo.com/v1/finance/search?q=STMICROELECTRONICS&quotesCount=8&newsCount=0","https://finance.yahoo.com/quote/STMPA.PA/",""
"MSTR","Strategy Inc","MicroStrategy","MSTR","Nasdaq Global Select Market","USD","USD","1","Technology","Software - Application","IT","50129002496","USD","2026-09-16","quote date shown by market-cap source","provider raw value","2026-09-16","company matched to selected lookup listing","","Challenge uses MicroStrategy; current quoted name is Strategy. Ticker remains MSTR.","","351","https://finance.yahoo.com/quote/MSTR/","https://finance.yahoo.com/quote/MSTR/","https://finance.yahoo.com/quote/MSTR/","https://finance.yahoo.com/quote/MSTR/",""
"SYK","Stryker Corporation","Stryker Corp","SYK","NYSE","USD","USD","1","Healthcare","Medical Devices","Soins de santé","109226270720","USD","2026-09-16","quote date shown by market-cap source","provider raw value","2026-09-16","company matched to selected lookup listing","","","","483","https://finance.yahoo.com/quote/SYK/","https://finance.yahoo.com/quote/SYK/","https://finance.yahoo.com/quote/SYK/","https://finance.yahoo.com/quote/SYK/",""
"SMCI","Super Micro Computer, Inc.","Super Micro Computer","SMCI","Nasdaq Global Select Market","USD","USD","1","Technology","Computer Hardware","IT","24209172480","USD","2026-09-16","quote date shown by market-cap source","provider raw value","2026-09-16","company matched to selected lookup listing","","","","484","https://finance.yahoo.com/quote/SMCI/","https://finance.yahoo.com/quote/SMCI/","https://finance.yahoo.com/quote/SMCI/","https://finance.yahoo.com/quote/SMCI/",""
"SHB-A.ST","Svenska Handelsbanken AB (publ)","SVENSKA HANDELSBANKEN AB","SHB A","Nasdaq Stockholm","SEK","SEK","1","Financial Services","Banks - Diversified","Finance","297607528448","SEK","2026-08-31","quote date shown by market-cap source","provider raw value","2026-09-16","share class not confirmed","share-class; older-cap","Class A selected; Class B SHB-B also exists. Challenge share class not confirmed. Market-cap source snapshot is over five calendar days old; see source date.","SHB-B.ST","485","https://finance.yahoo.com/quote/SHB-A.ST/","https://finance.yahoo.com/quote/SHB-A.ST/","https://finance.yahoo.com/quote/SHB-A.ST/","https://finance.yahoo.com/quote/SHB-A.ST/",""
"SCMN.SW","Swisscom AG","SWISSCOM AG","SCMN","SIX Swiss Exchange","CHF","CHF","1","Communication Services","Telecom Services","Services publics","34862706688","CHF","2026-09-16","quote date shown by market-cap source","provider raw value","2026-09-16","company matched to selected lookup listing","","","","487","https://finance.yahoo.com/quote/SCMN.SW/","https://finance.yahoo.com/quote/SCMN.SW/","https://finance.yahoo.com/quote/SCMN.SW/","https://finance.yahoo.com/quote/SCMN.SW/",""
"SYENS.BR","Syensqo SA/NV","SYENSQO","SYENS","Euronext Brussels","EUR","EUR","1","Basic Materials","Chemicals","Matériaux","7907504640","EUR","2026-09-16","quote date shown by market-cap source","provider raw value","2026-09-16","company matched to selected lookup listing","","","","488","https://finance.yahoo.com/quote/SYENS.BR/","https://finance.yahoo.com/quote/SYENS.BR/","https://finance.yahoo.com/quote/SYENS.BR/","https://finance.yahoo.com/quote/SYENS.BR/",""
"SY1.DE","Symrise AG","SYMRISE AG","SY1","Xetra","EUR","EUR","1","Basic Materials","Specialty Chemicals","Matériaux","12230000000","EUR","2026-09-16","quote date shown by market-cap source","rounded source display","2026-09-16","company matched to selected lookup listing","rounded-cap","","","489","https://stockanalysis.com/quote/etr/SY1/","https://query2.finance.yahoo.com/v8/finance/chart/SY1.DE?interval=1d&range=1d","https://query2.finance.yahoo.com/v1/finance/search?q=SYMRISE+AG&quotesCount=8&newsCount=0","https://stockanalysis.com/quote/etr/SY1/",""
"SNPS","Synopsys, Inc.","Synopsys","SNPS","Nasdaq Global Select Market","USD","USD","1","Technology","Software - Infrastructure","IT","72528715776","USD","2026-09-16","quote date shown by market-cap source","provider raw value","2026-09-16","company matched to selected lookup listing","","","","490","https://finance.yahoo.com/quote/SNPS/","https://finance.yahoo.com/quote/SNPS/","https://finance.yahoo.com/quote/SNPS/","https://finance.yahoo.com/quote/SNPS/",""
"TMUS","T-Mobile US, Inc.","T-Mobile US","TMUS","Nasdaq Global Select Market","USD","USD","1","Communication Services","Telecom Services","Services publics","189069099008","USD","2026-09-16","quote date shown by market-cap source","provider raw value","2026-09-16","company matched to selected lookup listing","","","","491","https://finance.yahoo.com/quote/TMUS/","https://finance.yahoo.com/quote/TMUS/","https://finance.yahoo.com/quote/TMUS/","https://finance.yahoo.com/quote/TMUS/",""
"TSM","Taiwan Semiconductor Manufacturing Company Limited","TSMC","TSM","NYSE","USD","USD","1","Technology","Semiconductors","IT","2166493937664","USD","2026-09-16","quote date shown by market-cap source","provider raw value","2026-09-16","company matched to selected lookup listing","","US-listed American depositary shares selected, rather than Taiwan ordinary shares.","","517","https://finance.yahoo.com/quote/TSM/","https://finance.yahoo.com/quote/TSM/","https://finance.yahoo.com/quote/TSM/","https://finance.yahoo.com/quote/TSM/",""
"TTWO","Take-Two Interactive Software, Inc.","Take-Two Interactive Software","TTWO","Nasdaq Global Select Market","USD","USD","1","Communication Services","Electronic Gaming & Multimedia","Consommation discrétionnaire","39604326400","USD","2026-09-16","quote date shown by market-cap source","provider raw value","2026-09-16","company matched to selected lookup listing","","","","492","https://finance.yahoo.com/quote/TTWO/","https://finance.yahoo.com/quote/TTWO/","https://finance.yahoo.com/quote/TTWO/","https://finance.yahoo.com/quote/TTWO/",""
"TGT","Target Corporation","Target Corp","TGT","NYSE","USD","USD","1","Consumer Defensive","Discount Stores","Consommation discrétionnaire","70270615552","USD","2026-09-16","quote date shown by market-cap source","provider raw value","2026-09-16","company matched to selected lookup listing","","","","493","https://finance.yahoo.com/quote/TGT/","https://finance.yahoo.com/quote/TGT/","https://finance.yahoo.com/quote/TGT/","https://finance.yahoo.com/quote/TGT/",""
"TEF.MC","Telefónica, S.A.","TELEFONICA S.A.","TEF","Bolsa de Madrid","EUR","EUR","1","Communication Services","Telecom Services","Services publics","20863938560","EUR","2026-09-16","quote date shown by market-cap source","provider raw value","2026-09-16","company matched to selected lookup listing","","","","494","https://finance.yahoo.com/quote/TEF.MC/","https://finance.yahoo.com/quote/TEF.MC/","https://finance.yahoo.com/quote/TEF.MC/","https://finance.yahoo.com/quote/TEF.MC/",""
"TEP.PA","Teleperformance SE","TELEPERFORMANCE","TEP","Euronext Paris","EUR","EUR","1","Industrials","Specialty Business Services","Industrie","4191940096","EUR","2026-09-16","quote date shown by market-cap source","provider raw value","2026-09-16","company matched to selected lookup listing","","","","495","https://finance.yahoo.com/quote/TEP.PA/","https://finance.yahoo.com/quote/TEP.PA/","https://finance.yahoo.com/quote/TEP.PA/","https://finance.yahoo.com/quote/TEP.PA/",""
"TELIA.ST","Telia Company AB (publ)","TELIA COMPANY AB","TELIA","Nasdaq Stockholm","SEK","SEK","1","Communication Services","Telecom Services","Services publics","183900000000","SEK","2026-09-15","quote date shown by market-cap source","rounded source display","2026-09-16","company matched to selected lookup listing","rounded-cap","","","496","https://stockanalysis.com/quote/sto/TELIA/","https://query2.finance.yahoo.com/v8/finance/chart/TELIA.ST?interval=1d&range=1d","https://query2.finance.yahoo.com/v1/finance/search?q=TELIA+COMPANY+AB&quotesCount=8&newsCount=0","https://stockanalysis.com/quote/sto/TELIA/",""
"TER","Teradyne, Inc.","TERADYNE","TER","Nasdaq Global Select Market","USD","USD","1","Technology","Semiconductor Equipment & Materials","IT","53335646208","USD","2026-09-16","quote date shown by market-cap source","provider raw value","2026-09-16","company matched to selected lookup listing","","","","497","https://finance.yahoo.com/quote/TER/","https://finance.yahoo.com/quote/TER/","https://finance.yahoo.com/quote/TER/","https://finance.yahoo.com/quote/TER/",""
"WULF","TeraWulf Inc.","TeraWulf","WULF","Nasdaq Capital Market","USD","USD","1","Financial Services","Capital Markets","Autres","7679128064","USD","2026-09-16","quote date shown by market-cap source","provider raw value","2026-09-16","company matched to selected lookup listing","","","","498","https://finance.yahoo.com/quote/WULF/","https://finance.yahoo.com/quote/WULF/","https://finance.yahoo.com/quote/WULF/","https://finance.yahoo.com/quote/WULF/",""
"TSLA","Tesla, Inc.","Tesla","TSLA","Nasdaq Global Select Market","USD","USD","1","Consumer Cyclical","Auto Manufacturers","Consommation discrétionnaire","1414253903872","USD","2026-09-16","quote date shown by market-cap source","provider raw value","2026-09-16","company matched to selected lookup listing","","","","499","https://finance.yahoo.com/quote/TSLA/","https://finance.yahoo.com/quote/TSLA/","https://finance.yahoo.com/quote/TSLA/","https://finance.yahoo.com/quote/TSLA/",""
"TESB.BR","Tessenderlo Group NV","TESSENDERLO GROUP","TESB","Euronext Brussels","EUR","EUR","1","Basic Materials","Agricultural Inputs","Matériaux","1240000000","EUR","2026-09-16","retrieval date of daily exchange list","rounded source display","2026-09-16","company matched to selected lookup listing","rounded-cap","","","500","https://finance.yahoo.com/quote/TESB.BR/","https://finance.yahoo.com/quote/TESB.BR/","https://finance.yahoo.com/quote/TESB.BR/","https://stockanalysis.com/list/euronext-brussels/",""
"TFG.AS","Tetragon Financial Group Limited","TETRAGON FINANCIAL GROUP","TFG","Euronext Amsterdam","USD","USD","1","Financial Services","Asset Management","Finance","1143800064","USD","2026-09-04","quote date shown by market-cap source","provider raw value","2026-09-16","company matched to selected lookup listing","older-cap","Market-cap source snapshot is over five calendar days old; see source date.","","501","https://finance.yahoo.com/quote/TFG.AS/","https://finance.yahoo.com/quote/TFG.AS/","https://finance.yahoo.com/quote/TFG.AS/","https://finance.yahoo.com/quote/TFG.AS/",""
"TEXF.BR","Texaf S.A.","TEXAF","TEXF","Euronext Brussels","EUR","EUR","1","Real Estate","Real Estate Services","Finance","137860000","EUR","2026-09-16","retrieval date of daily exchange list","rounded source display","2026-09-16","company matched to selected lookup listing","rounded-cap","","","502","https://stockanalysis.com/quote/ebr/TEXF/","https://query2.finance.yahoo.com/v8/finance/chart/TEXF.BR?interval=1d&range=1d","https://query2.finance.yahoo.com/v1/finance/search?q=TEXAF&quotesCount=8&newsCount=0","https://stockanalysis.com/list/euronext-brussels/",""
"TXN","Texas Instruments Incorporated","Texas Instruments","TXN","Nasdaq Global Select Market","USD","USD","1","Technology","Semiconductors","IT","238056292352","USD","2026-09-16","quote date shown by market-cap source","provider raw value","2026-09-16","company matched to selected lookup listing","","","","503","https://finance.yahoo.com/quote/TXN/","https://finance.yahoo.com/quote/TXN/","https://finance.yahoo.com/quote/TXN/","https://finance.yahoo.com/quote/TXN/",""
"HO.PA","Thales S.A.","THALES","HO","Euronext Paris","EUR","EUR","1","Industrials","Aerospace & Defense","Industrie","49290000000","EUR","2026-09-16","quote date shown by market-cap source","rounded source display","2026-09-16","company matched to selected lookup listing","rounded-cap","","","504","https://stockanalysis.com/quote/epa/HO/","https://query2.finance.yahoo.com/v8/finance/chart/HO.PA?interval=1d&range=1d","https://query2.finance.yahoo.com/v1/finance/search?q=THALES&quotesCount=8&newsCount=0","https://stockanalysis.com/quote/epa/HO/",""
"BKG.L","The Berkeley Group Holdings plc","BERKELEY GROUP HOLDINGS PLC","BKG","London Stock Exchange","GBp","GBP","0.01","Consumer Cyclical","Residential Construction","Immobilier","2980000000","GBP","2026-09-16","quote date shown by market-cap source","rounded source display","2026-09-16","company matched to selected lookup listing","rounded-cap","Quote currency is pence; market capitalization is in pounds (GBP).","","91","https://finance.yahoo.com/quote/BKG.L/","https://finance.yahoo.com/quote/BKG.L/","https://finance.yahoo.com/quote/BKG.L/","https://stockanalysis.com/quote/lon/BKG/",""
"BA","The Boeing Company","Boeing Company","BA","NYSE","USD","USD","1","Industrials","Aerospace & Defense","Industrie","159623135232","USD","2026-09-16","quote date shown by market-cap source","provider raw value","2026-09-16","company matched to selected lookup listing","","","","100","https://finance.yahoo.com/quote/BA/","https://finance.yahoo.com/quote/BA/","https://finance.yahoo.com/quote/BA/","https://finance.yahoo.com/quote/BA/",""
"CI","The Cigna Group","Cigna Group (The)","CI","NYSE","USD","USD","1","Healthcare","Healthcare Plans","Soins de santé","74106249216","USD","2026-09-16","quote date shown by market-cap source","provider raw value","2026-09-16","company matched to selected lookup listing","","","","132","https://finance.yahoo.com/quote/CI/","https://finance.yahoo.com/quote/CI/","https://finance.yahoo.com/quote/CI/","https://finance.yahoo.com/quote/CI/",""
"KO","The Coca-Cola Company","Coca-Cola Company","KO","NYSE","USD","USD","1","Consumer Defensive","Beverages - Non-Alcoholic","Biens de consommation courants","378064994304","USD","2026-09-16","quote date shown by market-cap source","provider raw value","2026-09-16","company matched to selected lookup listing","","","","140","https://finance.yahoo.com/quote/KO/","https://finance.yahoo.com/quote/KO/","https://finance.yahoo.com/quote/KO/","https://finance.yahoo.com/quote/KO/",""
"GS","The Goldman Sachs Group, Inc.","Goldman Sachs Group","GS","NYSE","USD","USD","1","Financial Services","Capital Markets","Finance","273112940544","USD","2026-09-16","quote date shown by market-cap source","provider raw value","2026-09-16","company matched to selected lookup listing","","","","251","https://finance.yahoo.com/quote/GS/","https://finance.yahoo.com/quote/GS/","https://finance.yahoo.com/quote/GS/","https://finance.yahoo.com/quote/GS/",""
"HIG","The Hartford Insurance Group, Inc.","Hartford Financial Services Group (The)","HIG","NYSE","USD","USD","1","Financial Services","Insurance - Diversified","Finance","36551467008","USD","2026-09-16","quote date shown by market-cap source","provider raw value","2026-09-16","company matched to selected lookup listing","","Challenge uses Hartford Financial Services Group; current name is The Hartford Insurance Group.","","256","https://finance.yahoo.com/quote/HIG/","https://finance.yahoo.com/quote/HIG/","https://finance.yahoo.com/quote/HIG/","https://finance.yahoo.com/quote/HIG/",""
"HD","The Home Depot, Inc.","Home Depot","HD","NYSE","USD","USD","1","Consumer Cyclical","Home Improvement Retail","Consommation discrétionnaire","301771161600","USD","2026-09-16","quote date shown by market-cap source","provider raw value","2026-09-16","company matched to selected lookup listing","","","","273","https://finance.yahoo.com/quote/HD/","https://finance.yahoo.com/quote/HD/","https://finance.yahoo.com/quote/HD/","https://finance.yahoo.com/quote/HD/",""
"KHC","The Kraft Heinz Company","Kraft Heinz Company (The)","KHC","NYSE","USD","USD","1","Consumer Defensive","Packaged Foods","Biens de consommation courants","29325420544","USD","2026-09-16","quote date shown by market-cap source","provider raw value","2026-09-16","company matched to selected lookup listing","","","","315","https://finance.yahoo.com/quote/KHC/","https://finance.yahoo.com/quote/KHC/","https://finance.yahoo.com/quote/KHC/","https://finance.yahoo.com/quote/KHC/",""
"MOS","The Mosaic Company","Mosaic Company (The)","MOS","NYSE","USD","USD","1","Basic Materials","Agricultural Inputs","Matériaux","7880633344","USD","2026-09-16","quote date shown by market-cap source","provider raw value","2026-09-16","company matched to selected lookup listing","","","","363","https://finance.yahoo.com/quote/MOS/","https://finance.yahoo.com/quote/MOS/","https://finance.yahoo.com/quote/MOS/","https://finance.yahoo.com/quote/MOS/",""
"PNC","The PNC Financial Services Group, Inc.","PNC Financial Services Group","PNC","NYSE","USD","USD","1","Financial Services","Banks — Regional","Finance","92351471616","USD","2026-09-16","quote date shown by market-cap source","provider raw value","2026-09-16","company matched to selected lookup listing","","","","415","https://finance.yahoo.com/quote/PNC/","https://finance.yahoo.com/quote/PNC/","https://query2.finance.yahoo.com/v1/finance/search?q=PNC+Financial+Services+Group&quotesCount=8&newsCount=0","https://finance.yahoo.com/quote/PNC/",""
"PG","The Procter & Gamble Company","Procter & Gamble Company","PG","NYSE","USD","USD","1","Consumer Defensive","Household & Personal Products","Biens de consommation courants","341479292928","USD","2026-09-16","quote date shown by market-cap source","provider raw value","2026-09-16","company matched to selected lookup listing","","","","419","https://finance.yahoo.com/quote/PG/","https://finance.yahoo.com/quote/PG/","https://finance.yahoo.com/quote/PG/","https://finance.yahoo.com/quote/PG/",""
"PGR","The Progressive Corporation","Progressive Corp","PGR","NYSE","USD","USD","1","Financial Services","Insurance - Property & Casualty","Finance","126092902400","USD","2026-09-16","quote date shown by market-cap source","provider raw value","2026-09-16","company matched to selected lookup listing","","","","420","https://finance.yahoo.com/quote/PGR/","https://finance.yahoo.com/quote/PGR/","https://finance.yahoo.com/quote/PGR/","https://finance.yahoo.com/quote/PGR/",""
"SHW","The Sherwin-Williams Company","Sherwin-Williams Company (The)","SHW","NYSE","USD","USD","1","Basic Materials","Specialty Chemicals","Matériaux","78037032960","USD","2026-09-16","quote date shown by market-cap source","provider raw value","2026-09-16","company matched to selected lookup listing","","","","463","https://finance.yahoo.com/quote/SHW/","https://finance.yahoo.com/quote/SHW/","https://finance.yahoo.com/quote/SHW/","https://finance.yahoo.com/quote/SHW/",""
"SO","The Southern Company","Southern Company (The)","SO","NYSE","USD","USD","1","Utilities","Utilities - Regulated Electric","Services publics","99195805696","USD","2026-09-16","quote date shown by market-cap source","provider raw value","2026-09-16","company matched to selected lookup listing","","","","477","https://finance.yahoo.com/quote/SO/","https://finance.yahoo.com/quote/SO/","https://finance.yahoo.com/quote/SO/","https://finance.yahoo.com/quote/SO/",""
"UHR.SW","The Swatch Group AG","SWATCH GROUP AG, THE","UHR","SIX Swiss Exchange","CHF","CHF","1","Consumer Cyclical","Luxury Goods","Consommation discrétionnaire","9081105408","CHF","2026-09-16","quote date shown by market-cap source","provider raw value","2026-09-16","share class not confirmed","share-class","Bearer shares UHR selected; challenge share class not confirmed.","","486","https://finance.yahoo.com/quote/UHR.SW/","https://finance.yahoo.com/quote/UHR.SW/","https://finance.yahoo.com/quote/UHR.SW/","https://finance.yahoo.com/quote/UHR.SW/",""
"TJX","The TJX Companies, Inc.","TJX Companies","TJX","NYSE","USD","USD","1","Consumer Cyclical","Apparel Retail","Consommation discrétionnaire","135120805888","USD","2026-09-16","quote date shown by market-cap source","provider raw value","2026-09-16","company matched to selected lookup listing","","","","509","https://finance.yahoo.com/quote/TJX/","https://finance.yahoo.com/quote/TJX/","https://finance.yahoo.com/quote/TJX/","https://finance.yahoo.com/quote/TJX/",""
"TTD","The Trade Desk, Inc.","Trade Desk (The)","TTD","Nasdaq Global Market","USD","USD","1","Communication Services","Advertising Agencies","IT","6808563712","USD","2026-09-16","quote date shown by market-cap source","provider raw value","2026-09-16","company matched to selected lookup listing","","","","513","https://finance.yahoo.com/quote/TTD/","https://finance.yahoo.com/quote/TTD/","https://finance.yahoo.com/quote/TTD/","https://finance.yahoo.com/quote/TTD/",""
"DIS","The Walt Disney Company","Walt Disney Company (The)","DIS","NYSE","USD","USD","1","Communication Services","Entertainment","Consommation discrétionnaire","184738217984","USD","2026-09-16","quote date shown by market-cap source","provider raw value","2026-09-16","company matched to selected lookup listing","","","","551","https://finance.yahoo.com/quote/DIS/","https://finance.yahoo.com/quote/DIS/","https://finance.yahoo.com/quote/DIS/","https://finance.yahoo.com/quote/DIS/",""
"WMB","The Williams Companies, Inc.","Williams Companies","WMB","NYSE","USD","USD","1","Energy","Oil & Gas Midstream","Services publics","86722576384","USD","2026-09-16","quote date shown by market-cap source","provider raw value","2026-09-16","company matched to selected lookup listing","","","","561","https://finance.yahoo.com/quote/WMB/","https://finance.yahoo.com/quote/WMB/","https://finance.yahoo.com/quote/WMB/","https://finance.yahoo.com/quote/WMB/",""
"THEON.AS","Theon International Plc","THEON INTERNATIONAL PLC","THEON","Euronext Amsterdam","EUR","EUR","1","Industrials","Aerospace & Defense","Industrie","2385164288","EUR","2026-09-16","quote date shown by market-cap source","provider raw value","2026-09-16","company matched to selected lookup listing","","","","505","https://finance.yahoo.com/quote/THEON.AS/","https://finance.yahoo.com/quote/THEON.AS/","https://finance.yahoo.com/quote/THEON.AS/","https://finance.yahoo.com/quote/THEON.AS/",""
"TMO","Thermo Fisher Scientific Inc.","Thermo Fisher Scientific","TMO","NYSE","USD","USD","1","Healthcare","Diagnostics & Research","Soins de santé","239755231232","USD","2026-09-16","quote date shown by market-cap source","provider raw value","2026-09-16","company matched to selected lookup listing","","","","506","https://finance.yahoo.com/quote/TMO/","https://finance.yahoo.com/quote/TMO/","https://finance.yahoo.com/quote/TMO/","https://finance.yahoo.com/quote/TMO/",""
"TINC.BR","TINC NV","TINC","TINC","Euronext Brussels","EUR","EUR","1","Financial Services","Asset Management","Finance","527520000","EUR","2026-09-16","retrieval date of daily exchange list","rounded source display","2026-09-16","company matched to selected lookup listing","rounded-cap","","","507","https://stockanalysis.com/quote/ebr/TINC/","https://query2.finance.yahoo.com/v8/finance/chart/TINC.BR?interval=1d&range=1d","https://query2.finance.yahoo.com/v1/finance/search?q=TINC&quotesCount=8&newsCount=0","https://stockanalysis.com/list/euronext-brussels/",""
"TITC.BR","Titan S.A.","TITAN CEMENT","TITC","Euronext Brussels","EUR","EUR","1","Basic Materials","Building Materials","Matériaux","3720000000","EUR","2026-09-16","retrieval date of daily exchange list","rounded source display","2026-09-16","company matched to selected lookup listing","rounded-cap","","","508","https://stockanalysis.com/quote/ebr/TITC/","https://query2.finance.yahoo.com/v8/finance/chart/TITC.BR?interval=1d&range=1d","https://query2.finance.yahoo.com/v1/finance/search?q=TITC.BR&quotesCount=3&newsCount=0","https://stockanalysis.com/list/euronext-brussels/",""
"TWEKA.AS","TKH Group N.V.","TKH GROUP N.V.","TWEKA","Euronext Amsterdam","EUR","EUR","1","Technology","Communication Equipment","Industrie","2020000000","EUR","2026-09-16","retrieval date of daily exchange list","rounded source display","2026-09-16","company matched to selected lookup listing","rounded-cap","","","510","https://stockanalysis.com/quote/ams/TWEKA/","https://query2.finance.yahoo.com/v8/finance/chart/TWEKA.AS?interval=1d&range=1d","https://query2.finance.yahoo.com/v1/finance/search?q=TKH+GROUP+N.V.&quotesCount=8&newsCount=0","https://stockanalysis.com/list/euronext-amsterdam/",""
"TOM2.AS","TomTom N.V.","TOMTOM","TOM2","Euronext Amsterdam","EUR","EUR","1","Technology","Software - Application","IT","483208832","EUR","2026-09-16","quote date shown by market-cap source","provider raw value","2026-09-16","company matched to selected lookup listing","","","","511","https://finance.yahoo.com/quote/TOM2.AS/","https://finance.yahoo.com/quote/TOM2.AS/","https://finance.yahoo.com/quote/TOM2.AS/","https://finance.yahoo.com/quote/TOM2.AS/",""
"TTE.PA","TotalEnergies SE","TOTALENERGIES","TTE","Euronext Paris","EUR","EUR","1","Energy","Oil & Gas Integrated","Énergie","177880000000","EUR","2026-09-16","quote date shown by market-cap source","rounded source display","2026-09-16","company matched to selected lookup listing","rounded-cap","","","512","https://stockanalysis.com/quote/epa/TTE/","https://query2.finance.yahoo.com/v8/finance/chart/TTE.PA?interval=1d&range=1d","https://query2.finance.yahoo.com/v1/finance/search?q=TOTALENERGIES&quotesCount=8&newsCount=0","https://stockanalysis.com/quote/epa/TTE/",""
"TT","Trane Technologies plc","Trane Technologies plc","TT","NYSE","USD","USD","1","Industrials","Building Products & Equipment","Industrie","92779372544","USD","2026-09-16","quote date shown by market-cap source","provider raw value","2026-09-16","company matched to selected lookup listing","","","","514","https://finance.yahoo.com/quote/TT/","https://finance.yahoo.com/quote/TT/","https://query2.finance.yahoo.com/v1/finance/search?q=Trane+Technologies+plc&quotesCount=8&newsCount=0","https://finance.yahoo.com/quote/TT/",""
"TRIO.AS","Triodos Bank N.V.","TRIODOS BANK N.V.","TRIO","Euronext Amsterdam","EUR","EUR","1","Financial Services","Banks — Regional","Autres","575070000","EUR","2026-09-16","retrieval date of daily exchange list","rounded source display","2026-09-16","company matched to selected lookup listing","rounded-cap","","","515","https://stockanalysis.com/quote/ams/TRIO/","https://query2.finance.yahoo.com/v8/finance/chart/TRIO.AS?interval=1d&range=1d","https://query2.finance.yahoo.com/v1/finance/search?q=TRIODOS+BANK+N.V.&quotesCount=8&newsCount=0","https://stockanalysis.com/list/euronext-amsterdam/",""
"TFC","Truist Financial Corporation","Truist Financial Corp","TFC","NYSE","USD","USD","1","Financial Services","Banks - Regional","Finance","59175571456","USD","2026-09-16","quote date shown by market-cap source","provider raw value","2026-09-16","company matched to selected lookup listing","","","","516","https://finance.yahoo.com/quote/TFC/","https://finance.yahoo.com/quote/TFC/","https://finance.yahoo.com/quote/TFC/","https://finance.yahoo.com/quote/TFC/",""
"UBER","Uber Technologies, Inc.","Uber Technologies","UBER","NYSE","USD","USD","1","Technology","Software - Application","Industrie","144960487424","USD","2026-09-16","quote date shown by market-cap source","provider raw value","2026-09-16","company matched to selected lookup listing","","","","519","https://finance.yahoo.com/quote/UBER/","https://finance.yahoo.com/quote/UBER/","https://finance.yahoo.com/quote/UBER/","https://finance.yahoo.com/quote/UBER/",""
"UBSG.SW","UBS Group AG","UBS GROUP AG","UBSG","SIX Swiss Exchange","CHF","CHF","1","Financial Services","Banks - Diversified","Finance","127858343936","CHF","2026-09-16","quote date shown by market-cap source","provider raw value","2026-09-16","company matched to selected lookup listing","","","","520","https://finance.yahoo.com/quote/UBSG.SW/","https://finance.yahoo.com/quote/UBSG.SW/","https://finance.yahoo.com/quote/UBSG.SW/","https://finance.yahoo.com/quote/UBSG.SW/",""
"UCB.BR","UCB SA","UCB","UCB","Euronext Brussels","EUR","EUR","1","Healthcare","Biotechnology","Soins de santé","40020000000","EUR","2026-09-16","retrieval date of daily exchange list","rounded source display","2026-09-16","company matched to selected lookup listing","rounded-cap","","","521","https://finance.yahoo.com/quote/UCB.BR/","https://finance.yahoo.com/quote/UCB.BR/","https://finance.yahoo.com/quote/UCB.BR/","https://stockanalysis.com/list/euronext-brussels/",""
"UMI.BR","Umicore SA","UMICORE","UMI","Euronext Brussels","EUR","EUR","1","Industrials","Waste Management","Matériaux","5200000000","EUR","2026-09-16","retrieval date of daily exchange list","rounded source display","2026-09-16","company matched to selected lookup listing","rounded-cap","","","522","https://stockanalysis.com/quote/ebr/UMI/","https://query2.finance.yahoo.com/v8/finance/chart/UMI.BR?interval=1d&range=1d","https://query2.finance.yahoo.com/v1/finance/search?q=UMICORE&quotesCount=8&newsCount=0","https://stockanalysis.com/list/euronext-brussels/",""
"UA","Under Armour, Inc.","Under Armour","UA","NYSE","USD","USD","1","Consumer Cyclical","Apparel Manufacturing","Consommation discrétionnaire","2091886720","USD","2026-09-16","quote date shown by market-cap source","provider raw value","2026-09-16","share class not confirmed","share-class","Class C UA selected; Class A UAA also exists. Challenge share class not confirmed.","UAA","523","https://finance.yahoo.com/quote/UA/","https://finance.yahoo.com/quote/UA/","https://finance.yahoo.com/quote/UA/","https://finance.yahoo.com/quote/UA/",""
"URW.PA","Unibail-Rodamco-Westfield SE","UNIBAIL-RODAMCO-WESTFIELD","URW","Euronext Paris","EUR","EUR","1","Real Estate","REIT — Retail","Immobilier","13610000000","EUR","2026-09-16","quote date shown by market-cap source","rounded source display","2026-09-16","company matched to selected lookup listing","rounded-cap","","","524","https://stockanalysis.com/quote/epa/URW/","https://query2.finance.yahoo.com/v8/finance/chart/URW.PA?interval=1d&range=1d","https://query2.finance.yahoo.com/v1/finance/search?q=UNIBAIL-RODAMCO-WESTFIELD&quotesCount=8&newsCount=0","https://stockanalysis.com/quote/epa/URW/",""
"UCG.MI","UniCredit S.p.A.","UNICREDIT S.P.A.","UCG","Borsa Italiana (Euronext Milan)","EUR","EUR","1","Financial Services","Banks — Regional","Finance","123730000000","EUR","2026-09-16","quote date shown by market-cap source","rounded source display","2026-09-16","company matched to selected lookup listing","rounded-cap","","","525","https://stockanalysis.com/quote/bit/UCG/","https://query2.finance.yahoo.com/v8/finance/chart/UCG.MI?interval=1d&range=1d","https://query2.finance.yahoo.com/v1/finance/search?q=UNICREDIT+S.P.A.&quotesCount=8&newsCount=0","https://stockanalysis.com/quote/bit/UCG/",""
"UNA.AS","Unilever PLC","UNILEVER PLC","UNA","Euronext Amsterdam","EUR","EUR","1","Consumer Defensive","Household & Personal Products","Consommation discrétionnaire","116750000000","EUR","2026-09-16","retrieval date of daily exchange list","rounded source display","2026-09-16","company matched to selected lookup listing","rounded-cap","","","526","https://stockanalysis.com/quote/ams/UNA/","https://query2.finance.yahoo.com/v8/finance/chart/UNA.AS?interval=1d&range=1d","https://query2.finance.yahoo.com/v1/finance/search?q=UNILEVER+PLC&quotesCount=8&newsCount=0","https://stockanalysis.com/list/euronext-amsterdam/",""
"UNP","Union Pacific Corporation","Union Pacific Corp","UNP","NYSE","USD","USD","1","Industrials","Railroads","Industrie","166887702528","USD","2026-09-16","quote date shown by market-cap source","provider raw value","2026-09-16","company matched to selected lookup listing","","","","527","https://finance.yahoo.com/quote/UNP/","https://finance.yahoo.com/quote/UNP/","https://finance.yahoo.com/quote/UNP/","https://finance.yahoo.com/quote/UNP/",""
"UPS","United Parcel Service, Inc.","United Parcel Service","UPS","NYSE","USD","USD","1","Industrials","Integrated Freight & Logistics","Industrie","84031692800","USD","2026-09-16","quote date shown by market-cap source","provider raw value","2026-09-16","company matched to selected lookup listing","","","","528","https://finance.yahoo.com/quote/UPS/","https://finance.yahoo.com/quote/UPS/","https://finance.yahoo.com/quote/UPS/","https://finance.yahoo.com/quote/UPS/",""
"URI","United Rentals, Inc.","United Rentals","URI","NYSE","USD","USD","1","Industrials","Rental & Leasing Services","Industrie","62631501824","USD","2026-09-16","quote date shown by market-cap source","provider raw value","2026-09-16","company matched to selected lookup listing","","","","529","https://finance.yahoo.com/quote/URI/","https://finance.yahoo.com/quote/URI/","https://query2.finance.yahoo.com/v1/finance/search?q=United+Rentals&quotesCount=8&newsCount=0","https://finance.yahoo.com/quote/URI/",""
"UMG.AS","Universal Music Group N.V.","UNIVERSAL MUSIC GROUP","UMG","Euronext Amsterdam","EUR","EUR","1","Communication Services","Entertainment","Consommation discrétionnaire","26840000000","EUR","2026-09-16","retrieval date of daily exchange list","rounded source display","2026-09-16","company matched to selected lookup listing","rounded-cap","","","530","https://finance.yahoo.com/quote/UMG.AS/","https://finance.yahoo.com/quote/UMG.AS/","https://finance.yahoo.com/quote/UMG.AS/","https://stockanalysis.com/list/euronext-amsterdam/",""
"VMI","Valmont Industries, Inc.","Valmont Industries","VMI","NYSE","USD","USD","1","Industrials","Conglomerates","Matériaux","9176564736","USD","2026-09-16","quote date shown by market-cap source","provider raw value","2026-09-16","company matched to selected lookup listing","","","","532","https://finance.yahoo.com/quote/VMI/","https://finance.yahoo.com/quote/VMI/","https://query2.finance.yahoo.com/v1/finance/search?q=Valmont+Industries&quotesCount=8&newsCount=0","https://finance.yahoo.com/quote/VMI/",""
"VALUE.AS","Value8 N.V.","VALUE8","VALUE","Euronext Amsterdam","EUR","EUR","1","Financial Services","Asset Management","Autres","63870000","EUR","2026-09-16","retrieval date of daily exchange list","rounded source display","2026-09-16","company matched to selected lookup listing","rounded-cap","","","533","https://finance.yahoo.com/quote/VALUE.AS/","https://finance.yahoo.com/quote/VALUE.AS/","https://finance.yahoo.com/quote/VALUE.AS/","https://stockanalysis.com/list/euronext-amsterdam/",""
"VAN.BR","Van de Velde NV","VAN DE VELDE","VAN","Euronext Brussels","EUR","EUR","1","Consumer Cyclical","Apparel Manufacturing","Consommation discrétionnaire","373150000","EUR","2026-09-16","retrieval date of daily exchange list","rounded source display","2026-09-16","company matched to selected lookup listing","rounded-cap","","","534","https://stockanalysis.com/quote/ebr/VAN/","https://query2.finance.yahoo.com/v8/finance/chart/VAN.BR?interval=1d&range=1d","https://query2.finance.yahoo.com/v1/finance/search?q=VAN+DE+VELDE&quotesCount=8&newsCount=0","https://stockanalysis.com/list/euronext-brussels/",""
"VLK.AS","Van Lanschot Kempen NV","V LANSCHOT KEMPEN","VLK","Euronext Amsterdam","EUR","EUR","1","Financial Services","Banks - Regional","Finance","2890000000","EUR","2026-09-16","retrieval date of daily exchange list","rounded source display","2026-09-16","company matched to selected lookup listing","rounded-cap","","","531","https://finance.yahoo.com/quote/VLK.AS/","https://finance.yahoo.com/quote/VLK.AS/","https://finance.yahoo.com/quote/VLK.AS/","https://stockanalysis.com/list/euronext-amsterdam/",""
"VASTB.BR","Vastned","VASTNED NV","VASTB","Euronext Brussels","EUR","EUR","1","Real Estate","REIT — Retail","Immobilier","469120000","EUR","2026-09-16","retrieval date of daily exchange list","rounded source display","2026-09-16","company matched to selected lookup listing","rounded-cap","","","535","https://stockanalysis.com/quote/ebr/VASTB/","https://query2.finance.yahoo.com/v8/finance/chart/VASTB.BR?interval=1d&range=1d","https://query2.finance.yahoo.com/v1/finance/search?q=VASTNED+NV&quotesCount=8&newsCount=0","https://stockanalysis.com/list/euronext-brussels/",""
"VIE.PA","Veolia Environnement SA","VEOLIA ENVIRON.","VIE","Euronext Paris","EUR","EUR","1","Industrials","Waste Management","Services publics","23323553792","EUR","2026-09-16","quote date shown by market-cap source","provider raw value","2026-09-16","company matched to selected lookup listing","","","","536","https://finance.yahoo.com/quote/VIE.PA/","https://finance.yahoo.com/quote/VIE.PA/","https://finance.yahoo.com/quote/VIE.PA/","https://finance.yahoo.com/quote/VIE.PA/",""
"VRSK","Verisk Analytics, Inc.","Verisk Analytics","VRSK","Nasdaq Global Select Market","USD","USD","1","Industrials","Consulting Services","IT","23655856128","USD","2026-09-16","quote date shown by market-cap source","provider raw value","2026-09-16","company matched to selected lookup listing","","","","537","https://finance.yahoo.com/quote/VRSK/","https://finance.yahoo.com/quote/VRSK/","https://finance.yahoo.com/quote/VRSK/","https://finance.yahoo.com/quote/VRSK/",""
"VZ","Verizon Communications Inc.","Verizon Communications","VZ","NYSE","USD","USD","1","Communication Services","Telecom Services","Services publics","206741618688","USD","2026-09-16","quote date shown by market-cap source","provider raw value","2026-09-16","company matched to selected lookup listing","","","","538","https://finance.yahoo.com/quote/VZ/","https://finance.yahoo.com/quote/VZ/","https://finance.yahoo.com/quote/VZ/","https://finance.yahoo.com/quote/VZ/",""
"VRTX","Vertex Pharmaceuticals Incorporated","Vertex Pharmaceuticals","VRTX","Nasdaq Global Select Market","USD","USD","1","Healthcare","Biotechnology","Soins de santé","130091360256","USD","2026-09-16","quote date shown by market-cap source","provider raw value","2026-09-16","company matched to selected lookup listing","","","","539","https://finance.yahoo.com/quote/VRTX/","https://finance.yahoo.com/quote/VRTX/","https://finance.yahoo.com/quote/VRTX/","https://finance.yahoo.com/quote/VRTX/",""
"VGP.BR","VGP NV","VGP","VGP","Euronext Brussels","EUR","EUR","1","Real Estate","Real Estate Services","Immobilier","2150000000","EUR","2026-09-16","retrieval date of daily exchange list","rounded source display","2026-09-16","company matched to selected lookup listing","rounded-cap","","","540","https://finance.yahoo.com/quote/VGP.BR/","https://finance.yahoo.com/quote/VGP.BR/","https://finance.yahoo.com/quote/VGP.BR/","https://stockanalysis.com/list/euronext-brussels/",""
"DG.PA","Vinci SA","VINCI","DG","Euronext Paris","EUR","EUR","1","Industrials","Engineering & Construction","Industrie","61926055936","EUR","2026-09-16","quote date shown by market-cap source","provider raw value","2026-09-16","company matched to selected lookup listing","","","","541","https://finance.yahoo.com/quote/DG.PA/","https://finance.yahoo.com/quote/DG.PA/","https://finance.yahoo.com/quote/DG.PA/","https://finance.yahoo.com/quote/DG.PA/",""
"VIV.PA","Vivendi SE","VIVENDI SE","VIV","Euronext Paris","EUR","EUR","1","Communication Services","Electronic Gaming & Multimedia","Consommation discrétionnaire","1520000000","EUR","2026-09-16","quote date shown by market-cap source","rounded source display","2026-09-16","company matched to selected lookup listing","rounded-cap","","","542","https://stockanalysis.com/quote/epa/VIV/","https://query2.finance.yahoo.com/v8/finance/chart/VIV.PA?interval=1d&range=1d","https://query2.finance.yahoo.com/v1/finance/search?q=VIVENDI+SE&quotesCount=8&newsCount=0","https://stockanalysis.com/quote/epa/VIV/",""
"VVY.AS","Vivoryon Therapeutics N.V.","VIVORYON THERAPEUTICS N.V.","VVY","Euronext Amsterdam","EUR","EUR","1","Healthcare","Biotechnology","Soins de santé","33020000","EUR","2026-09-16","retrieval date of daily exchange list","rounded source display","2026-09-16","company matched to selected lookup listing","rounded-cap","","","543","https://stockanalysis.com/quote/ams/VVY/","https://query2.finance.yahoo.com/v8/finance/chart/VVY.AS?interval=1d&range=1d","https://query2.finance.yahoo.com/v1/finance/search?q=VIVORYON+THERAPEUTICS+N.V.&quotesCount=8&newsCount=0","https://stockanalysis.com/list/euronext-amsterdam/",""
"VOW3.DE","Volkswagen AG","VOLKSWAGEN AG","VOW3","Xetra","EUR","EUR","1","Consumer Cyclical","Auto Manufacturers","Consommation discrétionnaire","39542169600","EUR","2026-09-16","quote date shown by market-cap source","provider raw value","2026-09-16","share class not confirmed","share-class","Preferred shares VOW3 selected; ordinary shares VOW also exist. Challenge share class not confirmed.","VOW.DE","544","https://finance.yahoo.com/quote/VOW3.DE/","https://finance.yahoo.com/quote/VOW3.DE/","https://finance.yahoo.com/quote/VOW3.DE/","https://finance.yahoo.com/quote/VOW3.DE/",""
"VTA.AS","Volta Finance Limited","Volta Finance Limited","VTA","Euronext Amsterdam","EUR","EUR","1","Financial Services","Asset Management","Finance","","EUR","","unavailable","","2026-09-16","company matched to selected lookup listing","missing-cap","Closed-end investment company. A sufficiently current market-cap figure for the selected Amsterdam listing was not available from the collected sources.","","545","https://stockanalysis.com/quote/ams/VTA/","https://query2.finance.yahoo.com/v8/finance/chart/VTA.AS?interval=1d&range=1d","https://query2.finance.yahoo.com/v1/finance/search?q=Volta+Finance+Limited&quotesCount=8&newsCount=0","",""
"VNA.DE","Vonovia SE","VONOVIA SE","VNA","Xetra","EUR","EUR","1","Real Estate","Real Estate Services","Immobilier","15280000000","EUR","2026-09-16","quote date shown by market-cap source","rounded source display","2026-09-16","company matched to selected lookup listing","rounded-cap","","","546","https://stockanalysis.com/quote/etr/VNA/","https://query2.finance.yahoo.com/v8/finance/chart/VNA.DE?interval=1d&range=1d","https://query2.finance.yahoo.com/v1/finance/search?q=VONOVIA+SE&quotesCount=8&newsCount=0","https://stockanalysis.com/quote/etr/VNA/",""
"VONN.SW","Vontobel Holding AG","VONTOBEL HOLDING AG","VONN","SIX Swiss Exchange","CHF","CHF","1","Financial Services","Asset Management","Finance","5130000000","CHF","2026-09-11","quote date shown by market-cap source","rounded source display","2026-09-16","company matched to selected lookup listing","rounded-cap","","","547","https://stockanalysis.com/quote/swx/VONN/","https://query2.finance.yahoo.com/v8/finance/chart/VONN.SW?interval=1d&range=1d","https://query2.finance.yahoo.com/v1/finance/search?q=VONTOBEL+HOLDING+AG&quotesCount=8&newsCount=0","https://stockanalysis.com/quote/swx/VONN/",""
"VOYA","Voya Financial, Inc.","Voya Financial","VOYA","NYSE","USD","USD","1","Financial Services","Financial Conglomerates","Autres","9085001728","USD","2026-09-16","quote date shown by market-cap source","provider raw value","2026-09-16","company matched to selected lookup listing","","","","549","https://finance.yahoo.com/quote/VOYA/","https://finance.yahoo.com/quote/VOYA/","https://query2.finance.yahoo.com/v1/finance/search?q=Voya+Financial&quotesCount=8&newsCount=0","https://finance.yahoo.com/quote/VOYA/",""
"WMT","Walmart Inc.","Walmart","WMT","Nasdaq Global Select Market","USD","USD","1","Consumer Defensive","Discount Stores","Consommation discrétionnaire","855493509120","USD","2026-09-16","quote date shown by market-cap source","provider raw value","2026-09-16","company matched to selected lookup listing","","","","550","https://finance.yahoo.com/quote/WMT/","https://finance.yahoo.com/quote/WMT/","https://finance.yahoo.com/quote/WMT/","https://finance.yahoo.com/quote/WMT/",""
"WDP.BR","Warehouses De Pauw SA","WAREHOUSES DE PAUW","WDP","Euronext Brussels","EUR","EUR","1","Real Estate","REIT — Industrial","Immobilier","5000000000","EUR","2026-09-16","retrieval date of daily exchange list","rounded source display","2026-09-16","company matched to selected lookup listing","rounded-cap","","","552","https://stockanalysis.com/quote/ebr/WDP/","https://query2.finance.yahoo.com/v8/finance/chart/WDP.BR?interval=1d&range=1d","https://query2.finance.yahoo.com/v1/finance/search?q=WAREHOUSES+DE+PAUW&quotesCount=8&newsCount=0","https://stockanalysis.com/list/euronext-brussels/",""
"WEB.BR","Warehouses Estates Belgium S.C.A.","WAREHOUSES ESTATES BELGIUM - W.E.B.","WEB","Euronext Brussels","EUR","EUR","1","Real Estate","REIT — Diversified","Immobilier","129960000","EUR","2026-09-16","retrieval date of daily exchange list","rounded source display","2026-09-16","company matched to selected lookup listing","rounded-cap","","","553","https://stockanalysis.com/quote/ebr/WEB/","https://query2.finance.yahoo.com/v8/finance/chart/WEB.BR?interval=1d&range=1d","https://query2.finance.yahoo.com/v1/finance/search?q=WEB.BR&quotesCount=3&newsCount=0","https://stockanalysis.com/list/euronext-brussels/",""
"WBD","Warner Bros. Discovery, Inc.","Warner Bros Discovery","WBD","Nasdaq Global Select Market","USD","USD","1","Communication Services","Entertainment","Consommation discrétionnaire","70375325696","USD","2026-09-16","quote date shown by market-cap source","provider raw value","2026-09-16","company matched to selected lookup listing","","","","554","https://finance.yahoo.com/quote/WBD/","https://finance.yahoo.com/quote/WBD/","https://finance.yahoo.com/quote/WBD/","https://finance.yahoo.com/quote/WBD/",""
"WM","Waste Management, Inc.","Waste Management","WM","NYSE","USD","USD","1","Industrials","Waste Management","Industrie","85539053568","USD","2026-09-16","quote date shown by market-cap source","provider raw value","2026-09-16","company matched to selected lookup listing","","","","555","https://finance.yahoo.com/quote/WM/","https://finance.yahoo.com/quote/WM/","https://finance.yahoo.com/quote/WM/","https://finance.yahoo.com/quote/WM/",""
"WFC","Wells Fargo & Company","Wells Fargo & Co","WFC","NYSE","USD","USD","1","Financial Services","Banks - Diversified","Finance","263239139328","USD","2026-09-16","quote date shown by market-cap source","provider raw value","2026-09-16","company matched to selected lookup listing","","","","556","https://finance.yahoo.com/quote/WFC/","https://finance.yahoo.com/quote/WFC/","https://finance.yahoo.com/quote/WFC/","https://finance.yahoo.com/quote/WFC/",""
"WELL","Welltower Inc.","Welltower","WELL","NYSE","USD","USD","1","Real Estate","REIT - Healthcare Facilities","Immobilier","168974139392","USD","2026-09-16","quote date shown by market-cap source","provider raw value","2026-09-16","company matched to selected lookup listing","","","","557","https://finance.yahoo.com/quote/WELL/","https://finance.yahoo.com/quote/WELL/","https://finance.yahoo.com/quote/WELL/","https://finance.yahoo.com/quote/WELL/",""
"WEHB.BR","Wereldhave Belgium","WERELDHAVE BELGIUM","WEHB","Euronext Brussels","EUR","EUR","1","Real Estate","REIT — Retail","Immobilier","569420000","EUR","2026-09-16","retrieval date of daily exchange list","rounded source display","2026-09-16","company matched to selected lookup listing","rounded-cap","","","558","https://stockanalysis.com/quote/ebr/WEHB/","https://query2.finance.yahoo.com/v8/finance/chart/WEHB.BR?interval=1d&range=1d","https://query2.finance.yahoo.com/v1/finance/search?q=WERELDHAVE+BELGIUM&quotesCount=8&newsCount=0","https://stockanalysis.com/list/euronext-brussels/",""
"WHA.AS","Wereldhave N.V.","WERELDHAVE Gewone aandelen","WHA","Euronext Amsterdam","EUR","EUR","1","Real Estate","REIT — Retail","Immobilier","841420000","EUR","2026-09-16","retrieval date of daily exchange list","rounded source display","2026-09-16","company matched to selected lookup listing","rounded-cap","","","559","https://stockanalysis.com/quote/ams/WHA/","https://query2.finance.yahoo.com/v8/finance/chart/WHA.AS?interval=1d&range=1d","https://query2.finance.yahoo.com/v1/finance/search?q=WERELDHAVE+Gewone+aandelen&quotesCount=8&newsCount=0","https://stockanalysis.com/list/euronext-amsterdam/",""
"WHR","Whirlpool Corporation","Whirlpool Corp","WHR","NYSE","USD","USD","1","Consumer Cyclical","Furnishings, Fixtures & Appliances","Consommation discrétionnaire","2113763712","USD","2026-09-16","quote date shown by market-cap source","provider raw value","2026-09-16","company matched to selected lookup listing","","","","560","https://finance.yahoo.com/quote/WHR/","https://finance.yahoo.com/quote/WHR/","https://finance.yahoo.com/quote/WHR/","https://finance.yahoo.com/quote/WHR/",""
"WKL.AS","Wolters Kluwer N.V.","WOLTERS KLUWER","WKL","Euronext Amsterdam","EUR","EUR","1","Industrials","Specialty Business Services","IT","15340000000","EUR","2026-09-16","retrieval date of daily exchange list","rounded source display","2026-09-16","company matched to selected lookup listing","rounded-cap","","","562","https://stockanalysis.com/quote/ams/WKL/","https://query2.finance.yahoo.com/v8/finance/chart/WKL.AS?interval=1d&range=1d","https://query2.finance.yahoo.com/v1/finance/search?q=WOLTERS+KLUWER&quotesCount=8&newsCount=0","https://stockanalysis.com/list/euronext-amsterdam/",""
"WDAY","Workday, Inc.","Workday","WDAY","Nasdaq Global Select Market","USD","USD","1","Technology","Software - Application","IT","45250158592","USD","2026-09-16","quote date shown by market-cap source","provider raw value","2026-09-16","company matched to selected lookup listing","","","","563","https://finance.yahoo.com/quote/WDAY/","https://finance.yahoo.com/quote/WDAY/","https://finance.yahoo.com/quote/WDAY/","https://finance.yahoo.com/quote/WDAY/",""
"XEL","Xcel Energy Inc.","Xcel Energy","XEL","Nasdaq Global Select Market","USD","USD","1","Utilities","Utilities - Regulated Electric","Services publics","45417160704","USD","2026-09-16","quote date shown by market-cap source","provider raw value","2026-09-16","company matched to selected lookup listing","","","","564","https://finance.yahoo.com/quote/XEL/","https://finance.yahoo.com/quote/XEL/","https://finance.yahoo.com/quote/XEL/","https://finance.yahoo.com/quote/XEL/",""
"XIOR.BR","Xior Student Housing NV","XIOR","XIOR","Euronext Brussels","EUR","EUR","1","Real Estate","REIT — Residential","Immobilier","1190000000","EUR","2026-09-16","retrieval date of daily exchange list","rounded source display","2026-09-16","company matched to selected lookup listing","rounded-cap","","","565","https://stockanalysis.com/quote/ebr/XIOR/","https://query2.finance.yahoo.com/v8/finance/chart/XIOR.BR?interval=1d&range=1d","https://query2.finance.yahoo.com/v1/finance/search?q=XIOR&quotesCount=8&newsCount=0","https://stockanalysis.com/list/euronext-brussels/",""
"ZAL.DE","Zalando SE","ZALANDO SE","ZAL","Xetra","EUR","EUR","1","Consumer Cyclical","Internet Retail","Consommation discrétionnaire","5245902336","EUR","2026-09-16","quote date shown by market-cap source","provider raw value","2026-09-16","company matched to selected lookup listing","","","","566","https://finance.yahoo.com/quote/ZAL.DE/","https://finance.yahoo.com/quote/ZAL.DE/","https://finance.yahoo.com/quote/ZAL.DE/","https://finance.yahoo.com/quote/ZAL.DE/",""
"ZS","Zscaler, Inc.","Zscaler","ZS","Nasdaq Global Select Market","USD","USD","1","Technology","Software - Infrastructure","IT","31238021120","USD","2026-09-16","quote date shown by market-cap source","provider raw value","2026-09-16","company matched to selected lookup listing","","","","567","https://finance.yahoo.com/quote/ZS/","https://finance.yahoo.com/quote/ZS/","https://finance.yahoo.com/quote/ZS/","https://finance.yahoo.com/quote/ZS/",""
